prodcode,therapyevents,gemscriptcode,productname,drugsubstancename,substancestrength,formulation,routeofadministration,bnfcode,bnfheader,databasebuild
8172,30828,59924020,Acebutolol 100mg capsules,Acebutolol hydrochloride,100mg,Capsule,Oral,02040000,Beta-adrenoceptor Blocking Drugs,February 2009
65438,21,71696020,Acebutolol 100mg capsules (A A H Pharmaceuticals Ltd),Acebutolol hydrochloride,100mg,Capsule,Oral,02040000,Beta-adrenoceptor Blocking Drugs,February 2016
14126,832,59935020,Acebutolol 200mg / Hydrochlorothiazide 12.5mg tablets,Acebutolol hydrochloride/Hydrochlorothiazide,200mg + 12.5mg,Tablet,Oral,00000000,Unknown,February 2009
8113,40115,59925020,Acebutolol 200mg capsules,Acebutolol hydrochloride,200mg,Capsule,Oral,02040000,Beta-adrenoceptor Blocking Drugs,February 2009
7620,26621,59926020,Acebutolol 400mg tablets,Acebutolol hydrochloride,400mg,Tablet,Oral,02040000,Beta-adrenoceptor Blocking Drugs,February 2009
45309,7,71703020,Acebutolol 400mg tablets (A A H Pharmaceuticals Ltd),Acebutolol hydrochloride,400mg,Tablet,Oral,02040000,Beta-adrenoceptor Blocking Drugs,May 2011
3526,355,69296020,Amiloride with atenolol with hydrochlorothiazide capsules,Atenolol/Amiloride Hydrochloride/Hydrochlorothiazide,,Capsules,Oral,02020100/02040000,Thiazides And Related Diuretics/Beta-adrenoceptor Blocking Drugs,February 2009
30519,8,69277020,Amiloride with timolol with hydrochlorothiazide tablets,Timolol Maleate/Amiloride Hydrochloride/Hydrochlorothiazide,,Tablets,Oral,02020100/02040000,Thiazides And Related Diuretics/Beta-adrenoceptor Blocking Drugs,February 2009
28048,2,59466020,Angilol 10mg Tablet (DDSA Pharmaceuticals Ltd),Propranolol hydrochloride,10mg,Tablet,Oral,02030202/02040000,Supraventricular Arrhythmias/Beta-adrenoceptor Blocking Drugs,February 2009
31833,1,59468020,Angilol 80mg Tablet (DDSA Pharmaceuticals Ltd),Propranolol hydrochloride,80mg,Tablet,Oral,02030202/02040000,Supraventricular Arrhythmias/Beta-adrenoceptor Blocking Drugs,February 2009
24195,7872,68814020,Antipressan 100mg tablets (Teva UK Ltd),Atenolol,100mg,Tablet,Oral,02040000,Beta-adrenoceptor Blocking Drugs,February 2009
26211,1377,68815020,Antipressan 25mg tablets (Teva UK Ltd),Atenolol,25mg,Tablet,Oral,02040000,Beta-adrenoceptor Blocking Drugs,February 2009
24191,13275,68813020,Antipressan 50mg tablets (Teva UK Ltd),Atenolol,50mg,Tablet,Oral,02040000,Beta-adrenoceptor Blocking Drugs,February 2009
33836,1,57662020,Apsolol 160mg Tablet (Approved Prescription Services Ltd),Propranolol hydrochloride,160mg,Tablet,Oral,02030202/02040000,Supraventricular Arrhythmias/Beta-adrenoceptor Blocking Drugs,February 2009
27964,1,57658020,Apsolol 40mg Tablet (Approved Prescription Services Ltd),Propranolol hydrochloride,40mg,Tablet,Oral,02030202/02040000,Supraventricular Arrhythmias/Beta-adrenoceptor Blocking Drugs,February 2009
29398,317,86682020,Atenamin 100mg Tablet (OPD Pharm),Atenolol,100mg,Tablet,Oral,02040000,Beta-adrenoceptor Blocking Drugs,February 2009
20728,38,86680020,Atenamin 25mg Tablet (OPD Pharm),Atenolol,25mg,Tablet,Oral,02040000,Beta-adrenoceptor Blocking Drugs,February 2009
21133,30,86681020,Atenamin 50mg Tablet (OPD Pharm),Atenolol,50mg,Tablet,Oral,02040000,Beta-adrenoceptor Blocking Drugs,February 2009
20502,16462,72697020,Atenix 100 tablets (Ashbourne Pharmaceuticals Ltd),Atenolol,100mg,Tablet,Oral,02040000,Beta-adrenoceptor Blocking Drugs,February 2009
17322,9165,72698020,Atenix 25 tablets (Ashbourne Pharmaceuticals Ltd),Atenolol,25mg,Tablet,Oral,02040000,Beta-adrenoceptor Blocking Drugs,February 2009
10191,28903,72696020,Atenix 50 tablets (Ashbourne Pharmaceuticals Ltd),Atenolol,50mg,Tablet,Oral,02040000,Beta-adrenoceptor Blocking Drugs,February 2009
13526,4736,63763020,Atenix Co 100 tablets (Ashbourne Pharmaceuticals Ltd),Atenolol/Chlortalidone,100mg + 25mg,Tablet,Oral,02020100/02040000,Thiazides And Related Diuretics/Beta-adrenoceptor Blocking Drugs,February 2009
21873,3402,63762020,Atenix Co 50 tablets (Ashbourne Pharmaceuticals Ltd),Atenolol/Chlortalidone,50mg + 12.5mg,Tablet,Oral,02020100/02040000,Thiazides And Related Diuretics/Beta-adrenoceptor Blocking Drugs,February 2009
24677,4,!0394102,ATENOLOL,,,,,00000000,Unknown,February 2009
25037,0,!0394103,ATENOLOL,,,,,00000000,Unknown,February 2009
24,5435866,60152020,Atenolol 100mg tablets,Atenolol,100mg,Tablet,Oral,02040000,Beta-adrenoceptor Blocking Drugs,February 2009
33085,1482,51023020,Atenolol 100mg tablets (A A H Pharmaceuticals Ltd),Atenolol,100mg,Tablet,Oral,02040000,Beta-adrenoceptor Blocking Drugs,February 2009
46931,3,56837020,Atenolol 100mg tablets (Actavis UK Ltd),Atenolol,100mg,Tablet,Oral,02040000,Beta-adrenoceptor Blocking Drugs,March 2012
71026,0,70257020,Atenolol 100mg tablets (Almus Pharmaceuticals Ltd),Atenolol,100mg,Tablet,Oral,02040000,Beta-adrenoceptor Blocking Drugs,December 2017
31934,1969,55395020,Atenolol 100mg tablets (IVAX Pharmaceuticals UK Ltd),Atenolol,100mg,Tablet,Oral,02040000,Beta-adrenoceptor Blocking Drugs,February 2009
46908,6,56095020,Atenolol 100mg tablets (Kent Pharmaceuticals Ltd),Atenolol,100mg,Tablet,Oral,02040000,Beta-adrenoceptor Blocking Drugs,March 2012
33079,145,60233020,Atenolol 100mg tablets (Mylan),Atenolol,100mg,Tablet,Oral,02040000,Beta-adrenoceptor Blocking Drugs,February 2009
34754,199,51439020,Atenolol 100mg tablets (Sandoz Ltd),Atenolol,100mg,Tablet,Oral,02040000,Beta-adrenoceptor Blocking Drugs,February 2009
19191,2218,53707020,Atenolol 100mg tablets (Teva UK Ltd),Atenolol,100mg,Tablet,Oral,02040000,Beta-adrenoceptor Blocking Drugs,February 2009
33184,81,52914020,Atenolol 100mg tablets (Wockhardt UK Ltd),Atenolol,100mg,Tablet,Oral,02040000,Beta-adrenoceptor Blocking Drugs,February 2009
1788,219573,67598020,Atenolol 100mg with Chlortalidone 25mg tablets,Chlortalidone/Atenolol,100mg+25mg,Tablets,Oral,02020100/02040000,Thiazides And Related Diuretics/Beta-adrenoceptor Blocking Drugs,February 2009
9178,5877,83986020,Atenolol 25mg / Bendroflumethiazide 1.25mg capsules,Atenolol/Bendroflumethiazide,25mg + 1.25mg,Capsule,Oral,00000000,Unknown,February 2009
26,6977303,67920020,Atenolol 25mg tablets,Atenolol,25mg,Tablet,Oral,02040000,Beta-adrenoceptor Blocking Drugs,February 2009
33657,1181,51024020,Atenolol 25mg tablets (A A H Pharmaceuticals Ltd),Atenolol,25mg,Tablet,Oral,02040000,Beta-adrenoceptor Blocking Drugs,February 2009
59982,0,01012020,Atenolol 25mg tablets (Accord Healthcare Ltd),Atenolol,25mg,Tablet,Oral,02040000,Beta-adrenoceptor Blocking Drugs,May 2014
44858,54,56835020,Atenolol 25mg tablets (Actavis UK Ltd),Atenolol,25mg,Tablet,Oral,02040000,Beta-adrenoceptor Blocking Drugs,March 2011
50702,0,00998020,Atenolol 25mg tablets (Alliance Healthcare (Distribution) Ltd),Atenolol,25mg,Tablet,Oral,02040000,Beta-adrenoceptor Blocking Drugs,January 2013
47870,3,70250020,Atenolol 25mg tablets (Almus Pharmaceuticals Ltd),Atenolol,25mg,Tablet,Oral,02040000,Beta-adrenoceptor Blocking Drugs,October 2012
53826,0,01006020,Atenolol 25mg tablets (Boston Healthcare Ltd),Atenolol,25mg,Tablet,Oral,02040000,Beta-adrenoceptor Blocking Drugs,February 2013
49953,10,01009020,Atenolol 25mg tablets (Bristol Laboratories Ltd),Atenolol,25mg,Tablet,Oral,02040000,Beta-adrenoceptor Blocking Drugs,January 2013
52310,0,39793020,Atenolol 25mg tablets (Crescent Pharma Ltd),Atenolol,25mg,Tablet,Oral,02040000,Beta-adrenoceptor Blocking Drugs,January 2013
70135,0,16662021,Atenolol 25mg tablets (DE Pharmaceuticals),Atenolol,25mg,Tablet,Oral,02040000,Beta-adrenoceptor Blocking Drugs,September 2017
19172,4267,57790020,Atenolol 25mg tablets (IVAX Pharmaceuticals UK Ltd),Atenolol,25mg,Tablet,Oral,02040000,Beta-adrenoceptor Blocking Drugs,February 2009
31536,71,56093020,Atenolol 25mg tablets (Kent Pharmaceuticals Ltd),Atenolol,25mg,Tablet,Oral,02040000,Beta-adrenoceptor Blocking Drugs,February 2009
34492,182,60231020,Atenolol 25mg tablets (Mylan),Atenolol,25mg,Tablet,Oral,02040000,Beta-adrenoceptor Blocking Drugs,February 2009
34585,339,51440020,Atenolol 25mg tablets (Sandoz Ltd),Atenolol,25mg,Tablet,Oral,02040000,Beta-adrenoceptor Blocking Drugs,February 2009
53802,0,01007020,Atenolol 25mg tablets (Sigma Pharmaceuticals Plc),Atenolol,25mg,Tablet,Oral,02040000,Beta-adrenoceptor Blocking Drugs,February 2013
51998,0,01011020,Atenolol 25mg tablets (Strides Shasun (UK) Ltd),Atenolol,25mg,Tablet,Oral,02040000,Beta-adrenoceptor Blocking Drugs,January 2013
29368,597,53709020,Atenolol 25mg tablets (Teva UK Ltd),Atenolol,25mg,Tablet,Oral,02040000,Beta-adrenoceptor Blocking Drugs,February 2009
34976,29,59302020,Atenolol 25mg tablets (Tillomed Laboratories Ltd),Atenolol,25mg,Tablet,Oral,02040000,Beta-adrenoceptor Blocking Drugs,February 2009
62325,0,47104020,Atenolol 25mg tablets (Waymade Healthcare Plc),Atenolol,25mg,Tablet,Oral,02040000,Beta-adrenoceptor Blocking Drugs,February 2015
34575,358,52915020,Atenolol 25mg tablets (Wockhardt UK Ltd),Atenolol,25mg,Tablet,Oral,02040000,Beta-adrenoceptor Blocking Drugs,February 2009
54542,0,01008020,Atenolol 25mg tablets (Zanza Laboratories Ltd),Atenolol,25mg,Tablet,Oral,02040000,Beta-adrenoceptor Blocking Drugs,April 2013
61573,9,30311020,Atenolol 25mg/5ml oral solution,Atenolol,5mg/1ml,Oral solution,Oral,02040000,Beta-adrenoceptor Blocking Drugs,November 2014
6066,69912,67919020,Atenolol 25mg/5ml oral solution sugar free,Atenolol,5mg/1ml,Oral solution,Oral,02040000,Beta-adrenoceptor Blocking Drugs,February 2009
56445,0,77037020,Atenolol 25mg/5ml oral solution sugar free (A A H Pharmaceuticals Ltd),Atenolol,5mg/1ml,Oral solution,Oral,02040000,Beta-adrenoceptor Blocking Drugs,August 2013
51643,0,01013020,Atenolol 25mg/5ml oral solution sugar free (Alliance Healthcare (Distribution) Ltd),Atenolol,5mg/1ml,Oral solution,Oral,02040000,Beta-adrenoceptor Blocking Drugs,January 2013
4542,62815,68847020,Atenolol 50mg / Nifedipine 20mg modified-release capsules,Atenolol/Nifedipine,50mg + 20mg,Modified-release capsule,Oral,02040000/02060200,Beta-adrenoceptor Blocking Drugs/Calcium-channel Blockers,February 2009
34882,59,52909020,Atenolol 50mg Tablet (Berk Pharmaceuticals Ltd),Atenolol,50mg,Tablet,Oral,02040000,Beta-adrenoceptor Blocking Drugs,February 2009
5,15185026,60153020,Atenolol 50mg tablets,Atenolol,50mg,Tablet,Oral,02040000,Beta-adrenoceptor Blocking Drugs,February 2009
33092,838,51022020,Atenolol 50mg tablets (A A H Pharmaceuticals Ltd),Atenolol,50mg,Tablet,Oral,02040000,Beta-adrenoceptor Blocking Drugs,February 2009
53414,0,00985020,Atenolol 50mg tablets (Accord Healthcare Ltd),Atenolol,50mg,Tablet,Oral,02040000,Beta-adrenoceptor Blocking Drugs,January 2013
33850,103,56836020,Atenolol 50mg tablets (Actavis UK Ltd),Atenolol,50mg,Tablet,Oral,02040000,Beta-adrenoceptor Blocking Drugs,February 2009
53204,0,00973020,Atenolol 50mg tablets (Alliance Healthcare (Distribution) Ltd),Atenolol,50mg,Tablet,Oral,02040000,Beta-adrenoceptor Blocking Drugs,January 2013
52500,0,70253020,Atenolol 50mg tablets (Almus Pharmaceuticals Ltd),Atenolol,50mg,Tablet,Oral,02040000,Beta-adrenoceptor Blocking Drugs,January 2013
59695,0,00980020,Atenolol 50mg tablets (Boston Healthcare Ltd),Atenolol,50mg,Tablet,Oral,02040000,Beta-adrenoceptor Blocking Drugs,April 2014
53215,62,00982020,Atenolol 50mg tablets (Bristol Laboratories Ltd),Atenolol,50mg,Tablet,Oral,02040000,Beta-adrenoceptor Blocking Drugs,January 2013
66548,0,16660021,Atenolol 50mg tablets (DE Pharmaceuticals),Atenolol,50mg,Tablet,Oral,02040000,Beta-adrenoceptor Blocking Drugs,June 2016
19182,3848,55394020,Atenolol 50mg tablets (IVAX Pharmaceuticals UK Ltd),Atenolol,50mg,Tablet,Oral,02040000,Beta-adrenoceptor Blocking Drugs,February 2009
34695,35,56094020,Atenolol 50mg tablets (Kent Pharmaceuticals Ltd),Atenolol,50mg,Tablet,Oral,02040000,Beta-adrenoceptor Blocking Drugs,February 2009
33650,638,60232020,Atenolol 50mg tablets (Mylan),Atenolol,50mg,Tablet,Oral,02040000,Beta-adrenoceptor Blocking Drugs,February 2009
55778,0,00983020,Atenolol 50mg tablets (Phoenix Healthcare Distribution Ltd),Atenolol,50mg,Tablet,Oral,02040000,Beta-adrenoceptor Blocking Drugs,June 2013
34265,545,51438020,Atenolol 50mg tablets (Sandoz Ltd),Atenolol,50mg,Tablet,Oral,02040000,Beta-adrenoceptor Blocking Drugs,February 2009
64973,0,52168021,Atenolol 50mg tablets (Sigma Pharmaceuticals Plc),Atenolol,50mg,Tablet,Oral,02040000,Beta-adrenoceptor Blocking Drugs,December 2015
54752,0,00984020,Atenolol 50mg tablets (Strides Shasun (UK) Ltd),Atenolol,50mg,Tablet,Oral,02040000,Beta-adrenoceptor Blocking Drugs,April 2013
34365,8110,53708020,Atenolol 50mg tablets (Teva UK Ltd),Atenolol,50mg,Tablet,Oral,02040000,Beta-adrenoceptor Blocking Drugs,February 2009
36261,15,59303020,Atenolol 50mg tablets (Tillomed Laboratories Ltd),Atenolol,50mg,Tablet,Oral,02040000,Beta-adrenoceptor Blocking Drugs,February 2009
34443,236,52913020,Atenolol 50mg tablets (Wockhardt UK Ltd),Atenolol,50mg,Tablet,Oral,02040000,Beta-adrenoceptor Blocking Drugs,February 2009
57817,3,74385020,Atenolol 50mg tablets (Zentiva),Atenolol,50mg,Tablet,Oral,02040000,Beta-adrenoceptor Blocking Drugs,December 2013
581,196879,67597020,Atenolol 50mg with Chlortalidone 12.5mg tablets,Chlortalidone/Atenolol,50mg+12.5mg,Tablets,Oral,02020100/02040000,Thiazides And Related Diuretics/Beta-adrenoceptor Blocking Drugs,February 2009
69526,1,30663020,Atenolol 50mg/5ml oral solution,Atenolol,10mg/1ml,Oral solution,Oral,02040000,Beta-adrenoceptor Blocking Drugs,May 2017
197,569,60300020,Atenolol 5mg/10ml solution for injection ampoules,Atenolol,500microgram/1ml,Solution for injection,Intravenous,02040000,Beta-adrenoceptor Blocking Drugs,February 2009
4983,8333,68844020,Atenolol with amiloride and hydrochlorothiazide capsules,Atenolol/Amiloride Hydrochloride/Hydrochlorothiazide,,Capsules,Oral,02020100/02040000,Thiazides And Related Diuretics/Beta-adrenoceptor Blocking Drugs,February 2009
8765,476,05317007,ATENOLOL/CHLORTHALIDONE 50 MG TAB,,,,,00000000,Unknown,February 2009
52136,73,69495020,Bedranol sr 160mg Capsule (Lagap),Propranolol hydrochloride,160mg,Modified-release capsule,Oral,02040000/04070402,Beta-adrenoceptor Blocking Drugs/Prophylaxis Of Migraine,January 2013
47907,222,00538021,Bedranol SR 160mg capsules (Almus Pharmaceuticals Ltd),Propranolol hydrochloride,160mg,Modified-release capsule,Oral,02040000/04070402/04090300/06020200,"Beta-adrenoceptor Blocking Drugs/Prophylaxis Of Migraine/Drugs For Essential Tremor, Chorea, Tics, And Related Disorders/Antithyroid Drugs",October 2012
28996,174,87099020,Bedranol SR 160mg capsules (Sandoz Ltd),Propranolol hydrochloride,160mg,Modified-release capsule,Oral,02040000/04070402/04090300/06020200,"Beta-adrenoceptor Blocking Drugs/Prophylaxis Of Migraine/Drugs For Essential Tremor, Chorea, Tics, And Related Disorders/Antithyroid Drugs",February 2009
19810,3,06374007,BEDRANOL SR 80 MG CAP,,,,,00000000,Unknown,February 2009
47833,36,00536021,Bedranol SR 80mg capsules (Almus Pharmaceuticals Ltd),Propranolol hydrochloride,80mg,Modified-release capsule,Oral,00000000,Unknown,September 2012
57063,2333,00957020,Bedranol SR 80mg capsules (Almus Pharmaceuticals Ltd),Propranolol hydrochloride,80mg,Modified-release capsule,Oral,02040000/04070402/04090300/06020200,"Beta-adrenoceptor Blocking Drugs/Prophylaxis Of Migraine/Drugs For Essential Tremor, Chorea, Tics, And Related Disorders/Antithyroid Drugs",September 2013
14808,2001,55786020,Bedranol SR 80mg capsules (Sandoz Ltd),Propranolol hydrochloride,80mg,Modified-release capsule,Oral,02040000/04070402/04090300/06020200,"Beta-adrenoceptor Blocking Drugs/Prophylaxis Of Migraine/Drugs For Essential Tremor, Chorea, Tics, And Related Disorders/Antithyroid Drugs",February 2009
22912,83,67620020,Bendroflumethiazide 2.5mg with Propanolol 80mg capsules,Propranolol Hydrochloride/Bendroflumethiazide,2.5mg + 80mg,Capsules,Oral,02020100/02040000,Thiazides And Related Diuretics/Beta-adrenoceptor Blocking Drugs,February 2009
19142,741,67631020,Bendroflumethiazide 2.5mg with Timolol maleate 10mg tablets,Timolol Maleate/Bendroflumethiazide,2.5mg + 10mg,Tablets,Oral,02020100/02040000,Thiazides And Related Diuretics/Beta-adrenoceptor Blocking Drugs,February 2009
11338,79,67627020,Bendroflumethiazide 5mg with Nadolol 40mg tablets,Nadolol/Bendroflumethiazide,5mg + 40mg,Tablets,Oral,02020100/02040000,Thiazides And Related Diuretics/Beta-adrenoceptor Blocking Drugs,February 2009
69334,2,67628020,Bendroflumethiazide 5mg with Nadolol 80mg tablets,Nadolol/Bendroflumethiazide,,,,02020100/02040000,Thiazides And Related Diuretics/Beta-adrenoceptor Blocking Drugs,May 2017
23131,6,67621020,Bendroflumethiazide 5mg with Propanolol 160mg modified-release capsules,Propranolol Hydrochloride/Bendroflumethiazide,5mg + 160mg,Modified Release Capsules,Oral,02020100/02040000,Thiazides And Related Diuretics/Beta-adrenoceptor Blocking Drugs,February 2009
12495,2890,54821020,Berkolol 10mg Tablet (Berk Pharmaceuticals Ltd),Propranolol hydrochloride,10mg,Tablet,Oral,02030202/02040000,Supraventricular Arrhythmias/Beta-adrenoceptor Blocking Drugs,February 2009
24218,28,54826020,Berkolol 160mg Tablet (Berk Pharmaceuticals Ltd),Propranolol hydrochloride,160mg,Tablet,Oral,02030202/02040000,Supraventricular Arrhythmias/Beta-adrenoceptor Blocking Drugs,February 2009
21866,4443,54822020,Berkolol 40mg Tablet (Berk Pharmaceuticals Ltd),Propranolol hydrochloride,40mg,Tablet,Oral,02030202/02040000,Supraventricular Arrhythmias/Beta-adrenoceptor Blocking Drugs,February 2009
21839,1194,54823020,Berkolol 80mg Tablet (Berk Pharmaceuticals Ltd),Propranolol hydrochloride,80mg,Tablet,Oral,02030202/02040000,Supraventricular Arrhythmias/Beta-adrenoceptor Blocking Drugs,February 2009
1684,69282,68629020,Beta-Adalat modified-release capsules (Bayer Plc),Atenolol/Nifedipine,50mg + 20mg,Modified-release capsule,Oral,02040000/02060200,Beta-adrenoceptor Blocking Drugs/Calcium-channel Blockers,February 2009
52728,0,01077020,Beta-Adalat modified-release capsules (Lexon (UK) Ltd),Atenolol/Nifedipine,50mg + 20mg,Modified-release capsule,Oral,02040000/02060200,Beta-adrenoceptor Blocking Drugs/Calcium-channel Blockers,January 2013
68020,0,01075020,Beta-Adalat modified-release capsules (Sigma Pharmaceuticals Plc),Atenolol/Nifedipine,50mg + 20mg,Modified-release capsule,Oral,02040000/02060200,Beta-adrenoceptor Blocking Drugs/Calcium-channel Blockers,October 2016
61719,201,01072020,Beta-Adalat modified-release capsules (Waymade Healthcare Plc),Atenolol/Nifedipine,50mg + 20mg,Modified-release capsule,Oral,02040000/02060200,Beta-adrenoceptor Blocking Drugs/Calcium-channel Blockers,November 2014
23326,198,71607020,Betadur cr 160mg Modified-release capsule (Monmouth Pharmaceuticals Ltd),Propranolol hydrochloride,160mg,Modified-release capsule,Oral,02040000/04070402,Beta-adrenoceptor Blocking Drugs/Prophylaxis Of Migraine,February 2009
3344,28829,48397020,Betaloc 100mg tablets (AstraZeneca UK Ltd),Metoprolol tartrate,100mg,Tablet,Oral,02040000/04070402,Beta-adrenoceptor Blocking Drugs/Prophylaxis Of Migraine,February 2009
8071,59584,48396020,Betaloc 50mg tablets (AstraZeneca UK Ltd),Metoprolol tartrate,50mg,Tablet,Oral,02040000/04070402,Beta-adrenoceptor Blocking Drugs/Prophylaxis Of Migraine,February 2009
24461,4,53655020,Betaloc I.V. 5mg/5ml solution for injection ampoules (AstraZeneca UK Ltd),Metoprolol tartrate,1mg/1ml,Solution for injection,Intravenous,02040000,Beta-adrenoceptor Blocking Drugs,February 2009
20813,274,!0681101,BETALOC S.A.,,,,,00000000,Unknown,February 2009
24378,34,!0681102,BETALOC S.A. (CALENDAR PACK),,,,,00000000,Unknown,February 2009
3474,27638,53660020,Betaloc-SA 200mg tablets (AstraZeneca UK Ltd),Metoprolol tartrate,200mg,Modified-release tablet,Oral,02040000/04070402,Beta-adrenoceptor Blocking Drugs/Prophylaxis Of Migraine,February 2009
54623,157,99279020,Beta-Prograne 160mg modified-release capsules (Actavis UK Ltd),Propranolol hydrochloride,160mg,Modified-release capsule,Oral,02040000/04070402/04090300/06020200,"Beta-adrenoceptor Blocking Drugs/Prophylaxis Of Migraine/Drugs For Essential Tremor, Chorea, Tics, And Related Disorders/Antithyroid Drugs",April 2013
45877,14,99275020,Beta-Prograne 160mg modified-release capsules (Teva UK Ltd),Propranolol hydrochloride,160mg,Modified-release capsule,Oral,02040000/04070402/04090300/06020200,"Beta-adrenoceptor Blocking Drugs/Prophylaxis Of Migraine/Drugs For Essential Tremor, Chorea, Tics, And Related Disorders/Antithyroid Drugs",August 2011
26229,657,56515020,Beta-Prograne 160mg modified-release capsules (Tillomed Laboratories Ltd),Propranolol hydrochloride,160mg,Modified-release capsule,Oral,02040000/04070402/04090300/06020200,"Beta-adrenoceptor Blocking Drugs/Prophylaxis Of Migraine/Drugs For Essential Tremor, Chorea, Tics, And Related Disorders/Antithyroid Drugs",February 2009
12037,4715,48400020,Betim 10mg Tablet (ICN Pharmaceuticals France S.A.),Timolol maleate,10mg,Tablet,Oral,02040000/04070402,Beta-adrenoceptor Blocking Drugs/Prophylaxis Of Migraine,February 2009
29610,455,88268020,Betim 10mg tablets (Meda Pharmaceuticals Ltd),Timolol maleate,10mg,Tablet,Oral,02040000/04070402,Beta-adrenoceptor Blocking Drugs/Prophylaxis Of Migraine,February 2009
21905,40,86502020,Bipranix 10mg tablets (Ashbourne Pharmaceuticals Ltd),Bisoprolol fumarate,10mg,Tablet,Oral,02040000/02050000/02100100,Beta-adrenoceptor Blocking Drugs/Hypertension And Heart Failure/Management Of Myocardial Infarction,February 2009
21966,219,86500020,Bipranix 5mg tablets (Ashbourne Pharmaceuticals Ltd),Bisoprolol fumarate,5mg,Tablet,Oral,02040000/02050000/02100100,Beta-adrenoceptor Blocking Drugs/Hypertension And Heart Failure/Management Of Myocardial Infarction,February 2009
39646,494,96562020,Bisoprolol 0.625mg/5ml oral solution,Bisoprolol Fumarate,0.625mg/5ml,Oral Liquid,Oral,02040000,Beta-adrenoceptor Blocking Drugs,May 2009
50403,0,73571020,Bisoprolol 1.25mg Tablet (Teva UK Ltd),Bisoprolol fumarate,1.25mg,Tablet,Oral,02040000,Beta-adrenoceptor Blocking Drugs,January 2013
599,2498810,68440020,Bisoprolol 1.25mg tablets,Bisoprolol fumarate,1.25mg,Tablet,Oral,02040000/02050000,Beta-adrenoceptor Blocking Drugs/Hypertension And Heart Failure,February 2009
53885,0,74139020,Bisoprolol 1.25mg tablets (A A H Pharmaceuticals Ltd),Bisoprolol fumarate,1.25mg,Tablet,Oral,02040000/02050000,Beta-adrenoceptor Blocking Drugs/Hypertension And Heart Failure,February 2013
51528,0,40504020,Bisoprolol 1.25mg tablets (Actavis UK Ltd),Bisoprolol fumarate,1.25mg,Tablet,Oral,02040000/02050000,Beta-adrenoceptor Blocking Drugs/Hypertension And Heart Failure,January 2013
54479,70,01103020,Bisoprolol 1.25mg tablets (Alliance Healthcare (Distribution) Ltd),Bisoprolol fumarate,1.25mg,Tablet,Oral,02040000/02050000,Beta-adrenoceptor Blocking Drugs/Hypertension And Heart Failure,April 2013
52548,0,78457020,Bisoprolol 1.25mg tablets (Almus Pharmaceuticals Ltd),Bisoprolol fumarate,1.25mg,Tablet,Oral,00000000,Unknown,January 2013
62361,0,01109020,Bisoprolol 1.25mg tablets (Chanelle Medical UK Ltd),Bisoprolol fumarate,1.25mg,Tablet,Oral,02040000/02050000,Beta-adrenoceptor Blocking Drugs/Hypertension And Heart Failure,February 2015
60761,0,15611021,Bisoprolol 1.25mg tablets (Medreich Plc),Bisoprolol fumarate,1.25mg,Tablet,Oral,02040000/02050000,Beta-adrenoceptor Blocking Drugs/Hypertension And Heart Failure,August 2014
43251,4,75323020,Bisoprolol 1.25mg tablets (Mylan),Bisoprolol fumarate,1.25mg,Tablet,Oral,02040000/02050000,Beta-adrenoceptor Blocking Drugs/Hypertension And Heart Failure,August 2010
58511,88,40503020,Bisoprolol 1.25mg tablets (Sandoz Ltd),Bisoprolol fumarate,1.25mg,Tablet,Oral,02040000/02050000,Beta-adrenoceptor Blocking Drugs/Hypertension And Heart Failure,January 2014
59495,48,43811020,Bisoprolol 1.25mg tablets (Teva UK Ltd),Bisoprolol fumarate,1.25mg,Tablet,Oral,02040000/02050000,Beta-adrenoceptor Blocking Drugs/Hypertension And Heart Failure,April 2014
65805,0,47115020,Bisoprolol 1.25mg tablets (Waymade Healthcare Plc),Bisoprolol fumarate,1.25mg,Tablet,Oral,02040000/02050000,Beta-adrenoceptor Blocking Drugs/Hypertension And Heart Failure,March 2016
57626,2,19127020,Bisoprolol 1.25mg/5ml oral solution,Bisoprolol fumarate,250microgram/1ml,Oral solution,Oral,02040000/02050000,Beta-adrenoceptor Blocking Drugs/Hypertension And Heart Failure,October 2013
58109,30,19125020,Bisoprolol 1.25mg/5ml oral suspension,Bisoprolol fumarate,250microgram/1ml,Oral suspension,Oral,02040000/02050000,Beta-adrenoceptor Blocking Drugs/Hypertension And Heart Failure,December 2013
822,74,91125020,Bisoprolol 1.5mg/5ml oral suspension,Bisoprolol Fumarate,1.5mg/5ml,Oral Suspension,Oral,02040000,Beta-adrenoceptor Blocking Drugs,February 2009
67124,0,44188021,Bisoprolol 10mg / Aspirin 75mg capsules,Bisoprolol fumarate/Aspirin,10mg + 75mg,Capsule,Oral,02040000/02090000,Beta-adrenoceptor Blocking Drugs/Antiplatelet Drugs,August 2016
17462,727,75023020,Bisoprolol 10mg / Hydrochlorothiazide 6.25mg tablets,Bisoprolol fumarate/Hydrochlorothiazide,10mg + 6.25mg,Tablet,Oral,00000000,Unknown,February 2009
1290,1921983,68439020,Bisoprolol 10mg tablets,Bisoprolol fumarate,10mg,Tablet,Oral,02040000/02050000,Beta-adrenoceptor Blocking Drugs/Hypertension And Heart Failure,February 2009
53334,33,62943020,Bisoprolol 10mg tablets (A A H Pharmaceuticals Ltd),Bisoprolol fumarate,10mg,Tablet,Oral,02040000/02050000,Beta-adrenoceptor Blocking Drugs/Hypertension And Heart Failure,January 2013
57176,2,45145020,Bisoprolol 10mg tablets (Accord Healthcare Ltd),Bisoprolol fumarate,10mg,Tablet,Oral,02040000/02050000,Beta-adrenoceptor Blocking Drugs/Hypertension And Heart Failure,September 2013
33839,171,62689020,Bisoprolol 10mg tablets (Actavis UK Ltd),Bisoprolol fumarate,10mg,Tablet,Oral,02040000/02050000,Beta-adrenoceptor Blocking Drugs/Hypertension And Heart Failure,February 2009
58982,0,38487020,Bisoprolol 10mg tablets (Medreich Plc),Bisoprolol fumarate,10mg,Tablet,Oral,02040000/02050000,Beta-adrenoceptor Blocking Drugs/Hypertension And Heart Failure,March 2014
34821,267,62677020,Bisoprolol 10mg tablets (Mylan),Bisoprolol fumarate,10mg,Tablet,Oral,02040000/02050000,Beta-adrenoceptor Blocking Drugs/Hypertension And Heart Failure,February 2009
58973,3,63965020,Bisoprolol 10mg tablets (Niche Generics Ltd),Bisoprolol fumarate,10mg,Tablet,Oral,02040000/02050000,Beta-adrenoceptor Blocking Drugs/Hypertension And Heart Failure,March 2014
19178,294,62996020,Bisoprolol 10mg tablets (Ranbaxy (UK) Ltd),Bisoprolol fumarate,10mg,Tablet,Oral,02040000/02050000,Beta-adrenoceptor Blocking Drugs/Hypertension And Heart Failure,February 2009
55298,0,01097020,Bisoprolol 10mg tablets (Sigma Pharmaceuticals Plc),Bisoprolol fumarate,10mg,Tablet,Oral,02040000/02050000,Beta-adrenoceptor Blocking Drugs/Hypertension And Heart Failure,May 2013
41591,319,62682020,Bisoprolol 10mg tablets (Teva UK Ltd),Bisoprolol fumarate,10mg,Tablet,Oral,02040000/02050000,Beta-adrenoceptor Blocking Drugs/Hypertension And Heart Failure,March 2010
52611,11,31454020,Bisoprolol 10mg/5ml oral solution,Bisoprolol fumarate,2mg/1ml,Oral solution,Oral,02040000/02050000,Beta-adrenoceptor Blocking Drugs/Hypertension And Heart Failure,January 2013
37837,32,73574020,Bisoprolol 2.5mg Tablet (Teva UK Ltd),Bisoprolol fumarate,2.5mg,Tablet,Oral,02040000,Beta-adrenoceptor Blocking Drugs,February 2009
594,4611917,83178020,Bisoprolol 2.5mg tablets,Bisoprolol fumarate,2.5mg,Tablet,Oral,02040000/02050000,Beta-adrenoceptor Blocking Drugs/Hypertension And Heart Failure,February 2009
37118,202,73449020,Bisoprolol 2.5mg tablets (A A H Pharmaceuticals Ltd),Bisoprolol fumarate,2.5mg,Tablet,Oral,02040000/02050000,Beta-adrenoceptor Blocking Drugs/Hypertension And Heart Failure,February 2009
56459,4,45146020,Bisoprolol 2.5mg tablets (Accord Healthcare Ltd),Bisoprolol fumarate,2.5mg,Tablet,Oral,02040000/02050000,Beta-adrenoceptor Blocking Drugs/Hypertension And Heart Failure,August 2013
63493,0,77726020,Bisoprolol 2.5mg tablets (Actavis UK Ltd),Bisoprolol fumarate,2.5mg,Tablet,Oral,02040000/02050000,Beta-adrenoceptor Blocking Drugs/Hypertension And Heart Failure,June 2015
58974,0,01116020,Bisoprolol 2.5mg tablets (Alliance Healthcare (Distribution) Ltd),Bisoprolol fumarate,2.5mg,Tablet,Oral,02040000/02050000,Beta-adrenoceptor Blocking Drugs/Hypertension And Heart Failure,March 2014
53916,0,78463020,Bisoprolol 2.5mg tablets (Almus Pharmaceuticals Ltd),Bisoprolol fumarate,2.5mg,Tablet,Oral,00000000,Unknown,February 2013
57023,0,01125020,Bisoprolol 2.5mg tablets (Almus Pharmaceuticals Ltd),Bisoprolol fumarate,2.5mg,Tablet,Oral,02040000/02050000,Beta-adrenoceptor Blocking Drugs/Hypertension And Heart Failure,September 2013
50514,1,01122020,Bisoprolol 2.5mg tablets (Chanelle Medical UK Ltd),Bisoprolol fumarate,2.5mg,Tablet,Oral,02040000/02050000,Beta-adrenoceptor Blocking Drugs/Hypertension And Heart Failure,January 2013
64850,0,38489020,Bisoprolol 2.5mg tablets (DE Pharmaceuticals),Bisoprolol fumarate,2.5mg,Tablet,Oral,02040000/02050000,Beta-adrenoceptor Blocking Drugs/Hypertension And Heart Failure,December 2015
58498,64,15612021,Bisoprolol 2.5mg tablets (Medreich Plc),Bisoprolol fumarate,2.5mg,Tablet,Oral,02040000/02050000,Beta-adrenoceptor Blocking Drugs/Hypertension And Heart Failure,January 2014
47041,59,75328020,Bisoprolol 2.5mg tablets (Mylan),Bisoprolol fumarate,2.5mg,Tablet,Oral,02040000/02050000,Beta-adrenoceptor Blocking Drugs/Hypertension And Heart Failure,April 2012
56768,21,77972020,Bisoprolol 2.5mg tablets (Niche Generics Ltd),Bisoprolol fumarate,2.5mg,Tablet,Oral,02040000/02050000,Beta-adrenoceptor Blocking Drugs/Hypertension And Heart Failure,August 2013
53664,21,40505020,Bisoprolol 2.5mg tablets (Sandoz Ltd),Bisoprolol fumarate,2.5mg,Tablet,Oral,02040000/02050000,Beta-adrenoceptor Blocking Drugs/Hypertension And Heart Failure,February 2013
63850,20,43812020,Bisoprolol 2.5mg tablets (Teva UK Ltd),Bisoprolol fumarate,2.5mg,Tablet,Oral,02040000/02050000,Beta-adrenoceptor Blocking Drugs/Hypertension And Heart Failure,July 2015
58763,1,47116020,Bisoprolol 2.5mg tablets (Waymade Healthcare Plc),Bisoprolol fumarate,2.5mg,Tablet,Oral,02040000/02050000,Beta-adrenoceptor Blocking Drugs/Hypertension And Heart Failure,February 2014
59148,16,41897020,Bisoprolol 2.5mg tablets (Zentiva),Bisoprolol fumarate,2.5mg,Tablet,Oral,02040000/02050000,Beta-adrenoceptor Blocking Drugs/Hypertension And Heart Failure,March 2014
52686,124,31458020,Bisoprolol 2.5mg/5ml oral solution,Bisoprolol fumarate,500microgram/1ml,Oral solution,Oral,02040000/02050000,Beta-adrenoceptor Blocking Drugs/Hypertension And Heart Failure,January 2013
44000,746,98730020,Bisoprolol 2.5mg/5ml oral suspension,Bisoprolol fumarate,500microgram/1ml,Oral suspension,Oral,02040000/02050000,Beta-adrenoceptor Blocking Drugs/Hypertension And Heart Failure,December 2010
7091,350136,83179020,Bisoprolol 3.75mg tablets,Bisoprolol fumarate,3.75mg,Tablet,Oral,02040000/02050000,Beta-adrenoceptor Blocking Drugs/Hypertension And Heart Failure,February 2009
55791,0,40507020,Bisoprolol 3.75mg tablets (Actavis UK Ltd),Bisoprolol fumarate,3.75mg,Tablet,Oral,02040000/02050000,Beta-adrenoceptor Blocking Drugs/Hypertension And Heart Failure,June 2013
60502,0,38490020,Bisoprolol 3.75mg tablets (DE Pharmaceuticals),Bisoprolol fumarate,3.75mg,Tablet,Oral,02040000/02050000,Beta-adrenoceptor Blocking Drugs/Hypertension And Heart Failure,July 2014
69156,0,15613021,Bisoprolol 3.75mg tablets (Medreich Plc),Bisoprolol fumarate,3.75mg,Tablet,Oral,02040000/02050000,Beta-adrenoceptor Blocking Drugs/Hypertension And Heart Failure,April 2017
56240,37,40506020,Bisoprolol 3.75mg tablets (Sandoz Ltd),Bisoprolol fumarate,3.75mg,Tablet,Oral,02040000/02050000,Beta-adrenoceptor Blocking Drugs/Hypertension And Heart Failure,August 2013
64538,0,77787020,Bisoprolol 3.75mg tablets (Teva UK Ltd),Bisoprolol fumarate,3.75mg,Tablet,Oral,02040000/02050000,Beta-adrenoceptor Blocking Drugs/Hypertension And Heart Failure,October 2015
61564,0,47117020,Bisoprolol 3.75mg tablets (Waymade Healthcare Plc),Bisoprolol fumarate,3.75mg,Tablet,Oral,02040000/02050000,Beta-adrenoceptor Blocking Drugs/Hypertension And Heart Failure,November 2014
65027,1,44190021,Bisoprolol 5mg / Aspirin 100mg capsules,Aspirin/Bisoprolol fumarate,100mg + 5mg,Capsule,Oral,02040000/02090000,Beta-adrenoceptor Blocking Drugs/Antiplatelet Drugs,December 2015
43564,26,62726020,Bisoprolol 5mg Tablet (PLIVA Pharma Ltd),Bisoprolol fumarate,5mg,Tablet,Oral,02040000,Beta-adrenoceptor Blocking Drugs,September 2010
472,3962784,68438020,Bisoprolol 5mg tablets,Bisoprolol fumarate,5mg,Tablet,Oral,02040000/02050000,Beta-adrenoceptor Blocking Drugs/Hypertension And Heart Failure,February 2009
59037,5,62942020,Bisoprolol 5mg tablets (A A H Pharmaceuticals Ltd),Bisoprolol fumarate,5mg,Tablet,Oral,02040000/02050000,Beta-adrenoceptor Blocking Drugs/Hypertension And Heart Failure,March 2014
55929,0,45144020,Bisoprolol 5mg tablets (Accord Healthcare Ltd),Bisoprolol fumarate,5mg,Tablet,Oral,02040000/02050000,Beta-adrenoceptor Blocking Drugs/Hypertension And Heart Failure,August 2013
34963,53,62688020,Bisoprolol 5mg tablets (Actavis UK Ltd),Bisoprolol fumarate,5mg,Tablet,Oral,02040000/02050000,Beta-adrenoceptor Blocking Drugs/Hypertension And Heart Failure,February 2009
52635,0,01082020,Bisoprolol 5mg tablets (Alliance Healthcare (Distribution) Ltd),Bisoprolol fumarate,5mg,Tablet,Oral,02040000/02050000,Beta-adrenoceptor Blocking Drugs/Hypertension And Heart Failure,January 2013
59969,42,01090020,Bisoprolol 5mg tablets (Almus Pharmaceuticals Ltd),Bisoprolol fumarate,5mg,Tablet,Oral,02040000/02050000,Beta-adrenoceptor Blocking Drugs/Hypertension And Heart Failure,May 2014
61340,0,38485020,Bisoprolol 5mg tablets (DE Pharmaceuticals),Bisoprolol fumarate,5mg,Tablet,Oral,02040000/02050000,Beta-adrenoceptor Blocking Drugs/Hypertension And Heart Failure,October 2014
19200,22,63135020,Bisoprolol 5mg tablets (IVAX Pharmaceuticals UK Ltd),Bisoprolol fumarate,5mg,Tablet,Oral,02040000/02050000,Beta-adrenoceptor Blocking Drugs/Hypertension And Heart Failure,February 2009
60896,0,38486020,Bisoprolol 5mg tablets (Medreich Plc),Bisoprolol fumarate,5mg,Tablet,Oral,02040000/02050000,Beta-adrenoceptor Blocking Drugs/Hypertension And Heart Failure,August 2014
32114,169,62676020,Bisoprolol 5mg tablets (Mylan),Bisoprolol fumarate,5mg,Tablet,Oral,02040000/02050000,Beta-adrenoceptor Blocking Drugs/Hypertension And Heart Failure,February 2009
64784,0,63960020,Bisoprolol 5mg tablets (Niche Generics Ltd),Bisoprolol fumarate,5mg,Tablet,Oral,02040000/02050000,Beta-adrenoceptor Blocking Drugs/Hypertension And Heart Failure,November 2015
63535,0,01085020,Bisoprolol 5mg tablets (Relonchem Ltd),Bisoprolol fumarate,5mg,Tablet,Oral,02040000/02050000,Beta-adrenoceptor Blocking Drugs/Hypertension And Heart Failure,June 2015
57934,23,67815020,Bisoprolol 5mg tablets (Sandoz Ltd),Bisoprolol fumarate,5mg,Tablet,Oral,02040000/02050000,Beta-adrenoceptor Blocking Drugs/Hypertension And Heart Failure,December 2013
24083,294,62681020,Bisoprolol 5mg tablets (Teva UK Ltd),Bisoprolol fumarate,5mg,Tablet,Oral,02040000/02050000,Beta-adrenoceptor Blocking Drugs/Hypertension And Heart Failure,February 2009
71472,0,47113020,Bisoprolol 5mg tablets (Waymade Healthcare Plc),Bisoprolol fumarate,5mg,Tablet,Oral,02040000/02050000,Beta-adrenoceptor Blocking Drugs/Hypertension And Heart Failure,January 2018
61115,30,19119020,Bisoprolol 5mg/5ml oral solution,Bisoprolol fumarate,1mg/1ml,Oral solution,Oral,02040000/02050000,Beta-adrenoceptor Blocking Drugs/Hypertension And Heart Failure,September 2014
7553,131,90711020,Bisoprolol 5mg/5ml oral suspension,Bisoprolol fumarate,1mg/1ml,Oral suspension,Oral,02040000/02050000,Beta-adrenoceptor Blocking Drugs/Hypertension And Heart Failure,February 2009
5713,391129,83180020,Bisoprolol 7.5mg tablets,Bisoprolol fumarate,7.5mg,Tablet,Oral,02040000/02050000,Beta-adrenoceptor Blocking Drugs/Hypertension And Heart Failure,February 2009
38991,1,75624020,Bisoprolol 7.5mg tablets (A A H Pharmaceuticals Ltd),Bisoprolol fumarate,7.5mg,Tablet,Oral,02040000/02050000,Beta-adrenoceptor Blocking Drugs/Hypertension And Heart Failure,February 2009
61651,1,01149020,Bisoprolol 7.5mg tablets (Almus Pharmaceuticals Ltd),Bisoprolol fumarate,7.5mg,Tablet,Oral,02040000/02050000,Beta-adrenoceptor Blocking Drugs/Hypertension And Heart Failure,November 2014
58455,20,40508020,Bisoprolol 7.5mg tablets (Sandoz Ltd),Bisoprolol fumarate,7.5mg,Tablet,Oral,02040000/02050000,Beta-adrenoceptor Blocking Drugs/Hypertension And Heart Failure,December 2013
65821,2,35421020,Bisoprolol 7.5mg/5ml oral suspension,Bisoprolol fumarate,1.5mg/1ml,Oral suspension,Oral,02040000/02050000,Beta-adrenoceptor Blocking Drugs/Hypertension And Heart Failure,March 2016
62407,0,94413020,Bisoprolol oral solution,Bisoprolol Fumarate,,,,02040000,Beta-adrenoceptor Blocking Drugs,February 2015
7852,7169,54409020,Blocadren 10mg Tablet (Merck Sharp & Dohme Ltd),Timolol maleate,10mg,Tablet,Oral,02040000/04070402,Beta-adrenoceptor Blocking Drugs/Prophylaxis Of Migraine,February 2009
32135,1,56706020,Brevibloc Concentrate 2.5g/10ml solution for infusion ampoules (Baxter Healthcare Ltd),Esmolol hydrochloride,250mg/1ml,Solution for infusion,Intravenous,00000000,Unknown,February 2009
26922,1,56705020,Brevibloc Premixed 100mg/10ml solution for injection vials (Baxter Healthcare Ltd),Esmolol hydrochloride,10mg/1ml,Solution for injection,Intravenous,02040000,Beta-adrenoceptor Blocking Drugs,February 2009
14058,11704,83182020,Cardicor 1.25mg tablets (Merck Serono Ltd),Bisoprolol fumarate,1.25mg,Tablet,Oral,02040000/02050000,Beta-adrenoceptor Blocking Drugs/Hypertension And Heart Failure,February 2009
19858,5019,83192020,Cardicor 10mg tablets (Merck Serono Ltd),Bisoprolol fumarate,10mg,Tablet,Oral,02040000/02050000,Beta-adrenoceptor Blocking Drugs/Hypertension And Heart Failure,February 2009
14030,33695,83183020,Cardicor 2.5mg tablets (Merck Serono Ltd),Bisoprolol fumarate,2.5mg,Tablet,Oral,02040000/02050000,Beta-adrenoceptor Blocking Drugs/Hypertension And Heart Failure,February 2009
57578,2,01123020,Cardicor 2.5mg tablets (Necessity Supplies Ltd),Bisoprolol fumarate,2.5mg,Tablet,Oral,02040000/02050000,Beta-adrenoceptor Blocking Drugs/Hypertension And Heart Failure,October 2013
19853,3099,83184020,Cardicor 3.75mg tablets (Merck Serono Ltd),Bisoprolol fumarate,3.75mg,Tablet,Oral,02040000/02050000,Beta-adrenoceptor Blocking Drugs/Hypertension And Heart Failure,February 2009
17615,11242,83190020,Cardicor 5mg tablets (Merck Serono Ltd),Bisoprolol fumarate,5mg,Tablet,Oral,02040000/02050000,Beta-adrenoceptor Blocking Drugs/Hypertension And Heart Failure,February 2009
18185,2577,83191020,Cardicor 7.5mg tablets (Merck Serono Ltd),Bisoprolol fumarate,7.5mg,Tablet,Oral,02040000/02050000,Beta-adrenoceptor Blocking Drugs/Hypertension And Heart Failure,February 2009
54106,2,35298020,Carvedilol 1.5mg/5ml oral suspension,Carvedilol,300microgram/1ml,Oral suspension,Oral,02040000,Beta-adrenoceptor Blocking Drugs,March 2013
2629,181477,72236020,Carvedilol 12.5mg tablets,Carvedilol,12.5mg,Tablet,Oral,02040000,Beta-adrenoceptor Blocking Drugs,February 2009
34501,79,67708020,Carvedilol 12.5mg tablets (Actavis UK Ltd),Carvedilol,12.5mg,Tablet,Oral,02040000,Beta-adrenoceptor Blocking Drugs,February 2009
33374,9,69739020,Carvedilol 12.5mg tablets (Genus Pharmaceuticals Ltd),Carvedilol,12.5mg,Tablet,Oral,02040000,Beta-adrenoceptor Blocking Drugs,February 2009
63422,0,47121020,Carvedilol 12.5mg tablets (Waymade Healthcare Plc),Carvedilol,12.5mg,Tablet,Oral,02040000,Beta-adrenoceptor Blocking Drugs,June 2015
7049,164154,72237020,Carvedilol 25mg tablets,Carvedilol,25mg,Tablet,Oral,02040000,Beta-adrenoceptor Blocking Drugs,February 2009
817,189633,72238020,Carvedilol 3.125mg tablets,Carvedilol,3.125mg,Tablet,Oral,02040000,Beta-adrenoceptor Blocking Drugs,February 2009
46936,2,67784020,Carvedilol 3.125mg tablets (A A H Pharmaceuticals Ltd),Carvedilol,3.125mg,Tablet,Oral,02040000,Beta-adrenoceptor Blocking Drugs,March 2012
46935,2,67701020,Carvedilol 3.125mg tablets (Actavis UK Ltd),Carvedilol,3.125mg,Tablet,Oral,02040000,Beta-adrenoceptor Blocking Drugs,March 2012
34741,1,67913020,Carvedilol 3.125mg tablets (IVAX Pharmaceuticals UK Ltd),Carvedilol,3.125mg,Tablet,Oral,02040000,Beta-adrenoceptor Blocking Drugs,February 2009
61663,0,67717020,Carvedilol 3.125mg tablets (Teva UK Ltd),Carvedilol,3.125mg,Tablet,Oral,02040000,Beta-adrenoceptor Blocking Drugs,November 2014
49142,69,31922020,Carvedilol 3.125mg/5ml oral suspension,Carvedilol,625microgram/1ml,Oral suspension,Oral,02040000,Beta-adrenoceptor Blocking Drugs,January 2013
47107,199,00567021,Carvedilol 5mg/5ml oral suspension,Carvedilol,1mg/1ml,Oral suspension,Oral,02040000,Beta-adrenoceptor Blocking Drugs,May 2012
4410,166688,83758020,Carvedilol 6.25mg tablets,Carvedilol,6.25mg,Tablet,Oral,02040000,Beta-adrenoceptor Blocking Drugs,February 2009
34740,23,67705020,Carvedilol 6.25mg tablets (Actavis UK Ltd),Carvedilol,6.25mg,Tablet,Oral,02040000,Beta-adrenoceptor Blocking Drugs,February 2009
67661,0,01216020,Carvedilol 6.25mg tablets (Sigma Pharmaceuticals Plc),Carvedilol,6.25mg,Tablet,Oral,02040000,Beta-adrenoceptor Blocking Drugs,September 2016
19202,22,67720020,Carvedilol 6.25mg tablets (Teva UK Ltd),Carvedilol,6.25mg,Tablet,Oral,02040000,Beta-adrenoceptor Blocking Drugs,February 2009
4265,73629,68965020,Celectol 200mg Tablet (Pantheon Healthcare Ltd),Celiprolol hydrochloride,200mg,Tablet,Oral,02040000,Beta-adrenoceptor Blocking Drugs,February 2009
57573,85,01153020,Celectol 200mg tablets (Dowelhurst Ltd),Celiprolol hydrochloride,200mg,Tablet,Oral,02040000,Beta-adrenoceptor Blocking Drugs,October 2013
67292,117,01157020,Celectol 200mg tablets (Sigma Pharmaceuticals Plc),Celiprolol hydrochloride,200mg,Tablet,Oral,02040000,Beta-adrenoceptor Blocking Drugs,August 2016
56485,207,01155020,Celectol 200mg tablets (Waymade Healthcare Plc),Celiprolol hydrochloride,200mg,Tablet,Oral,02040000,Beta-adrenoceptor Blocking Drugs,August 2013
35054,3846,91235020,Celectol 200mg tablets (Zentiva),Celiprolol hydrochloride,200mg,Tablet,Oral,02040000,Beta-adrenoceptor Blocking Drugs,February 2009
16776,14218,68966020,Celectol 400mg Tablet (Pantheon Healthcare Ltd),Celiprolol hydrochloride,400mg,Tablet,Oral,02040000,Beta-adrenoceptor Blocking Drugs,February 2009
35940,2039,91237020,Celectol 400mg tablets (Zentiva),Celiprolol hydrochloride,400mg,Tablet,Oral,02040000,Beta-adrenoceptor Blocking Drugs,February 2009
8262,185118,68837020,Celiprolol 200mg tablets,Celiprolol hydrochloride,200mg,Tablet,Oral,02040000,Beta-adrenoceptor Blocking Drugs,February 2009
42795,6,61054020,Celiprolol 200mg tablets (Mylan),Celiprolol hydrochloride,200mg,Tablet,Oral,02040000,Beta-adrenoceptor Blocking Drugs,July 2010
41740,37,63783020,Celiprolol 200mg tablets (Teva UK Ltd),Celiprolol hydrochloride,200mg,Tablet,Oral,02040000,Beta-adrenoceptor Blocking Drugs,March 2010
7974,62824,68838020,Celiprolol 400mg tablets,Celiprolol hydrochloride,400mg,Tablet,Oral,02040000,Beta-adrenoceptor Blocking Drugs,February 2009
19055,1184,61275020,Chlortalidone 12.5mg with Atenolol 50mg tablets,Chlortalidone/Atenolol,12.5mg+50mg,Tablets,Oral,02020100/02040000,Thiazides And Related Diuretics/Beta-adrenoceptor Blocking Drugs,February 2009
16786,1175,61276020,Chlortalidone 25mg with Atenolol 100mg tablets,Chlortalidone/Atenolol,25mg+100mg,Tablets,Oral,02020100/02040000,Thiazides And Related Diuretics/Beta-adrenoceptor Blocking Drugs,February 2009
25462,51,61503020,Clopamide 5mg with Pindolol 10mg tablets,Pindolol/Clopamide,5mg + 10mg,Tablets,Oral,02040000,Beta-adrenoceptor Blocking Drugs,February 2009
41897,0,!1385102,CO-BETALOC,,,,,00000000,Unknown,April 2010
18287,2306,53671020,Co-Betaloc SA tablets (Pfizer Ltd),Metoprolol tartrate/Hydrochlorothiazide,200mg + 25mg,Modified-release tablet,Oral,00000000,Unknown,February 2009
10627,23342,48722020,Co-Betaloc tablets (Pfizer Ltd),Metoprolol tartrate/Hydrochlorothiazide,100mg + 12.5mg,Tablet,Oral,00000000,Unknown,February 2009
50300,5,41306020,Congescor 1.25mg tablets (Teva UK Ltd),Bisoprolol fumarate,1.25mg,Tablet,Oral,02040000/02050000,Beta-adrenoceptor Blocking Drugs/Hypertension And Heart Failure,January 2013
33909,297,90617020,Congescor 1.25mg tablets (Tillomed Laboratories Ltd),Bisoprolol fumarate,1.25mg,Tablet,Oral,02040000/02050000,Beta-adrenoceptor Blocking Drugs/Hypertension And Heart Failure,February 2009
50224,31,41307020,Congescor 2.5mg tablets (Teva UK Ltd),Bisoprolol fumarate,2.5mg,Tablet,Oral,02040000/02050000,Beta-adrenoceptor Blocking Drugs/Hypertension And Heart Failure,January 2013
32552,926,90619020,Congescor 2.5mg tablets (Tillomed Laboratories Ltd),Bisoprolol fumarate,2.5mg,Tablet,Oral,02040000/02050000,Beta-adrenoceptor Blocking Drugs/Hypertension And Heart Failure,February 2009
13415,6710,54538020,Corgard 40mg tablets (Sanofi-Synthelabo Ltd),Nadolol,40mg,Tablet,Oral,00000000,Unknown,February 2009
10716,8963,54539020,Corgard 80mg tablets (Sanofi),Nadolol,80mg,Tablet,Oral,02040000,Beta-adrenoceptor Blocking Drugs,February 2009
5330,2516,48767020,Corgaretic 40mg tablets (Sanofi-Synthelabo Ltd),Nadolol/Bendroflumethiazide,40mg + 5mg,Tablet,Oral,00000000,Unknown,February 2009
14438,2543,54543020,Corgaretic 80mg tablets (Sanofi-Synthelabo Ltd),Nadolol/Bendroflumethiazide,80mg + 5mg,Tablet,Oral,00000000,Unknown,February 2009
5721,438992,73883020,Co-tenidone 100mg/25mg tablets,Atenolol/Chlortalidone,100mg + 25mg,Tablet,Oral,02020100/02040000,Thiazides And Related Diuretics/Beta-adrenoceptor Blocking Drugs,February 2009
34899,531,53522020,Co-tenidone 100mg/25mg tablets (A A H Pharmaceuticals Ltd),Atenolol/Chlortalidone,100mg + 25mg,Tablet,Oral,02020100/02040000,Thiazides And Related Diuretics/Beta-adrenoceptor Blocking Drugs,February 2009
46952,17,56911020,Co-tenidone 100mg/25mg tablets (Actavis UK Ltd),Atenolol/Chlortalidone,100mg + 25mg,Tablet,Oral,02020100/02040000,Thiazides And Related Diuretics/Beta-adrenoceptor Blocking Drugs,March 2012
62537,0,21452021,Co-tenidone 100mg/25mg tablets (DE Pharmaceuticals),Atenolol/Chlortalidone,100mg + 25mg,Tablet,Oral,02020100/02040000,Thiazides And Related Diuretics/Beta-adrenoceptor Blocking Drugs,March 2015
34012,144,55246020,Co-tenidone 100mg/25mg tablets (IVAX Pharmaceuticals UK Ltd),Atenolol/Chlortalidone,100mg + 25mg,Tablet,Oral,02020100/02040000,Thiazides And Related Diuretics/Beta-adrenoceptor Blocking Drugs,February 2009
37725,7,60353020,Co-tenidone 100mg/25mg tablets (Mylan),Atenolol/Chlortalidone,100mg + 25mg,Tablet,Oral,02020100/02040000,Thiazides And Related Diuretics/Beta-adrenoceptor Blocking Drugs,February 2009
41572,182,54654020,Co-tenidone 100mg/25mg tablets (Teva UK Ltd),Atenolol/Chlortalidone,100mg + 25mg,Tablet,Oral,02020100/02040000,Thiazides And Related Diuretics/Beta-adrenoceptor Blocking Drugs,March 2010
9783,482647,73882020,Co-tenidone 50mg/12.5mg tablets,Atenolol/Chlortalidone,50mg + 12.5mg,Tablet,Oral,02020100/02040000,Thiazides And Related Diuretics/Beta-adrenoceptor Blocking Drugs,February 2009
32094,685,53521020,Co-tenidone 50mg/12.5mg tablets (A A H Pharmaceuticals Ltd),Atenolol/Chlortalidone,50mg + 12.5mg,Tablet,Oral,02020100/02040000,Thiazides And Related Diuretics/Beta-adrenoceptor Blocking Drugs,February 2009
31708,67,56910020,Co-tenidone 50mg/12.5mg tablets (Actavis UK Ltd),Atenolol/Chlortalidone,50mg + 12.5mg,Tablet,Oral,02020100/02040000,Thiazides And Related Diuretics/Beta-adrenoceptor Blocking Drugs,February 2009
34034,133,55247020,Co-tenidone 50mg/12.5mg tablets (IVAX Pharmaceuticals UK Ltd),Atenolol/Chlortalidone,50mg + 12.5mg,Tablet,Oral,02020100/02040000,Thiazides And Related Diuretics/Beta-adrenoceptor Blocking Drugs,February 2009
34449,1,60352020,Co-tenidone 50mg/12.5mg tablets (Mylan),Atenolol/Chlortalidone,50mg + 12.5mg,Tablet,Oral,02020100/02040000,Thiazides And Related Diuretics/Beta-adrenoceptor Blocking Drugs,February 2009
34825,619,54653020,Co-tenidone 50mg/12.5mg tablets (Teva UK Ltd),Atenolol/Chlortalidone,50mg + 12.5mg,Tablet,Oral,02020100/02040000,Thiazides And Related Diuretics/Beta-adrenoceptor Blocking Drugs,February 2009
10892,40423,68369020,Emcor 10mg tablets (Merck Serono Ltd),Bisoprolol fumarate,10mg,Tablet,Oral,02040000/02050000,Beta-adrenoceptor Blocking Drugs/Hypertension And Heart Failure,February 2009
4771,34930,68375020,Emcor LS 5mg tablets (Merck Serono Ltd),Bisoprolol fumarate,5mg,Tablet,Oral,02040000/02050000,Beta-adrenoceptor Blocking Drugs/Hypertension And Heart Failure,February 2009
39819,2,89270020,Esmolol 2.5g/250ml infusion bags,Esmolol hydrochloride,10mg/1ml,Solution for infusion,Intravenous,02040000,Beta-adrenoceptor Blocking Drugs,July 2009
30541,10,57093020,Esmolol HCl 250mg/ml concentrate solution for infusion,Esmolol Hydrochloride,250mg/ml,Concentrate For Solution For Infusion,,02040000,Beta-adrenoceptor Blocking Drugs,February 2009
18414,2981,72241020,Eucardic 12.5mg tablets (Roche Products Ltd),Carvedilol,12.5mg,Tablet,Oral,02040000,Beta-adrenoceptor Blocking Drugs,February 2009
19437,3093,72242020,Eucardic 25mg tablets (Roche Products Ltd),Carvedilol,25mg,Tablet,Oral,02040000,Beta-adrenoceptor Blocking Drugs,February 2009
14117,1331,72243020,Eucardic 3.125mg tablets (Roche Products Ltd),Carvedilol,3.125mg,Tablet,Oral,02040000,Beta-adrenoceptor Blocking Drugs,February 2009
14146,1628,83760020,Eucardic 6.25mg tablets (Roche Products Ltd),Carvedilol,6.25mg,Tablet,Oral,02040000,Beta-adrenoceptor Blocking Drugs,February 2009
47543,66,00627021,Half Beta-Prograne 80mg modified-release capsules (Actavis UK Ltd),Propranolol hydrochloride,80mg,Modified-release capsule,Oral,00000000,Unknown,August 2012
56173,2027,00955020,Half Beta-Prograne 80mg modified-release capsules (Actavis UK Ltd),Propranolol hydrochloride,80mg,Modified-release capsule,Oral,02040000/04070402/04090300/06020200,"Beta-adrenoceptor Blocking Drugs/Prophylaxis Of Migraine/Drugs For Essential Tremor, Chorea, Tics, And Related Disorders/Antithyroid Drugs",August 2013
46363,193,99271020,Half Beta-Prograne 80mg modified-release capsules (Teva UK Ltd),Propranolol hydrochloride,80mg,Modified-release capsule,Oral,02040000/04070402/04090300/06020200,"Beta-adrenoceptor Blocking Drugs/Prophylaxis Of Migraine/Drugs For Essential Tremor, Chorea, Tics, And Related Disorders/Antithyroid Drugs",October 2011
20468,11150,72042020,Half Beta-Prograne 80mg modified-release capsules (Tillomed Laboratories Ltd),Propranolol hydrochloride,80mg,Modified-release capsule,Oral,02040000/04070402/04090300/06020200,"Beta-adrenoceptor Blocking Drugs/Prophylaxis Of Migraine/Drugs For Essential Tremor, Chorea, Tics, And Related Disorders/Antithyroid Drugs",February 2009
1006,713229,53253020,Half Inderal LA 80mg capsules (AstraZeneca UK Ltd),Propranolol hydrochloride,80mg,Modified-release capsule,Oral,02040000/04070402/04090300/06020200,"Beta-adrenoceptor Blocking Drugs/Prophylaxis Of Migraine/Drugs For Essential Tremor, Chorea, Tics, And Related Disorders/Antithyroid Drugs",February 2009
22208,28,84849020,Half propanix la 80mg Modified-release capsule (Ashbourne Pharmaceuticals Ltd),Propranolol hydrochloride,80mg,Modified-release capsule,Oral,02040000/04070402,Beta-adrenoceptor Blocking Drugs/Prophylaxis Of Migraine,February 2009
28788,2,85953020,Half propatard la 80mg Modified-release capsule (Galen Ltd),Propranolol hydrochloride,80mg,Modified-release capsule,Oral,02040000/04070402,Beta-adrenoceptor Blocking Drugs/Prophylaxis Of Migraine,February 2009
15619,170,57243020,Half-betadur cr 80mg Capsule (Monmouth Pharmaceuticals Ltd),Propranolol hydrochloride,80mg,Modified-release capsule,Oral,02040000/04070402,Beta-adrenoceptor Blocking Drugs/Prophylaxis Of Migraine,February 2009
24520,3,04879007,HYDROCHLOROTHIAZIDE /METOPROLOL TARTRATE 25 MG TAB,,,,,00000000,Unknown,February 2009
28177,187,68841020,Hydrochlorothiazide with atenolol and amiloride Capsule,Atenolol/Amiloride Hydrochloride/Hydrochlorothiazide,,Capsule,Oral,02020100/02040000,Thiazides And Related Diuretics/Beta-adrenoceptor Blocking Drugs,February 2009
29427,13,68980020,Hydrochlorothiazide with metoprolol tartrate 12.5mg with 100mg tablet,Metoprolol Tartrate/Hydrochlorothiazide,12.5mg + 100mg,Tablet,Oral,02020100/02040000,Thiazides And Related Diuretics/Beta-adrenoceptor Blocking Drugs,February 2009
33659,1,68979020,Hydrochlorothiazide with metoprolol tartrate 25mg with 200mg Modified-release tablet,Metoprolol Tartrate/Hydrochlorothiazide,25mg + 200mg,Modified-release Tablet,Oral,02020100/02040000,Thiazides And Related Diuretics/Beta-adrenoceptor Blocking Drugs,February 2009
21182,5154,69280020,Hydrochlorothiazide with timolol and amiloride 25mg with 10mg with 2.5mg Tablet,Timolol Maleate/Amiloride Hydrochloride/Hydrochlorothiazide,25mg + 10mg + 2.5mg,Tablet,Oral,02020100/02040000,Thiazides And Related Diuretics/Beta-adrenoceptor Blocking Drugs,February 2009
2414,79378,54493020,Inderal 10mg tablets (AstraZeneca UK Ltd),Propranolol hydrochloride,10mg,Tablet,Oral,02040000/04070402/04090300/06020200,"Beta-adrenoceptor Blocking Drugs/Prophylaxis Of Migraine/Drugs For Essential Tremor, Chorea, Tics, And Related Disorders/Antithyroid Drugs",February 2009
8331,4105,54498020,Inderal 160mg Tablet (AstraZeneca UK Ltd),Propranolol hydrochloride,160mg,Tablet,Oral,02030202/02040000,Supraventricular Arrhythmias/Beta-adrenoceptor Blocking Drugs,February 2009
10294,13,54252020,Inderal 1mg/1ml solution for injection ampoules (AstraZeneca UK Ltd),Propranolol hydrochloride,1mg/1ml,Solution for injection,Intravenous,02030200/06020200,Drugs For Arrhythmias/Antithyroid Drugs,February 2009
1050,94701,54494020,Inderal 40mg tablets (AstraZeneca UK Ltd),Propranolol hydrochloride,40mg,Tablet,Oral,02040000/04070402/04090300/06020200,"Beta-adrenoceptor Blocking Drugs/Prophylaxis Of Migraine/Drugs For Essential Tremor, Chorea, Tics, And Related Disorders/Antithyroid Drugs",February 2009
1048,31020,54495020,Inderal 80mg tablets (AstraZeneca UK Ltd),Propranolol hydrochloride,80mg,Tablet,Oral,02040000/04070402/04090300/06020200,"Beta-adrenoceptor Blocking Drugs/Prophylaxis Of Migraine/Drugs For Essential Tremor, Chorea, Tics, And Related Disorders/Antithyroid Drugs",February 2009
3005,284323,49929020,Inderal LA 160mg capsules (AstraZeneca UK Ltd),Propranolol hydrochloride,160mg,Modified-release capsule,Oral,02040000/04070402/04090300/06020200,"Beta-adrenoceptor Blocking Drugs/Prophylaxis Of Migraine/Drugs For Essential Tremor, Chorea, Tics, And Related Disorders/Antithyroid Drugs",February 2009
52609,221,00942020,Inderal LA 160mg capsules (Sigma Pharmaceuticals Plc),Propranolol hydrochloride,160mg,Modified-release capsule,Oral,02040000/04070402/04090300/06020200,"Beta-adrenoceptor Blocking Drugs/Prophylaxis Of Migraine/Drugs For Essential Tremor, Chorea, Tics, And Related Disorders/Antithyroid Drugs",January 2013
4796,18886,54256020,Inderetic 80mg/2.5mg capsules (AstraZeneca UK Ltd),Propranolol hydrochloride/Bendroflumethiazide,80mg + 2.5mg,Capsule,Oral,00000000,Unknown,February 2009
8369,21742,54259020,Inderex 160mg/5mg modified-release capsules (AstraZeneca UK Ltd),Propranolol hydrochloride/Bendroflumethiazide,160mg + 5mg,Modified-release capsule,Oral,00000000,Unknown,February 2009
7543,61124,56162020,Kalten capsules (M & A Pharmachem Ltd),Atenolol/Amiloride hydrochloride/Hydrochlorothiazide,50mg + 2.5mg + 25mg,Capsule,Oral,02040100,Beta-adrenoceptor Blocking Drugs With Diuretic,February 2009
34171,32,49917020,Labetalol 100mg Tablet (C P Pharmaceuticals Ltd),Labetalol hydrochloride,100mg,Tablet,Oral,02040000,Beta-adrenoceptor Blocking Drugs,February 2009
1597,107777,63899020,Labetalol 100mg tablets,Labetalol hydrochloride,100mg,Tablet,Oral,02040000,Beta-adrenoceptor Blocking Drugs,February 2009
34177,680,49922020,Labetalol 100mg tablets (A A H Pharmaceuticals Ltd),Labetalol hydrochloride,100mg,Tablet,Oral,02040000,Beta-adrenoceptor Blocking Drugs,February 2009
62638,1,57012020,Labetalol 100mg tablets (Actavis UK Ltd),Labetalol hydrochloride,100mg,Tablet,Oral,02040000,Beta-adrenoceptor Blocking Drugs,March 2015
41827,48,60515020,Labetalol 100mg tablets (Mylan),Labetalol hydrochloride,100mg,Tablet,Oral,02040000,Beta-adrenoceptor Blocking Drugs,April 2010
63736,0,14465021,Labetalol 100mg tablets (Waymade Healthcare Plc),Labetalol hydrochloride,100mg,Tablet,Oral,02040000,Beta-adrenoceptor Blocking Drugs,July 2015
38370,0,90779020,Labetalol 100mg/20ml solution for injection ampoules,Labetalol hydrochloride,5mg/1ml,Solution for injection,Intravenous,02040000,Beta-adrenoceptor Blocking Drugs,February 2009
59222,0,43810020,Labetalol 100mg/20ml solution for injection ampoules (Focus Pharmaceuticals Ltd),Labetalol hydrochloride,5mg/1ml,Solution for injection,Intravenous,02040000,Beta-adrenoceptor Blocking Drugs,March 2014
47674,6,49918020,Labetalol 200mg Tablet (C P Pharmaceuticals Ltd),Labetalol hydrochloride,200mg,Tablet,Oral,02040000,Beta-adrenoceptor Blocking Drugs,August 2012
34188,3,51424020,Labetalol 200mg Tablet (Celltech Pharma Europe Ltd),Labetalol hydrochloride,200mg,Tablet,Oral,02040000,Beta-adrenoceptor Blocking Drugs,February 2009
2775,94215,63900020,Labetalol 200mg tablets,Labetalol hydrochloride,200mg,Tablet,Oral,02040000,Beta-adrenoceptor Blocking Drugs,February 2009
30770,372,49923020,Labetalol 200mg tablets (A A H Pharmaceuticals Ltd),Labetalol hydrochloride,200mg,Tablet,Oral,02040000,Beta-adrenoceptor Blocking Drugs,February 2009
44083,2,57013020,Labetalol 200mg tablets (Actavis UK Ltd),Labetalol hydrochloride,200mg,Tablet,Oral,02040000,Beta-adrenoceptor Blocking Drugs,December 2010
47673,30,54575020,Labetalol 400mg Tablet (Approved Prescription Services Ltd),Labetalol hydrochloride,400mg,Tablet,Oral,02040000,Beta-adrenoceptor Blocking Drugs,August 2012
1295,32888,68333020,Labetalol 400mg tablets,Labetalol hydrochloride,400mg,Tablet,Oral,02040000,Beta-adrenoceptor Blocking Drugs,February 2009
40240,88,49924020,Labetalol 400mg tablets (A A H Pharmaceuticals Ltd),Labetalol hydrochloride,400mg,Tablet,Oral,02040000,Beta-adrenoceptor Blocking Drugs,August 2009
45250,40,66745020,Labetalol 400mg tablets (Sandoz Ltd),Labetalol hydrochloride,400mg,Tablet,Oral,02040000,Beta-adrenoceptor Blocking Drugs,May 2011
4725,23109,68332020,Labetalol 50mg tablets,Labetalol hydrochloride,50mg,Tablet,Oral,02040000,Beta-adrenoceptor Blocking Drugs,February 2009
35778,3,58483020,Labrocol 100mg Tablet (Lagap),Labetalol hydrochloride,100mg,Tablet,Oral,02040000,Beta-adrenoceptor Blocking Drugs,February 2009
22793,3,58484020,Labrocol 200mg Tablet (Lagap),Labetalol hydrochloride,200mg,Tablet,Oral,02040000,Beta-adrenoceptor Blocking Drugs,February 2009
16645,1,58485020,Labrocol 400mg Tablet (Lagap),Labetalol hydrochloride,400mg,Tablet,Oral,02040000,Beta-adrenoceptor Blocking Drugs,February 2009
26255,57,78284020,Lopranol la 160mg Capsule (Opus Pharmaceuticals Ltd),Propranolol hydrochloride,160mg,Modified-release capsule,Oral,02040000/04070402,Beta-adrenoceptor Blocking Drugs/Prophylaxis Of Migraine,February 2009
13499,17598,50247020,Lopresor 100mg Tablet (Novartis Pharmaceuticals UK Ltd),Metoprolol tartrate,100mg,Tablet,Oral,02040000,Beta-adrenoceptor Blocking Drugs,February 2009
46740,344,00197021,Lopresor 100mg tablets (Recordati Pharmaceuticals Ltd),Metoprolol tartrate,100mg,Tablet,Oral,02040000/04070402,Beta-adrenoceptor Blocking Drugs/Prophylaxis Of Migraine,February 2012
10429,16719,50246020,Lopresor 50mg Tablet (Novartis Pharmaceuticals UK Ltd),Metoprolol tartrate,50mg,Tablet,Oral,02040000,Beta-adrenoceptor Blocking Drugs,February 2009
46614,360,00195021,Lopresor 50mg tablets (Recordati Pharmaceuticals Ltd),Metoprolol tartrate,50mg,Tablet,Oral,02040000/04070402,Beta-adrenoceptor Blocking Drugs/Prophylaxis Of Migraine,January 2012
20082,2888,50243020,Lopresor SR 200mg tablets (Recordati Pharmaceuticals Ltd),Metoprolol tartrate,200mg,Modified-release tablet,Oral,02040000/04070402,Beta-adrenoceptor Blocking Drugs/Prophylaxis Of Migraine,February 2009
8147,5375,50252020,Lopresoretic Tablet (Novartis Pharmaceuticals UK Ltd),Metoprolol Tartrate/Chlortalidone,,Tablet,Oral,02020100/02040000,Thiazides And Related Diuretics/Beta-adrenoceptor Blocking Drugs,February 2009
30400,84,63851020,Mepranix 100mg Tablet (Ashbourne Pharmaceuticals Ltd),Metoprolol tartrate,100mg,Tablet,Oral,02040000,Beta-adrenoceptor Blocking Drugs,February 2009
29762,142,63850020,Mepranix 50mg Tablet (Ashbourne Pharmaceuticals Ltd),Metoprolol tartrate,50mg,Tablet,Oral,02040000,Beta-adrenoceptor Blocking Drugs,February 2009
7066,4408,68976020,Metoprolol 100mg / Hydrochlorothiazide 12.5mg tablets,Metoprolol tartrate/Hydrochlorothiazide,100mg + 12.5mg,Tablet,Oral,00000000,Unknown,February 2009
753,260608,64667020,Metoprolol 100mg tablets,Metoprolol tartrate,100mg,Tablet,Oral,02040000/04070402,Beta-adrenoceptor Blocking Drugs/Prophylaxis Of Migraine,February 2009
34125,725,50073020,Metoprolol 100mg tablets (A A H Pharmaceuticals Ltd),Metoprolol tartrate,100mg,Tablet,Oral,02040000/04070402,Beta-adrenoceptor Blocking Drugs/Prophylaxis Of Migraine,February 2009
34854,70,57038020,Metoprolol 100mg tablets (Actavis UK Ltd),Metoprolol tartrate,100mg,Tablet,Oral,02040000/04070402,Beta-adrenoceptor Blocking Drugs/Prophylaxis Of Migraine,February 2009
66670,0,00717020,Metoprolol 100mg tablets (Alliance Healthcare (Distribution) Ltd),Metoprolol tartrate,100mg,Tablet,Oral,02040000/04070402,Beta-adrenoceptor Blocking Drugs/Prophylaxis Of Migraine,July 2016
40167,113,54126020,Metoprolol 100mg tablets (IVAX Pharmaceuticals UK Ltd),Metoprolol tartrate,100mg,Tablet,Oral,02040000/04070402,Beta-adrenoceptor Blocking Drugs/Prophylaxis Of Migraine,August 2009
34509,51,60551020,Metoprolol 100mg tablets (Mylan),Metoprolol tartrate,100mg,Tablet,Oral,02040000/04070402,Beta-adrenoceptor Blocking Drugs/Prophylaxis Of Migraine,February 2009
34092,103,56768020,Metoprolol 100mg tablets (Teva UK Ltd),Metoprolol tartrate,100mg,Tablet,Oral,02040000/04070402,Beta-adrenoceptor Blocking Drugs/Prophylaxis Of Migraine,February 2009
63724,0,47106020,Metoprolol 100mg tablets (Waymade Healthcare Plc),Metoprolol tartrate,100mg,Tablet,Oral,02040000/04070402,Beta-adrenoceptor Blocking Drugs/Prophylaxis Of Migraine,July 2015
22151,0,!4529101,METOPROLOL 100MG/CHLORTHALIDONE 12.5MG,,,,,00000000,Unknown,February 2009
41892,0,!4530101,METOPROLOL 100MG/HYDROCHLOROTHIAZ.12.5MG,,,,,00000000,Unknown,April 2010
68881,1,98589020,Metoprolol 12.5mg capsules,Metoprolol tartrate,12.5mg,Capsule,Oral,02040000/04070402,Beta-adrenoceptor Blocking Drugs/Prophylaxis Of Migraine,February 2017
65227,2,20525020,Metoprolol 12.5mg/5ml oral solution,Metoprolol tartrate,2.5mg/1ml,Oral solution,Oral,02040000/04070402,Beta-adrenoceptor Blocking Drugs/Prophylaxis Of Migraine,January 2016
51447,12,20527020,Metoprolol 12.5mg/5ml oral suspension,Metoprolol tartrate,2.5mg/1ml,Oral suspension,Oral,02040000/04070402,Beta-adrenoceptor Blocking Drugs/Prophylaxis Of Migraine,January 2013
20093,512,68975020,Metoprolol 200mg modified-release / Hydrochlorothiazide 25mg tablets,Metoprolol tartrate/Hydrochlorothiazide,200mg + 25mg,Modified-release tablet,Oral,00000000,Unknown,February 2009
8068,41805,64670020,Metoprolol 200mg modified-release tablets,Metoprolol tartrate,200mg,Modified-release tablet,Oral,02040000/04070402,Beta-adrenoceptor Blocking Drugs/Prophylaxis Of Migraine,February 2009
55979,9,20535020,Metoprolol 25mg/5ml oral suspension,Metoprolol tartrate,5mg/1ml,Oral suspension,Oral,02040000/04070402,Beta-adrenoceptor Blocking Drugs/Prophylaxis Of Migraine,August 2013
34890,47,53461020,Metoprolol 50mg Tablet (Berk Pharmaceuticals Ltd),Metoprolol tartrate,50mg,Tablet,Oral,02040000,Beta-adrenoceptor Blocking Drugs,February 2009
739,1336756,64666020,Metoprolol 50mg tablets,Metoprolol tartrate,50mg,Tablet,Oral,02040000/04070402,Beta-adrenoceptor Blocking Drugs/Prophylaxis Of Migraine,February 2009
34094,6173,50072020,Metoprolol 50mg tablets (A A H Pharmaceuticals Ltd),Metoprolol tartrate,50mg,Tablet,Oral,02040000/04070402,Beta-adrenoceptor Blocking Drugs/Prophylaxis Of Migraine,February 2009
71098,0,45140020,Metoprolol 50mg tablets (Accord Healthcare Ltd),Metoprolol tartrate,50mg,Tablet,Oral,02040000/04070402,Beta-adrenoceptor Blocking Drugs/Prophylaxis Of Migraine,December 2017
34430,688,57037020,Metoprolol 50mg tablets (Actavis UK Ltd),Metoprolol tartrate,50mg,Tablet,Oral,02040000/04070402,Beta-adrenoceptor Blocking Drugs/Prophylaxis Of Migraine,February 2009
34584,398,54125020,Metoprolol 50mg tablets (IVAX Pharmaceuticals UK Ltd),Metoprolol tartrate,50mg,Tablet,Oral,02040000/04070402,Beta-adrenoceptor Blocking Drugs/Prophylaxis Of Migraine,February 2009
32836,657,60550020,Metoprolol 50mg tablets (Mylan),Metoprolol tartrate,50mg,Tablet,Oral,02040000/04070402,Beta-adrenoceptor Blocking Drugs/Prophylaxis Of Migraine,February 2009
34925,39,65979020,Metoprolol 50mg tablets (Sandoz Ltd),Metoprolol tartrate,50mg,Tablet,Oral,02040000/04070402,Beta-adrenoceptor Blocking Drugs/Prophylaxis Of Migraine,February 2009
34407,375,56767020,Metoprolol 50mg tablets (Teva UK Ltd),Metoprolol tartrate,50mg,Tablet,Oral,02040000/04070402,Beta-adrenoceptor Blocking Drugs/Prophylaxis Of Migraine,February 2009
70116,8,20537020,Metoprolol 50mg/5ml oral solution,Metoprolol tartrate,10mg/1ml,Oral solution,Oral,02040000/04070402,Beta-adrenoceptor Blocking Drugs/Prophylaxis Of Migraine,September 2017
11793,2125,67160020,Metoprolol 50mg/5ml oral suspension,Metoprolol tartrate,10mg/1ml,Oral suspension,Oral,02040000/04070402,Beta-adrenoceptor Blocking Drugs/Prophylaxis Of Migraine,February 2009
57240,1,20539020,Metoprolol 50mg/5ml oral suspension (Special Order),Metoprolol tartrate,10mg/1ml,Oral suspension,Oral,02040000/04070402,Beta-adrenoceptor Blocking Drugs/Prophylaxis Of Migraine,September 2013
14502,22,52381020,Metoprolol 5mg/5ml solution for injection ampoules,Metoprolol tartrate,1mg/1ml,Solution for injection,Intravenous,02040000,Beta-adrenoceptor Blocking Drugs,February 2009
17876,22,03667007,METOPROLOL FUMARATE 190 MG TAB,,,,,00000000,Unknown,February 2009
28493,21,03289007,METOPROLOL FUMARATE 95 MG TAB,,,,,00000000,Unknown,February 2009
47536,10,00770021,Metoprolol tartrate 12.5mg/5ml Oral suspension,Metoprolol Tartrate,12.5mg/5ml,Oral Suspension,Oral,02040000,Beta-adrenoceptor Blocking Drugs,August 2012
45289,1,91796020,Metoprolol tartrate Oral solution,Metoprolol Tartrate,,Oral Solution,Oral,02040000,Beta-adrenoceptor Blocking Drugs,May 2011
15488,767,68972020,Metoprolol tartrate with chlortalidone Tablet,Metoprolol Tartrate/Chlortalidone,,Tablet,Oral,02020100/02040000,Thiazides And Related Diuretics/Beta-adrenoceptor Blocking Drugs,February 2009
29998,29,69479020,Metoros 190mg Tablet (Novartis Pharmaceuticals UK Ltd),Metoprolol,190mg,Tablet,Oral,02040000,Beta-adrenoceptor Blocking Drugs,February 2009
27719,31,69482020,Metoros ls 95mg Tablet (Geigy Pharmaceuticals),Metoprolol,95mg,Tablet,Oral,02040000,Beta-adrenoceptor Blocking Drugs,February 2009
4605,51402,54433020,Moducren tablets (Merck Sharp & Dohme Ltd),Timolol maleate/Hydrochlorothiazide/Amiloride hydrochloride,10mg + 25mg + 2.5mg,Tablet,Oral,00000000,Unknown,February 2009
56486,321,01094020,Monocor 10mg tablets (Dowelhurst Ltd),Bisoprolol fumarate,10mg,Tablet,Oral,02040000/02050000/02100100,Beta-adrenoceptor Blocking Drugs/Hypertension And Heart Failure/Management Of Myocardial Infarction,August 2013
5968,70750,68354020,Monocor 10mg tablets (Wyeth Pharmaceuticals),Bisoprolol fumarate,10mg,Tablet,Oral,02040000/02050000/02100100,Beta-adrenoceptor Blocking Drugs/Hypertension And Heart Failure/Management Of Myocardial Infarction,February 2009
3588,66249,68353020,Monocor 5mg tablets (Wyeth Pharmaceuticals),Bisoprolol fumarate,5mg,Tablet,Oral,02040000/02050000/02100100,Beta-adrenoceptor Blocking Drugs/Hypertension And Heart Failure/Management Of Myocardial Infarction,February 2009
17149,1624,75020020,Monozide 10 tablets (Wyeth Pharmaceuticals),Bisoprolol fumarate/Hydrochlorothiazide,10mg + 6.25mg,Tablet,Oral,00000000,Unknown,February 2009
66779,21,36922020,Nadolol 30mg/5ml oral suspension,Nadolol,6mg/1ml,Oral suspension,Oral,02040000,Beta-adrenoceptor Blocking Drugs,July 2016
23134,651,64899020,Nadolol 40mg / Bendroflumethiazide 5mg tablets,Nadolol/Bendroflumethiazide,40mg + 5mg,Tablet,Oral,00000000,Unknown,February 2009
8935,7556,64895020,Nadolol 40mg tablets,Nadolol,40mg,Tablet,Oral,02040000,Beta-adrenoceptor Blocking Drugs,February 2009
66464,2,31704020,Nadolol 40mg/5ml oral solution,Nadolol,8mg/1ml,Oral solution,Oral,02040000,Beta-adrenoceptor Blocking Drugs,June 2016
27946,246,64900020,Nadolol 80mg / Bendroflumethiazide 5mg tablets,Nadolol/Bendroflumethiazide,80mg + 5mg,Tablet,Oral,00000000,Unknown,February 2009
2499,22722,64896020,Nadolol 80mg tablets,Nadolol,80mg,Tablet,Oral,02040000,Beta-adrenoceptor Blocking Drugs,February 2009
67424,2,36157020,Nadolol 80mg/5ml oral suspension,Nadolol,16mg/1ml,Oral suspension,Oral,02040000,Beta-adrenoceptor Blocking Drugs,September 2016
27086,76,06704007,NADOLOL 80MG/BENDROFLUAZIDE 5MG MG TAB,,,,,00000000,Unknown,February 2009
7528,21366,80460020,Nebilet 5mg tablets (A. Menarini Farmaceutica Internazionale SRL),Nebivolol hydrochloride,5mg,Tablet,Oral,02040000,Beta-adrenoceptor Blocking Drugs,February 2009
66559,0,01220020,Nebilet 5mg tablets (Waymade Healthcare Plc),Nebivolol hydrochloride,5mg,Tablet,Oral,02040000,Beta-adrenoceptor Blocking Drugs,June 2016
59961,2735,21461021,Nebivolol 10mg tablets,Nebivolol hydrochloride,10mg,Tablet,Oral,02040000,Beta-adrenoceptor Blocking Drugs,May 2014
40761,61151,97367020,Nebivolol 2.5mg tablets,Nebivolol hydrochloride,2.5mg,Tablet,Oral,02040000,Beta-adrenoceptor Blocking Drugs,November 2009
44808,6,77127020,Nebivolol 2.5mg tablets (A A H Pharmaceuticals Ltd),Nebivolol hydrochloride,2.5mg,Tablet,Oral,02040000,Beta-adrenoceptor Blocking Drugs,March 2011
47300,1,76819020,Nebivolol 2.5mg tablets (Glenmark Pharmaceuticals Europe Ltd),Nebivolol hydrochloride,2.5mg,Tablet,Oral,02040000,Beta-adrenoceptor Blocking Drugs,June 2012
54487,7,44459020,Nebivolol 2.5mg tablets (Sigma Pharmaceuticals Plc),Nebivolol hydrochloride,2.5mg,Tablet,Oral,02040000,Beta-adrenoceptor Blocking Drugs,April 2013
751,564004,80458020,Nebivolol 5mg tablets,Nebivolol hydrochloride,5mg,Tablet,Oral,02040000,Beta-adrenoceptor Blocking Drugs,February 2009
69115,0,75760020,Nebivolol 5mg tablets (A A H Pharmaceuticals Ltd),Nebivolol hydrochloride,5mg,Tablet,Oral,02040000,Beta-adrenoceptor Blocking Drugs,April 2017
68677,12,77740020,Nebivolol 5mg tablets (Actavis UK Ltd),Nebivolol hydrochloride,5mg,Tablet,Oral,02040000,Beta-adrenoceptor Blocking Drugs,January 2017
67595,0,25449021,Nebivolol 5mg tablets (Almus Pharmaceuticals Ltd),Nebivolol hydrochloride,5mg,Tablet,Oral,02040000,Beta-adrenoceptor Blocking Drugs,September 2016
64703,11,01227020,Nebivolol 5mg tablets (Glenmark Pharmaceuticals Europe Ltd),Nebivolol hydrochloride,5mg,Tablet,Oral,02040000,Beta-adrenoceptor Blocking Drugs,November 2015
71032,0,40509020,Nebivolol 5mg tablets (Sandoz Ltd),Nebivolol hydrochloride,5mg,Tablet,Oral,02040000,Beta-adrenoceptor Blocking Drugs,December 2017
15117,9967,68850020,Nifedipine with atenolol 20mg + 50mg Capsule,Nifedipine/Atenolol,20mg + 50mg,Capsule,Oral,02040000/02060200,Beta-adrenoceptor Blocking Drugs/Calcium-channel Blockers,February 2009
12497,4,05741007,OXPRENOLOL 10 MG TAB,,,,,00000000,Unknown,February 2009
14057,7011,65806020,Pindolol 10mg / Clopamide 5mg tablets,Clopamide/Pindolol,5mg + 10mg,Tablet,Oral,02040100,Beta-adrenoceptor Blocking Drugs With Diuretic,February 2009
25764,9,!5661101,PINDOLOL 10MG/CLOPAMIDE 5MG,,,,,00000000,Unknown,February 2009
55853,9,60484020,Pindolol 15mg Tablet (Hillcross Pharmaceuticals Ltd),Pindolol,15mg,Tablet,Oral,02040000,Beta-adrenoceptor Blocking Drugs,August 2013
14673,3353,65803020,Pindolol 15mg tablets,Pindolol,15mg,Tablet,Oral,02040000,Beta-adrenoceptor Blocking Drugs,February 2009
5284,26910,65802020,Pindolol 5mg tablets,Pindolol,5mg,Tablet,Oral,02040000,Beta-adrenoceptor Blocking Drugs,February 2009
21025,474,67090020,Prestim forte Tablet (LEO Pharma),Timolol Maleate/Bendroflumethiazide,,Tablet,Oral,02020100/02040000,Thiazides And Related Diuretics/Beta-adrenoceptor Blocking Drugs,February 2009
8623,25950,52834020,Prestim Tablet (ICN Pharmaceuticals France S.A.),Timolol maleate/Bendroflumethiazide,10mg + 2.5mg,Tablet,Oral,02020100/02040000,Thiazides And Related Diuretics/Beta-adrenoceptor Blocking Drugs,February 2009
25363,3537,88272020,Prestim tablets (Meda Pharmaceuticals Ltd),Timolol maleate/Bendroflumethiazide,10mg + 2.5mg,Tablet,Oral,02040100,Beta-adrenoceptor Blocking Drugs With Diuretic,February 2009
33376,1,78494020,Probeta LA 160mg Capsule (Trinity Pharmaceuticals Ltd),Propranolol hydrochloride,160mg,Modified-release capsule,Oral,02040000/04070402,Beta-adrenoceptor Blocking Drugs/Prophylaxis Of Migraine,February 2009
14552,1777,64049020,Propanix 10mg Tablet (Ashbourne Pharmaceuticals Ltd),Propranolol hydrochloride,10mg,Tablet,Oral,02030202/02040000,Supraventricular Arrhythmias/Beta-adrenoceptor Blocking Drugs,February 2009
8978,473,63928020,Propanix 160mg Modified-release capsule (Ashbourne Pharmaceuticals Ltd),Propranolol hydrochloride,160mg,Modified-release capsule,Oral,02040000/04070402,Beta-adrenoceptor Blocking Drugs/Prophylaxis Of Migraine,February 2009
29763,59,63927020,Propanix 160mg Tablet (Ashbourne Pharmaceuticals Ltd),Propranolol hydrochloride,160mg,Tablet,Oral,02030202/02040000,Supraventricular Arrhythmias/Beta-adrenoceptor Blocking Drugs,February 2009
3827,2439,64050020,Propanix 40mg Tablet (Ashbourne Pharmaceuticals Ltd),Propranolol hydrochloride,40mg,Tablet,Oral,02030202/02040000,Supraventricular Arrhythmias/Beta-adrenoceptor Blocking Drugs,February 2009
21838,821,64051020,Propanix 80mg Tablet (Ashbourne Pharmaceuticals Ltd),Propranolol hydrochloride,80mg,Tablet,Oral,02030202/02040000,Supraventricular Arrhythmias/Beta-adrenoceptor Blocking Drugs,February 2009
26228,225,85670020,Propanix LA 160mg Modified-release capsule (Ashbourne Pharmaceuticals Ltd),Propranolol hydrochloride,160mg,Modified-release capsule,Oral,02040000/04070402,Beta-adrenoceptor Blocking Drugs/Prophylaxis Of Migraine,February 2009
32470,2,04480007,PROPRANOLOL 1 MG LIQ,,,,,00000000,Unknown,February 2009
22634,32,04485007,PROPRANOLOL 10 MG SUS,,,,,00000000,Unknown,February 2009
297,1655207,59368020,Propranolol 10mg tablets,Propranolol hydrochloride,10mg,Tablet,Oral,02040000/04070402/04090300/06020200,"Beta-adrenoceptor Blocking Drugs/Prophylaxis Of Migraine/Drugs For Essential Tremor, Chorea, Tics, And Related Disorders/Antithyroid Drugs",February 2009
34378,39,50435020,Propranolol 10mg tablets (A A H Pharmaceuticals Ltd),Propranolol hydrochloride,10mg,Tablet,Oral,02040000/04070402/04090300/06020200,"Beta-adrenoceptor Blocking Drugs/Prophylaxis Of Migraine/Drugs For Essential Tremor, Chorea, Tics, And Related Disorders/Antithyroid Drugs",February 2009
61727,0,20139021,Propranolol 10mg tablets (Accord Healthcare Ltd),Propranolol hydrochloride,10mg,Tablet,Oral,02040000/04070402/04090300/06020200,"Beta-adrenoceptor Blocking Drugs/Prophylaxis Of Migraine/Drugs For Essential Tremor, Chorea, Tics, And Related Disorders/Antithyroid Drugs",November 2014
34783,194,50422020,Propranolol 10mg tablets (Actavis UK Ltd),Propranolol hydrochloride,10mg,Tablet,Oral,02040000/04070402/04090300/06020200,"Beta-adrenoceptor Blocking Drugs/Prophylaxis Of Migraine/Drugs For Essential Tremor, Chorea, Tics, And Related Disorders/Antithyroid Drugs",February 2009
65986,0,00920020,Propranolol 10mg tablets (Alliance Healthcare (Distribution) Ltd),Propranolol hydrochloride,10mg,Tablet,Oral,02040000/04070402/04090300/06020200,"Beta-adrenoceptor Blocking Drugs/Prophylaxis Of Migraine/Drugs For Essential Tremor, Chorea, Tics, And Related Disorders/Antithyroid Drugs",April 2016
45494,86,71577020,Propranolol 10mg tablets (Almus Pharmaceuticals Ltd),Propranolol hydrochloride,10mg,Tablet,Oral,02040000/04070402/04090300/06020200,"Beta-adrenoceptor Blocking Drugs/Prophylaxis Of Migraine/Drugs For Essential Tremor, Chorea, Tics, And Related Disorders/Antithyroid Drugs",June 2011
66555,2,00922020,Propranolol 10mg tablets (Boston Healthcare Ltd),Propranolol hydrochloride,10mg,Tablet,Oral,02040000/04070402/04090300/06020200,"Beta-adrenoceptor Blocking Drugs/Prophylaxis Of Migraine/Drugs For Essential Tremor, Chorea, Tics, And Related Disorders/Antithyroid Drugs",June 2016
43525,31,64019020,Propranolol 10mg tablets (IVAX Pharmaceuticals UK Ltd),Propranolol hydrochloride,10mg,Tablet,Oral,02040000/04070402/04090300/06020200,"Beta-adrenoceptor Blocking Drugs/Prophylaxis Of Migraine/Drugs For Essential Tremor, Chorea, Tics, And Related Disorders/Antithyroid Drugs",September 2010
58297,1,00918020,Propranolol 10mg tablets (Kent Pharmaceuticals Ltd),Propranolol hydrochloride,10mg,Tablet,Oral,02040000/04070402/04090300/06020200,"Beta-adrenoceptor Blocking Drugs/Prophylaxis Of Migraine/Drugs For Essential Tremor, Chorea, Tics, And Related Disorders/Antithyroid Drugs",December 2013
36576,3,63159020,Propranolol 10mg tablets (Mylan),Propranolol hydrochloride,10mg,Tablet,Oral,02040000/04070402/04090300/06020200,"Beta-adrenoceptor Blocking Drugs/Prophylaxis Of Migraine/Drugs For Essential Tremor, Chorea, Tics, And Related Disorders/Antithyroid Drugs",February 2009
34804,557,53351020,Propranolol 10mg tablets (Teva UK Ltd),Propranolol hydrochloride,10mg,Tablet,Oral,02040000/04070402/04090300/06020200,"Beta-adrenoceptor Blocking Drugs/Prophylaxis Of Migraine/Drugs For Essential Tremor, Chorea, Tics, And Related Disorders/Antithyroid Drugs",February 2009
65435,0,47095020,Propranolol 10mg tablets (Waymade Healthcare Plc),Propranolol hydrochloride,10mg,Tablet,Oral,02040000/04070402/04090300/06020200,"Beta-adrenoceptor Blocking Drugs/Prophylaxis Of Migraine/Drugs For Essential Tremor, Chorea, Tics, And Related Disorders/Antithyroid Drugs",February 2016
5478,7154,59376020,Propranolol 10mg/5ml oral solution sugar free,Propranolol hydrochloride,2mg/1ml,Oral solution,Oral,02040000/04070402/04090300/06020200,"Beta-adrenoceptor Blocking Drugs/Prophylaxis Of Migraine/Drugs For Essential Tremor, Chorea, Tics, And Related Disorders/Antithyroid Drugs",February 2009
57567,4,34143020,Propranolol 10mg/5ml oral suspension,Propranolol hydrochloride,2mg/1ml,Oral suspension,Oral,02040000/04070402/04090300/06020200,"Beta-adrenoceptor Blocking Drugs/Prophylaxis Of Migraine/Drugs For Essential Tremor, Chorea, Tics, And Related Disorders/Antithyroid Drugs",October 2013
46493,3,04483007,PROPRANOLOL 15 MG SYR,,,,,00000000,Unknown,December 2011
8987,2806,69746020,Propranolol 160mg modified-release / Bendroflumethiazide 5mg capsules,Propranolol hydrochloride/Bendroflumethiazide,160mg + 5mg,Modified-release capsule,Oral,00000000,Unknown,February 2009
34949,190,54245020,Propranolol 160mg Modified-release capsule (Actavis UK Ltd),Propranolol hydrochloride,160mg,Modified-release capsule,Oral,02040000/04070402,Beta-adrenoceptor Blocking Drugs/Prophylaxis Of Migraine,February 2009
34945,4,59464020,Propranolol 160mg Modified-release capsule (Lagap),Propranolol hydrochloride,160mg,Modified-release capsule,Oral,02040000/04070402,Beta-adrenoceptor Blocking Drugs/Prophylaxis Of Migraine,February 2009
34884,26,66703020,Propranolol 160mg Modified-release capsule (Sandoz Ltd),Propranolol hydrochloride,160mg,Modified-release capsule,Oral,02040000/04070402,Beta-adrenoceptor Blocking Drugs/Prophylaxis Of Migraine,February 2009
1448,522642,66308020,Propranolol 160mg modified-release capsules,Propranolol hydrochloride,160mg,Modified-release capsule,Oral,02040000/04070402/04090300/06020200,"Beta-adrenoceptor Blocking Drugs/Prophylaxis Of Migraine/Drugs For Essential Tremor, Chorea, Tics, And Related Disorders/Antithyroid Drugs",February 2009
59597,25,75862020,Propranolol 160mg modified-release capsules (A A H Pharmaceuticals Ltd),Propranolol hydrochloride,160mg,Modified-release capsule,Oral,02040000/04070402/04090300/06020200,"Beta-adrenoceptor Blocking Drugs/Prophylaxis Of Migraine/Drugs For Essential Tremor, Chorea, Tics, And Related Disorders/Antithyroid Drugs",April 2014
3167,34168,59374020,Propranolol 160mg tablets,Propranolol hydrochloride,160mg,Tablet,Oral,02040000/04070402/04090300/06020200,"Beta-adrenoceptor Blocking Drugs/Prophylaxis Of Migraine/Drugs For Essential Tremor, Chorea, Tics, And Related Disorders/Antithyroid Drugs",February 2009
34214,1,50424020,Propranolol 160mg tablets (Actavis UK Ltd),Propranolol hydrochloride,160mg,Tablet,Oral,02040000/04070402/04090300/06020200,"Beta-adrenoceptor Blocking Drugs/Prophylaxis Of Migraine/Drugs For Essential Tremor, Chorea, Tics, And Related Disorders/Antithyroid Drugs",February 2009
68400,0,53253021,Propranolol 160mg tablets (DE Pharmaceuticals),Propranolol hydrochloride,160mg,Tablet,Oral,02040000/04070402/04090300/06020200,"Beta-adrenoceptor Blocking Drugs/Prophylaxis Of Migraine/Drugs For Essential Tremor, Chorea, Tics, And Related Disorders/Antithyroid Drugs",December 2016
55849,1,63164020,Propranolol 160mg tablets (Mylan),Propranolol hydrochloride,160mg,Tablet,Oral,02040000/04070402/04090300/06020200,"Beta-adrenoceptor Blocking Drugs/Prophylaxis Of Migraine/Drugs For Essential Tremor, Chorea, Tics, And Related Disorders/Antithyroid Drugs",August 2013
27486,7,66311020,Propranolol 1mg/1ml solution for injection ampoules,Propranolol hydrochloride,1mg/1ml,Solution for injection,Intravenous,02030200/06020200,Drugs For Arrhythmias/Antithyroid Drugs,February 2009
26788,1,04486007,PROPRANOLOL 2.5 MG ELI,,,,,00000000,Unknown,February 2009
4021,696,06228007,PROPRANOLOL 20 MG TAB,,,,,00000000,Unknown,February 2009
29803,2,04484007,PROPRANOLOL 3 MG ELI,,,,,00000000,Unknown,February 2009
25818,1,05678007,PROPRANOLOL 30 MG SUS,,,,,00000000,Unknown,February 2009
69661,1,34181020,Propranolol 3mg/5ml oral solution,Propranolol hydrochloride,600microgram/1ml,Oral solution,Oral,02040000/04070402/04090300/06020200,"Beta-adrenoceptor Blocking Drugs/Prophylaxis Of Migraine/Drugs For Essential Tremor, Chorea, Tics, And Related Disorders/Antithyroid Drugs",June 2017
70681,1,34163020,Propranolol 3mg/5ml oral suspension,Propranolol hydrochloride,600microgram/1ml,Oral suspension,Oral,02040000/04070402/04090300/06020200,"Beta-adrenoceptor Blocking Drugs/Prophylaxis Of Migraine/Drugs For Essential Tremor, Chorea, Tics, And Related Disorders/Antithyroid Drugs",November 2017
707,2135805,59369020,Propranolol 40mg tablets,Propranolol hydrochloride,40mg,Tablet,Oral,02040000/04070402/04090300/06020200,"Beta-adrenoceptor Blocking Drugs/Prophylaxis Of Migraine/Drugs For Essential Tremor, Chorea, Tics, And Related Disorders/Antithyroid Drugs",February 2009
41555,26,50436020,Propranolol 40mg tablets (A A H Pharmaceuticals Ltd),Propranolol hydrochloride,40mg,Tablet,Oral,02040000/04070402/04090300/06020200,"Beta-adrenoceptor Blocking Drugs/Prophylaxis Of Migraine/Drugs For Essential Tremor, Chorea, Tics, And Related Disorders/Antithyroid Drugs",March 2010
59415,5,20140021,Propranolol 40mg tablets (Accord Healthcare Ltd),Propranolol hydrochloride,40mg,Tablet,Oral,02040000/04070402/04090300/06020200,"Beta-adrenoceptor Blocking Drugs/Prophylaxis Of Migraine/Drugs For Essential Tremor, Chorea, Tics, And Related Disorders/Antithyroid Drugs",April 2014
27700,400,50423020,Propranolol 40mg tablets (Actavis UK Ltd),Propranolol hydrochloride,40mg,Tablet,Oral,02040000/04070402/04090300/06020200,"Beta-adrenoceptor Blocking Drugs/Prophylaxis Of Migraine/Drugs For Essential Tremor, Chorea, Tics, And Related Disorders/Antithyroid Drugs",February 2009
58491,0,00924020,Propranolol 40mg tablets (Alliance Healthcare (Distribution) Ltd),Propranolol hydrochloride,40mg,Tablet,Oral,02040000/04070402/04090300/06020200,"Beta-adrenoceptor Blocking Drugs/Prophylaxis Of Migraine/Drugs For Essential Tremor, Chorea, Tics, And Related Disorders/Antithyroid Drugs",January 2014
55416,0,71580020,Propranolol 40mg tablets (Almus Pharmaceuticals Ltd),Propranolol hydrochloride,40mg,Tablet,Oral,02040000/04070402/04090300/06020200,"Beta-adrenoceptor Blocking Drugs/Prophylaxis Of Migraine/Drugs For Essential Tremor, Chorea, Tics, And Related Disorders/Antithyroid Drugs",May 2013
55228,0,00927020,Propranolol 40mg tablets (Boston Healthcare Ltd),Propranolol hydrochloride,40mg,Tablet,Oral,02040000/04070402/04090300/06020200,"Beta-adrenoceptor Blocking Drugs/Prophylaxis Of Migraine/Drugs For Essential Tremor, Chorea, Tics, And Related Disorders/Antithyroid Drugs",May 2013
45297,1,64022020,Propranolol 40mg tablets (IVAX Pharmaceuticals UK Ltd),Propranolol hydrochloride,40mg,Tablet,Oral,02040000/04070402/04090300/06020200,"Beta-adrenoceptor Blocking Drugs/Prophylaxis Of Migraine/Drugs For Essential Tremor, Chorea, Tics, And Related Disorders/Antithyroid Drugs",May 2011
52777,0,00925020,Propranolol 40mg tablets (Kent Pharmaceuticals Ltd),Propranolol hydrochloride,40mg,Tablet,Oral,02040000/04070402/04090300/06020200,"Beta-adrenoceptor Blocking Drugs/Prophylaxis Of Migraine/Drugs For Essential Tremor, Chorea, Tics, And Related Disorders/Antithyroid Drugs",January 2013
31776,58,63160020,Propranolol 40mg tablets (Mylan),Propranolol hydrochloride,40mg,Tablet,Oral,02040000/04070402/04090300/06020200,"Beta-adrenoceptor Blocking Drugs/Prophylaxis Of Migraine/Drugs For Essential Tremor, Chorea, Tics, And Related Disorders/Antithyroid Drugs",February 2009
57342,0,00928020,Propranolol 40mg tablets (Phoenix Healthcare Distribution Ltd),Propranolol hydrochloride,40mg,Tablet,Oral,02040000/04070402/04090300/06020200,"Beta-adrenoceptor Blocking Drugs/Prophylaxis Of Migraine/Drugs For Essential Tremor, Chorea, Tics, And Related Disorders/Antithyroid Drugs",October 2013
60565,1,70592020,Propranolol 40mg tablets (Ranbaxy (UK) Ltd),Propranolol hydrochloride,40mg,Tablet,Oral,02040000/04070402/04090300/06020200,"Beta-adrenoceptor Blocking Drugs/Prophylaxis Of Migraine/Drugs For Essential Tremor, Chorea, Tics, And Related Disorders/Antithyroid Drugs",July 2014
34868,381,53352020,Propranolol 40mg tablets (Teva UK Ltd),Propranolol hydrochloride,40mg,Tablet,Oral,02040000/04070402/04090300/06020200,"Beta-adrenoceptor Blocking Drugs/Prophylaxis Of Migraine/Drugs For Essential Tremor, Chorea, Tics, And Related Disorders/Antithyroid Drugs",February 2009
56764,0,47096020,Propranolol 40mg tablets (Waymade Healthcare Plc),Propranolol hydrochloride,40mg,Tablet,Oral,02040000/04070402/04090300/06020200,"Beta-adrenoceptor Blocking Drugs/Prophylaxis Of Migraine/Drugs For Essential Tremor, Chorea, Tics, And Related Disorders/Antithyroid Drugs",August 2013
55949,6,20600020,Propranolol 40mg/5ml oral solution,Propranolol hydrochloride,8mg/1ml,Oral solution,Oral,02040000/04070402/04090300/06020200,"Beta-adrenoceptor Blocking Drugs/Prophylaxis Of Migraine/Drugs For Essential Tremor, Chorea, Tics, And Related Disorders/Antithyroid Drugs",August 2013
3087,3504,75253020,Propranolol 40mg/5ml oral solution sugar free,Propranolol hydrochloride,8mg/1ml,Oral solution,Oral,02040000/04070402/04090300/06020200,"Beta-adrenoceptor Blocking Drugs/Prophylaxis Of Migraine/Drugs For Essential Tremor, Chorea, Tics, And Related Disorders/Antithyroid Drugs",February 2009
11711,3070,75254020,Propranolol 50mg/5ml oral solution,Propranolol Hydrochloride,50mg/5ml,Oral Solution,Oral,02030202/02040000,Supraventricular Arrhythmias/Beta-adrenoceptor Blocking Drugs,February 2009
54297,28,34198020,Propranolol 50mg/5ml oral solution,Propranolol hydrochloride,10mg/1ml,Oral solution,Oral,02040000/04070402/04090300/06020200,"Beta-adrenoceptor Blocking Drugs/Prophylaxis Of Migraine/Drugs For Essential Tremor, Chorea, Tics, And Related Disorders/Antithyroid Drugs",March 2013
38433,6,55581020,Propranolol 50mg/5ml Oral solution (Rosemont Pharmaceuticals Ltd),Propranolol Hydrochloride,50mg/5ml,Oral Solution,Oral,02030202/02040000,Supraventricular Arrhythmias/Beta-adrenoceptor Blocking Drugs,February 2009
48682,1381,00183020,Propranolol 50mg/5ml oral solution sugar free,Propranolol hydrochloride,10mg/1ml,Oral solution,Oral,02040000/04070402/04090300/06020200,"Beta-adrenoceptor Blocking Drugs/Prophylaxis Of Migraine/Drugs For Essential Tremor, Chorea, Tics, And Related Disorders/Antithyroid Drugs",January 2013
220,4007,59375020,Propranolol 5mg/5ml oral solution,Propranolol Hydrochloride,5mg/5ml,Oral Solution,Oral,02030202/02040000,Supraventricular Arrhythmias/Beta-adrenoceptor Blocking Drugs,February 2009
71150,3,34202020,Propranolol 5mg/5ml oral solution,Propranolol hydrochloride,1mg/1ml,Oral solution,Oral,02040000/04070402/04090300/06020200,"Beta-adrenoceptor Blocking Drugs/Prophylaxis Of Migraine/Drugs For Essential Tremor, Chorea, Tics, And Related Disorders/Antithyroid Drugs",December 2017
49863,2365,00182020,Propranolol 5mg/5ml oral solution sugar free,Propranolol hydrochloride,1mg/1ml,Oral solution,Oral,02040000/04070402/04090300/06020200,"Beta-adrenoceptor Blocking Drugs/Prophylaxis Of Migraine/Drugs For Essential Tremor, Chorea, Tics, And Related Disorders/Antithyroid Drugs",January 2013
64160,0,15600021,Propranolol 5mg/5ml oral solution sugar free (AM Distributions (Yorkshire) Ltd),Propranolol hydrochloride,1mg/1ml,Oral solution,Oral,02040000/04070402/04090300/06020200,"Beta-adrenoceptor Blocking Drugs/Prophylaxis Of Migraine/Drugs For Essential Tremor, Chorea, Tics, And Related Disorders/Antithyroid Drugs",September 2015
70680,1,34208020,Propranolol 6mg/5ml oral suspension,Propranolol hydrochloride,1.2mg/1ml,Oral suspension,Oral,02040000/04070402/04090300/06020200,"Beta-adrenoceptor Blocking Drugs/Prophylaxis Of Migraine/Drugs For Essential Tremor, Chorea, Tics, And Related Disorders/Antithyroid Drugs",November 2017
12054,4359,69745020,Propranolol 80mg / Bendroflumethiazide 2.5mg capsules,Propranolol hydrochloride/Bendroflumethiazide,80mg + 2.5mg,Capsule,Oral,00000000,Unknown,February 2009
34867,262,56034020,Propranolol 80mg Capsule (IVAX Pharmaceuticals UK Ltd),Propranolol hydrochloride,80mg,Modified-release capsule,Oral,02040000/04070402,Beta-adrenoceptor Blocking Drugs/Prophylaxis Of Migraine,February 2009
28128,822,54244020,Propranolol 80mg Modified-release capsule (Actavis UK Ltd),Propranolol hydrochloride,80mg,Modified-release capsule,Oral,02040000/04070402,Beta-adrenoceptor Blocking Drugs/Prophylaxis Of Migraine,February 2009
32162,31,59465020,Propranolol 80mg Modified-release capsule (Lagap),Propranolol hydrochloride,80mg,Modified-release capsule,Oral,02040000/04070402,Beta-adrenoceptor Blocking Drugs/Prophylaxis Of Migraine,February 2009
769,1667982,66307020,Propranolol 80mg modified-release capsules,Propranolol hydrochloride,80mg,Modified-release capsule,Oral,02040000/04070402/04090300/06020200,"Beta-adrenoceptor Blocking Drugs/Prophylaxis Of Migraine/Drugs For Essential Tremor, Chorea, Tics, And Related Disorders/Antithyroid Drugs",February 2009
35938,295,64558020,Propranolol 80mg modified-release capsules (A A H Pharmaceuticals Ltd),Propranolol hydrochloride,80mg,Modified-release capsule,Oral,02040000/04070402/04090300/06020200,"Beta-adrenoceptor Blocking Drugs/Prophylaxis Of Migraine/Drugs For Essential Tremor, Chorea, Tics, And Related Disorders/Antithyroid Drugs",February 2009
60934,24,00948020,Propranolol 80mg modified-release capsules (Kent Pharmaceuticals Ltd),Propranolol hydrochloride,80mg,Modified-release capsule,Oral,02040000/04070402/04090300/06020200,"Beta-adrenoceptor Blocking Drugs/Prophylaxis Of Migraine/Drugs For Essential Tremor, Chorea, Tics, And Related Disorders/Antithyroid Drugs",August 2014
71173,0,57246021,Propranolol 80mg modified-release capsules (Mawdsley-Brooks & Company Ltd),Propranolol hydrochloride,80mg,Modified-release capsule,Oral,02040000/04070402/04090300/06020200,"Beta-adrenoceptor Blocking Drugs/Prophylaxis Of Migraine/Drugs For Essential Tremor, Chorea, Tics, And Related Disorders/Antithyroid Drugs",December 2017
39233,1,68806020,Propranolol 80mg modified-release capsules (Teva UK Ltd),Propranolol hydrochloride,80mg,Modified-release capsule,Oral,02040000/04070402/04090300/06020200,"Beta-adrenoceptor Blocking Drugs/Prophylaxis Of Migraine/Drugs For Essential Tremor, Chorea, Tics, And Related Disorders/Antithyroid Drugs",April 2009
62711,0,20143021,Propranolol 80mg modified-release capsules (Waymade Healthcare Plc),Propranolol hydrochloride,80mg,Modified-release capsule,Oral,02040000/04070402/04090300/06020200,"Beta-adrenoceptor Blocking Drugs/Prophylaxis Of Migraine/Drugs For Essential Tremor, Chorea, Tics, And Related Disorders/Antithyroid Drugs",April 2015
940,259435,59370020,Propranolol 80mg tablets,Propranolol hydrochloride,80mg,Tablet,Oral,02040000/04070402/04090300/06020200,"Beta-adrenoceptor Blocking Drugs/Prophylaxis Of Migraine/Drugs For Essential Tremor, Chorea, Tics, And Related Disorders/Antithyroid Drugs",February 2009
33644,3,50437020,Propranolol 80mg tablets (A A H Pharmaceuticals Ltd),Propranolol hydrochloride,80mg,Tablet,Oral,02040000/04070402/04090300/06020200,"Beta-adrenoceptor Blocking Drugs/Prophylaxis Of Migraine/Drugs For Essential Tremor, Chorea, Tics, And Related Disorders/Antithyroid Drugs",February 2009
31214,1,63161020,Propranolol 80mg tablets (Mylan),Propranolol hydrochloride,80mg,Tablet,Oral,02040000/04070402/04090300/06020200,"Beta-adrenoceptor Blocking Drugs/Prophylaxis Of Migraine/Drugs For Essential Tremor, Chorea, Tics, And Related Disorders/Antithyroid Drugs",February 2009
58407,0,53353020,Propranolol 80mg tablets (Teva UK Ltd),Propranolol hydrochloride,80mg,Tablet,Oral,02040000/04070402/04090300/06020200,"Beta-adrenoceptor Blocking Drugs/Prophylaxis Of Migraine/Drugs For Essential Tremor, Chorea, Tics, And Related Disorders/Antithyroid Drugs",December 2013
9185,227,75255020,Propranolol 80mg/5ml oral solution,Propranolol Hydrochloride,80mg/5ml,Oral Solution,Oral,02030202/02040000,Supraventricular Arrhythmias/Beta-adrenoceptor Blocking Drugs,February 2009
40241,20,56193020,Propranolol LA 160mg Capsule (Approved Prescription Services Ltd),Propranolol hydrochloride,160mg,Modified-release capsule,Oral,02040000/04070402,Beta-adrenoceptor Blocking Drugs/Prophylaxis Of Migraine,August 2009
34185,60,56194020,Propranolol LA 80mg Modified-release capsule (Approved Prescription Services Ltd),Propranolol hydrochloride,80mg,Modified-release capsule,Oral,02040000/04070402,Beta-adrenoceptor Blocking Drugs/Prophylaxis Of Migraine,February 2009
53177,31,92021020,Propranolol oral solution,Propranolol Hydrochloride,,,,02030202/02040000,Supraventricular Arrhythmias/Beta-adrenoceptor Blocking Drugs,January 2013
26105,1,05680007,PROPRANOLOL paed 4 MG TAB,,,,,00000000,Unknown,February 2009
27036,6,05679007,PROPRANOLOL POWDERS 5 MG POW,,,,,00000000,Unknown,February 2009
23604,11,!6000601,PROPRANOLOL S/R,,,,,00000000,Unknown,February 2009
34208,8,51777020,Propranolol SR 160mg Modified-release capsule (C P Pharmaceuticals Ltd),Propranolol hydrochloride,160mg,Modified-release capsule,Oral,02040000/04070402,Beta-adrenoceptor Blocking Drugs/Prophylaxis Of Migraine,February 2009
36603,60,50847020,Propranolol SR 160mg Modified-release capsule (Hillcross Pharmaceuticals Ltd),Propranolol hydrochloride,160mg,Modified-release capsule,Oral,02040000/04070402,Beta-adrenoceptor Blocking Drugs/Prophylaxis Of Migraine,February 2009
45343,2,51778020,Propranolol SR 80mg Modified-release capsule (C P Pharmaceuticals Ltd),Propranolol hydrochloride,80mg,Modified-release capsule,Oral,02040000/04070402,Beta-adrenoceptor Blocking Drugs/Prophylaxis Of Migraine,May 2011
25359,518,79243020,Rapranol SR 160mg capsules (Ranbaxy (UK) Ltd),Propranolol hydrochloride,160mg,Modified-release capsule,Oral,02040000/04070402/04090300/06020200,"Beta-adrenoceptor Blocking Drugs/Prophylaxis Of Migraine/Drugs For Essential Tremor, Chorea, Tics, And Related Disorders/Antithyroid Drugs",February 2009
25367,1291,84837020,Rapranol SR 80mg capsules (Ranbaxy (UK) Ltd),Propranolol hydrochloride,80mg,Modified-release capsule,Oral,02040000/04070402/04090300/06020200,"Beta-adrenoceptor Blocking Drugs/Prophylaxis Of Migraine/Drugs For Essential Tremor, Chorea, Tics, And Related Disorders/Antithyroid Drugs",February 2009
8189,15176,51499020,Secadrex 200mg/12.5mg tablets (Sanofi),Acebutolol hydrochloride/Hydrochlorothiazide,200mg + 12.5mg,Tablet,Oral,00000000,Unknown,February 2009
12296,18979,52701020,Sectral 100mg capsules (Sanofi),Acebutolol hydrochloride,100mg,Capsule,Oral,02040000,Beta-adrenoceptor Blocking Drugs,February 2009
8555,18676,52702020,Sectral 200mg capsules (Sanofi),Acebutolol hydrochloride,200mg,Capsule,Oral,02040000,Beta-adrenoceptor Blocking Drugs,February 2009
8023,18953,52703020,Sectral 400mg tablets (Sanofi),Acebutolol hydrochloride,400mg,Tablet,Oral,02040000,Beta-adrenoceptor Blocking Drugs,February 2009
33602,4,85990020,Slo-Pro 160mg capsules (Mylan),Propranolol hydrochloride,160mg,Modified-release capsule,Oral,02040000/04070402/04090300/06020200,"Beta-adrenoceptor Blocking Drugs/Prophylaxis Of Migraine/Drugs For Essential Tremor, Chorea, Tics, And Related Disorders/Antithyroid Drugs",February 2009
23587,1,66314020,Sloprolol 160mg Capsule (C P Pharmaceuticals Ltd),Propranolol hydrochloride,160mg,Modified-release capsule,Oral,02040000/04070402,Beta-adrenoceptor Blocking Drugs/Prophylaxis Of Migraine,February 2009
3691,14048,66694020,Sotalol 160mg with hydrochlorothiazide 25mg tablet,Sotalol Hydrochloride/Hydrochlorothiazide,160mg + 25mg,Tablets,Oral,02040000,Beta-adrenoceptor Blocking Drugs,February 2009
8061,268,66693020,Sotalol 80mg with hydrochlorothiazide 12.5mg tablet,Sotalol Hydrochloride/Hydrochlorothiazide,80mg + 12.5mg,Tablets,Oral,02040000,Beta-adrenoceptor Blocking Drugs,February 2009
12456,12653,51646020,Sotazide Tablet (Bristol-Myers Squibb Pharmaceuticals Ltd),Sotalol Hydrochloride/Hydrochlorothiazide,,Tablet,Oral,02040000,Beta-adrenoceptor Blocking Drugs,February 2009
19003,11,04394007,SPIRONOLACTONE/PROPRANOLOL 50 MG TAB,,,,,00000000,Unknown,February 2009
17783,6,57624020,Spiroprop Tablet (Pharmacia Ltd),Propranolol Hydrochloride/Spironolactone,,Tablet,Oral,02040000,Beta-adrenoceptor Blocking Drugs,February 2009
26895,202,79594020,Syprol 10mg/5ml oral solution (Rosemont Pharmaceuticals Ltd),Propranolol hydrochloride,2mg/1ml,Oral solution,Oral,02040000/04070402/04090300/06020200,"Beta-adrenoceptor Blocking Drugs/Prophylaxis Of Migraine/Drugs For Essential Tremor, Chorea, Tics, And Related Disorders/Antithyroid Drugs",February 2009
45765,20,96602020,Syprol 40mg/5ml oral solution (Rosemont Pharmaceuticals Ltd),Propranolol hydrochloride,8mg/1ml,Oral solution,Oral,02040000/04070402/04090300/06020200,"Beta-adrenoceptor Blocking Drugs/Prophylaxis Of Migraine/Drugs For Essential Tremor, Chorea, Tics, And Related Disorders/Antithyroid Drugs",July 2011
42152,100,79595020,Syprol 50mg/5ml oral solution (Rosemont Pharmaceuticals Ltd),Propranolol hydrochloride,10mg/1ml,Oral solution,Oral,02040000/04070402/04090300/06020200,"Beta-adrenoceptor Blocking Drugs/Prophylaxis Of Migraine/Drugs For Essential Tremor, Chorea, Tics, And Related Disorders/Antithyroid Drugs",April 2010
17082,178,79593020,Syprol 5mg/5ml oral solution (Rosemont Pharmaceuticals Ltd),Propranolol hydrochloride,1mg/1ml,Oral solution,Oral,02040000/04070402/04090300/06020200,"Beta-adrenoceptor Blocking Drugs/Prophylaxis Of Migraine/Drugs For Essential Tremor, Chorea, Tics, And Related Disorders/Antithyroid Drugs",February 2009
18743,3971,83989020,Tenben 25mg/1.25mg capsules (Galen Ltd),Atenolol/Bendroflumethiazide,25mg + 1.25mg,Capsule,Oral,00000000,Unknown,February 2009
26248,700,57165020,Tenchlor 100mg/25mg tablets (Teva UK Ltd),Atenolol/Chlortalidone,100mg + 25mg,Tablet,Oral,02020100/02040000,Thiazides And Related Diuretics/Beta-adrenoceptor Blocking Drugs,February 2009
31470,29,57164020,Tenchlor 50mg/12.5mg tablets (Teva UK Ltd),Atenolol/Chlortalidone,50mg + 12.5mg,Tablet,Oral,02020100/02040000,Thiazides And Related Diuretics/Beta-adrenoceptor Blocking Drugs,February 2009
8642,104158,68652020,Tenif 50mg/20mg modified-release capsules (AstraZeneca UK Ltd),Atenolol/Nifedipine,50mg + 20mg,Modified-release capsule,Oral,02040000/02060200,Beta-adrenoceptor Blocking Drugs/Calcium-channel Blockers,February 2009
1288,306406,51857020,Tenoret 50mg/12.5mg tablets (AstraZeneca UK Ltd),Atenolol/Chlortalidone,50mg + 12.5mg,Tablet,Oral,02020100/02040000,Thiazides And Related Diuretics/Beta-adrenoceptor Blocking Drugs,February 2009
1124,554635,54815020,Tenoretic 100mg/25mg tablets (AstraZeneca UK Ltd),Atenolol/Chlortalidone,100mg + 25mg,Tablet,Oral,02020100/02040000,Thiazides And Related Diuretics/Beta-adrenoceptor Blocking Drugs,February 2009
2587,356867,51860020,Tenormin 100mg tablets (AstraZeneca UK Ltd),Atenolol,100mg,Tablet,Oral,02040000,Beta-adrenoceptor Blocking Drugs,February 2009
2590,69340,72526020,Tenormin 25mg tablets (AstraZeneca UK Ltd),Atenolol,25mg,Tablet,Oral,02040000,Beta-adrenoceptor Blocking Drugs,February 2009
13394,4359,51861020,Tenormin 25mg/5ml syrup (AstraZeneca UK Ltd),Atenolol,5mg/1ml,Oral solution,Oral,02040000,Beta-adrenoceptor Blocking Drugs,February 2009
7429,52,51862020,Tenormin 5mg/10ml solution for injection ampoules (AstraZeneca UK Ltd),Atenolol,500microgram/1ml,Solution for injection,Intravenous,02040000,Beta-adrenoceptor Blocking Drugs,February 2009
2432,399627,54818020,Tenormin LS 50mg tablets (AstraZeneca UK Ltd),Atenolol,50mg,Tablet,Oral,02040000,Beta-adrenoceptor Blocking Drugs,February 2009
48745,0,37067020,Timolol 10mg / Amiloride 2.5mg / Hydrochlorothiazide 25mg tablets,Timolol maleate/Amiloride hydrochloride/Hydrochlorothiazide,10mg + 2.5mg + 25mg,Tablet,Oral,02040100,Beta-adrenoceptor Blocking Drugs With Diuretic,January 2013
12651,5218,67081020,Timolol 10mg / Bendroflumethiazide 2.5mg tablets,Timolol maleate/Bendroflumethiazide,10mg + 2.5mg,Tablet,Oral,02040100,Beta-adrenoceptor Blocking Drugs With Diuretic,February 2009
7853,84025,69193020,Timolol 10mg tablets,Timolol maleate,10mg,Tablet,Oral,02040000/04070402,Beta-adrenoceptor Blocking Drugs/Prophylaxis Of Migraine,February 2009
8788,4915,03217007,TIMOLOL 10MG/BENDROFLUAZIDE 2.5MG TAB,,,,,00000000,Unknown,February 2009
25730,224,69274020,Timolol maleate with amiloride and hydrochlorothiazide Tablet,Timolol Maleate/Amiloride Hydrochloride/Hydrochlorothiazide,,Tablet,Oral,02020100/02040000,Thiazides And Related Diuretics/Beta-adrenoceptor Blocking Drugs,February 2009
12517,96,67082020,Timolol maleate with bendroflumethiazide 20mg + 5mg Tablet,Timolol Maleate/Bendroflumethiazide,20mg + 5mg,Tablet,Oral,02020100/02040000,Thiazides And Related Diuretics/Beta-adrenoceptor Blocking Drugs,February 2009
15042,780,66704020,Tolerzide Tablet (Bristol-Myers Squibb Pharmaceuticals Ltd),Sotalol Hydrochloride/Hydrochlorothiazide,,Tablet,Oral,02040000,Beta-adrenoceptor Blocking Drugs,February 2009
15730,1216,72692020,Totamol 100mg Tablet (C P Pharmaceuticals Ltd),Atenolol,100mg,Tablet,Oral,02040000,Beta-adrenoceptor Blocking Drugs,February 2009
18950,589,72693020,Totamol 25mg Tablet (C P Pharmaceuticals Ltd),Atenolol,25mg,Tablet,Oral,02040000,Beta-adrenoceptor Blocking Drugs,February 2009
15176,2524,72691020,Totamol 50mg Tablet (C P Pharmaceuticals Ltd),Atenolol,50mg,Tablet,Oral,02040000,Beta-adrenoceptor Blocking Drugs,February 2009
24280,16,80150020,Totaretic 100mg+25mg Tablet (C P Pharmaceuticals Ltd),Atenolol/Chlortalidone,100mg + 25mg,Tablet,Oral,02020100/02040000,Thiazides And Related Diuretics/Beta-adrenoceptor Blocking Drugs,February 2009
26741,82,80149020,Totaretic 50mg+12.5mg Tablet (C P Pharmaceuticals Ltd),Atenolol/Chlortalidone,50mg + 12.5mg,Tablet,Oral,02020100/02040000,Thiazides And Related Diuretics/Beta-adrenoceptor Blocking Drugs,February 2009
9016,31173,54880020,Trandate 100mg tablets (Focus Pharmaceuticals Ltd),Labetalol hydrochloride,100mg,Tablet,Oral,02040000,Beta-adrenoceptor Blocking Drugs,February 2009
19998,27,51987020,Trandate 100mg/20ml solution for injection ampoules (Focus Pharmaceuticals Ltd),Labetalol hydrochloride,5mg/1ml,Solution for injection,Intravenous,02040000,Beta-adrenoceptor Blocking Drugs,February 2009
8707,24093,54881020,Trandate 200mg tablets (Focus Pharmaceuticals Ltd),Labetalol hydrochloride,200mg,Tablet,Oral,02040000,Beta-adrenoceptor Blocking Drugs,February 2009
8807,8053,52545020,Trandate 400mg tablets (Focus Pharmaceuticals Ltd),Labetalol hydrochloride,400mg,Tablet,Oral,02040000,Beta-adrenoceptor Blocking Drugs,February 2009
9273,3256,54879020,Trandate 50mg tablets (Focus Pharmaceuticals Ltd),Labetalol hydrochloride,50mg,Tablet,Oral,02040000,Beta-adrenoceptor Blocking Drugs,February 2009
30636,7,72687020,Vasaten 50mg Tablet (Shire Pharmaceuticals Ltd),Atenolol,50mg,Tablet,Oral,02040000,Beta-adrenoceptor Blocking Drugs,February 2009
9143,31205,52285020,Viskaldix tablets (AMCo),Clopamide/Pindolol,5mg + 10mg,Tablet,Oral,02040100,Beta-adrenoceptor Blocking Drugs With Diuretic,February 2009
20012,1402,52292020,Visken 15mg Tablet (Sovereign Medical Ltd),Pindolol,15mg,Tablet,Oral,02040000,Beta-adrenoceptor Blocking Drugs,February 2009
32787,226,78135020,Visken 15mg tablets (AMCo),Pindolol,15mg,Tablet,Oral,02040000,Beta-adrenoceptor Blocking Drugs,February 2009
4588,4665,52291020,Visken 5mg Tablet (Sovereign Medical Ltd),Pindolol,5mg,Tablet,Oral,02040000,Beta-adrenoceptor Blocking Drugs,February 2009
35695,358,78143020,Visken 5mg tablets (AMCo),Pindolol,5mg,Tablet,Oral,02040000,Beta-adrenoceptor Blocking Drugs,February 2009
32630,28,77372020,Vivacor 10mg tablets (Lexon (UK) Ltd),Bisoprolol fumarate,10mg,Tablet,Oral,02040000/02050000/02100100,Beta-adrenoceptor Blocking Drugs/Hypertension And Heart Failure/Management Of Myocardial Infarction,February 2009
39846,3,84559020,Vivacor 5mg tablets (Lexon (UK) Ltd),Bisoprolol fumarate,5mg,Tablet,Oral,02040000/02050000/02100100,Beta-adrenoceptor Blocking Drugs/Hypertension And Heart Failure/Management Of Myocardial Infarction,August 2009
