prodcode,dmdcode,gemscriptcode,therapyevents,productname,ingredient,strength,formulation,routeofadministration,bnfchapter,bnftext,databasebuild
56181,31775001000027100,51950020,0,Tetracycline 250mg Tablet (Celltech Pharma Europe Ltd),Tetracycline hydrochloride,250mg,Tablet,Oral,05010300/13060201,Tetracyclines/Oral Antibacterials For Acne,August 2013
18476,41787611000001104,51600020,26,Fludarabine phosphate 10mg tablets,Fludarabine phosphate,10mg,Tablet,Oral,08010300,Antimetabolites,February 2009
39279,13665911000001108,95364020,8280,Epilim Chronosphere MR 500mg granules sachets (Sanofi),Sodium valproate,500mg,Modified-release granules,Oral,04080100,Control Of Epilepsy,April 2009
36608,65295001000027110,56226020,601,Co-codamol Effervescent tablet (A A H Pharmaceuticals Ltd),Codeine phosphate/Paracetamol,30mg + 500mg,Effervescent tablet,Oral,04070100/04070200,Non-Opioid And Compound Analgesics/Opioid Analgesics,February 2009
67541,8276211000001100,18952020,96,Amiodarone 50mg/5ml oral suspension,Amiodarone hydrochloride,10mg/1ml,Oral suspension,Oral,02030201,Supraventricular & Ventricular Arrhythmias,September 2016
36182,7961211000001109,88324020,1,VFEND 40mg/ml oral suspension (Pfizer Ltd),Voriconazole,40mg/1ml,Oral suspension,Oral,05020100,Triazole Antifungals,February 2009
53364,4435711000001101,14042020,0,Generic Trizivir tablets,Lamivudine/Abacavir sulfate/Zidovudine,150mg + 300mg + 300mg,Tablet,Oral,05030150,Nucleoside Reverse Transcriptase Inhibitors,January 2013
60979,24136011000001104,23121021,14,Methotrexate 2.5mg tablets (Morningside Healthcare Ltd),Methotrexate,2.5mg,Tablet,Oral,01050300/08010300/10010302/13050300,Products Affecting The Immune Response In Chronic Bowel Problems/Antimetabolites/Drugs Affecting The Immune Response In Rheumatic Disease/Drugs Affecting The Immune Response For Eczema And Psoriasis,August 2014
4951,396211000001106,67905020,154118,Tetralysal 300 capsules (Galderma (UK) Ltd),Lymecycline,408mg,Capsule,Oral,05010300,Tetracyclines,February 2009
82514,16564411000001104,10716020,57,Niaspan 1g modified-release tablets (Mawdsley-Brooks & Company Ltd),Nicotinic acid,1gram,Modified-release tablet,Oral,02120500,Nicotinic Acid Group,January 2021
84952,186675001000027100,73391020,0,Mu-cron Tablet (Novartis Consumer Health UK Ltd),Paracetamol/Phenylpropanolamine Hydrochloride,,Tablet,,03090200/04070100,Demulcent And Expectorant Cough Preparations/Non-Opioid And Compound Analgesics,November 2021
22076,16785001000027108,50145020,84,Ledermycin 300mg Tablet (Wyeth Pharmaceuticals),Demeclocycline Hydrochloride,300mg,Tablet,Oral,05010300/06050200,Tetracyclines/Posterior Pituitary Hormones And Antagonists,February 2009
46640,265375001000027100,00008021,2,"Vitamin a, c & d with multivitamins & minerals tablets",Pantothenic Acid/Biotin/Ascorbic Acid/Vitamin A Acetate/Copper Sulphate/Folic Acid/Ferrous Fumarate/Manganese Sulphate/Nicotinamide/Potassium Chloride/Potassium Iodide/Pyridoxine Hydrochloride/Riboflavin/Alpha Tocopheryl Acetate/Vitamin D/Zinc,,Tablets,Oral,09060750,-,January 2012
32588,4576511000001108,87748020,3,Dentomycin 2% dental gel (Henry Schein Ltd),Minocycline hydrochloride,20mg/1ml,Dental gel,Dental/Gingival,05010300/12030200,Tetracyclines/Oropharyngeal Anti-Infective Drugs,February 2009
79780,35045811000001104,79426021,1,Paracetamol 20mg suppositories,Paracetamol,20mg,Suppository,Rectal,04070100,Non-Opioid And Compound Analgesics,January 2020
30590,175905001000027100,71663020,1,Medised Tablet (SSL International Plc),Paracetamol/Promethazine Hydrochloride,,Tablet,Oral,04070100,Non-Opioid And Compound Analgesics,February 2009
87660,37863911000001104,90631021,0,Co-dydramol 10mg/500mg tablets (Accord-UK Ltd),Dihydrocodeine tartrate/Paracetamol,10mg + 500mg,Tablet,Oral,04070100/04070200,Non-Opioid And Compound Analgesics/Opioid Analgesics,February 2023
17226,88985001000027100,59279020,1,Economycin 250mg Capsule (DDSA Pharmaceuticals Ltd),Tetracycline hydrochloride,250mg,Capsule,Oral,05010300/13060201,Tetracyclines/Oral Antibacterials For Acne,February 2009
23079,7503511000001104,87844020,599,Testosterone 30mg modified-release muco-adhesive buccal tablets,Testosterone,30mg,Muco-adhesive buccal tablet,Buccal,06040200,Male Sex Hormones And Antagonists,February 2009
77482,28046111000001104,43062021,1,Adjusan 36.4mg/260mg periodontal gel cartridge (Heraeus),Doxycycline hyclate,140mg/1gram,Oromucosal gel,Oromucosal,05010300/12030200,Tetracyclines/Oropharyngeal Anti-Infective Drugs,August 2019
65904,29795811000001108,52235021,0,Co-codamol 8mg/500mg capsules (Sigma Pharmaceuticals Plc),Codeine phosphate/Paracetamol,8mg + 500mg,Capsule,Oral,04070100/04070200,Non-Opioid And Compound Analgesics/Opioid Analgesics,April 2016
52333,12701711000001106,32789020,0,Mercaptopurine 75mg/5ml oral suspension,Mercaptopurine,15mg/1ml,Oral suspension,Oral,01050300/08010300,Products Affecting The Immune Response In Chronic Bowel Problems/Antimetabolites,January 2013
25975,219065001000027100,82165020,242,Vitamins a & d ONE A DAY capsules,Vitamin A/Vitamin D,,One A Day Capsules,Oral,09060100/09060400,Vitamin A/Vitamin D,February 2009
22352,221735001000027100,82989020,53,Zinc with vitamins tablets,Zinc Oxide/Vitamin A/Ascorbic Acid/Alpha Tocopherol,,Tablets,Oral,09050400/09060700,Zinc/Multivitamin And Multimineral Preparations,February 2009
47552,39702011000001110,98706020,36,Pazopanib 200mg tablets,Pazopanib hydrochloride,200mg,Tablet,Oral,08010551,Protein Kinase Inhibitors,August 2012
66097,19742711000001104,38532020,1,Paracetamol 500mg capsules (Almus Pharmaceuticals Ltd),Paracetamol,500mg,Capsule,Oral,04070100,Non-Opioid And Compound Analgesics,May 2016
20951,683611000001105,62982020,893,Methotrexate 2.5mg tablets (Advanz Pharma),Methotrexate,2.5mg,Tablet,Oral,01050300/08010300/10010302/13050300,Products Affecting The Immune Response In Chronic Bowel Problems/Antimetabolites/Drugs Affecting The Immune Response In Rheumatic Disease/Drugs Affecting The Immune Response For Eczema And Psoriasis,February 2009
73122,16172211000001108,04820020,1,Epilim Chrono 300 tablets (Lexon (UK) Ltd),Sodium valproate,300mg,Modified-release tablet,Oral,04080100,Control Of Epilepsy,September 2018
23114,154745001000027100,68468020,253,Panaleve plus 120mg/5ml Oral suspension sugar free (Pinewood Healthcare),Paracetamol,120mg/5ml,Oral Suspension,Oral,04070100,Non-Opioid And Compound Analgesics,February 2009
59922,8819511000001105,56773020,0,Minocycline 100mg tablets (Teva UK Ltd),Minocycline hydrochloride,100mg,Tablet,Oral,05010300/05011000/13060201,Tetracyclines/Antileprotic Drugs/Oral Antibacterials For Acne,May 2014
36945,8982411000001108,55159020,34,Mandanol 6+ paracetamol 250mg/5ml oral suspension (M & A Pharmachem Ltd),Paracetamol,50mg/1ml,Oral suspension,Oral,04070100,Non-Opioid And Compound Analgesics,February 2009
24245,199745001000027100,76059020,340,Cyclomin 100mg Tablet (Berk Pharmaceuticals Ltd),Minocycline hydrochloride,100mg,Tablet,Oral,05010300/13060201,Tetracyclines/Oral Antibacterials For Acne,February 2009
3816,31335001000027104,51902020,185,Tetrachel 250mg Tablet (Berk Pharmaceuticals Ltd),Tetracycline hydrochloride,250mg,Tablet,Oral,05010300/13060201,Tetracyclines/Oral Antibacterials For Acne,February 2009
24996,173735001000027100,71309020,32,Codeine phosphate 8mg with paracetamol 500mg with buclizine 6.25mg tablets,Buclizine Hydrochloride/Codeine Phosphate/Paracetamol,8mg+500mg+6.25mg,Tablets,Oral,03040102/04070401,Sedating Antihistamines/Acute Migraine,February 2009
87815,40371011000001110,01126022,0,Sodium valproate 200mg gastro-resistant tablets (DE Pharmaceuticals),Sodium valproate,200mg,Gastro-resistant tablet,Oral,04080100,Control Of Epilepsy,March 2023
33340,165815001000027100,70228020,10,Co-dydramol 10mg+500mg/5ml Liquid (Rosemont Pharmaceuticals Ltd),Dihydrocodeine tartrate/Paracetamol,2mg/1ml + 100mg/1ml,Oral suspension,Oral,04070100/04070200,Non-Opioid And Compound Analgesics/Opioid Analgesics,February 2009
6560,39108411000001110,81319020,114189,Sodium valproate 500mg modified-release tablets,Sodium valproate,500mg,Modified-release tablet,Oral,04080100,Control Of Epilepsy,February 2009
10901,175875001000027100,71660020,111,Paracetamol with promethazine hydrochloride 120mg+1.5mg/5ml suspension,Paracetamol/Promethazine Hydrochloride,120mg+1.5mg/5ml,Suspension,Oral,03040102/04070100,Sedating Antihistamines/Non-Opioid And Compound Analgesics,February 2009
64932,4934211000001105,14675020,0,Generic Night Nurse capsules,Dextromethorphan hydrobromide/Paracetamol/Promethazine hydrochloride,7.5mg + 500mg + 10mg,Capsule,Oral,03095000,Miscellaneous Cough & Cold Preparations,December 2015
79026,489311000001104,59154020,7,Flutamide 250mg tablets (Teva UK Ltd),Flutamide,250mg,Tablet,Oral,08030402,Prostate Cancer,December 2019
124,247711000001104,49037020,6858,Distalgesic 32.5mg/325mg tablets (Meda Pharmaceuticals Ltd),Dextropropoxyphene hydrochloride/Paracetamol,32.5mg + 325mg,Tablet,Oral,04070100,Non-Opioid And Compound Analgesics,February 2009
47200,9110711000001100,00453021,3,Propain Plus caplets (Ceuta Healthcare Ltd),Paracetamol/Doxylamine succinate/Caffeine/Codeine phosphate,450mg + 5mg + 30mg + 10mg,Tablet,Oral,04070000,Analgesics,May 2012
51595,9092111000001108,21194020,1279,Calpol Infant 120mg/5ml oral suspension 5ml sachets (McNeil Products Ltd),Paracetamol,24mg/1ml,Oral suspension,Oral,04070100,Non-Opioid And Compound Analgesics,January 2013
27856,211575001000027100,79746020,101,Midrid (rpr) Capsule (Rhone-Poulenc Rorer Ltd),Paracetamol/Isometheptene mucate,325mg + 65mg,Capsule,Oral,04070100/04070401,Non-Opioid And Compound Analgesics/Acute Migraine,February 2009
66352,32399311000001108,62276021,60,Co-codamol 8mg/500mg caplets (Kent Pharma (UK) Ltd),Codeine phosphate/Paracetamol,8mg + 500mg,Tablet,Oral,04070100/04070200,Non-Opioid And Compound Analgesics/Opioid Analgesics,June 2016
42583,246165001000027100,92631020,1,"Multivitamins with minerals, trace elements and ginseng Capsule",Lecithin/Nicotinamide/Calcium Phosphate/Magnesium Sulphate Heptahydrate/Copper Sulphate/Biotin/Cyanocobalamin/Ginseng/Pyridoxine Hydrochloride/Thiamine/Vitamin A/Sodium Selenite/Zinc Sulphate/Ferrous Sulphate/Ascorbic Acid/Riboflavin/Alpha Tocopheryl Acetate/Colecalciferol/Folic Acid,,Capsule,Oral,09060750,-,June 2010
44977,209905001000027100,79255020,2,Paracetamol with pseudoephedrine & pholcodine 500mg with 30mg with 5mg/15ml oral liquid,Paracetamol/Pholcodine/Pseudoephedrine Hydrochloride,500mg + 30mg + 5mg/15ml,Oral Liquid,Oral,03090100/04070100,Cough Suppressants/Non-Opioid And Compound Analgesics,April 2011
57650,15154511000001100,04248020,0,Paracetamol 500mg capsules (Sigma Pharmaceuticals Plc),Paracetamol,500mg,Capsule,Oral,04070100,Non-Opioid And Compound Analgesics,October 2013
40662,15737811000001102,76720020,14,Co-codamol 8mg/500mg effervescent tablets (Actavis UK Ltd),Codeine phosphate/Paracetamol,8mg + 500mg,Effervescent tablet,Oral,04070100/04070200,Non-Opioid And Compound Analgesics/Opioid Analgesics,October 2009
41560,62085001000027104,55777020,34,Doxycycline 100mg Capsule (IVAX Pharmaceuticals UK Ltd),Doxycycline hyclate,100mg,Capsule,Oral,05010300/05040100,Tetracyclines/Antimalarials,March 2010
33482,41772711000001110,88322020,182,Voriconazole 200mg/5ml oral suspension,Voriconazole,40mg/1ml,Oral suspension,Oral,05020100,Triazole Antifungals,February 2009
45231,113105001000027100,62832020,3,Co-proxamol 32.5mg+325mg Tablet (Regent Laboratories Ltd),Dextropropoxyphene hydrochloride/Paracetamol,32.5mg + 325mg,Tablet,Oral,04070100/04070200,Non-Opioid And Compound Analgesics/Opioid Analgesics,May 2011
79373,10835001000027108,49357020,60,Co-dydramol 10mg+500mg Tablet (Napp Pharmaceuticals Ltd),Dihydrocodeine tartrate/Paracetamol,10mg + 500mg,Tablet,Oral,04070100/04070200,Non-Opioid And Compound Analgesics/Opioid Analgesics,December 2019
8613,41954611000001104,66524020,4167,Rifampicin 300mg / Isoniazid 150mg tablets,Rifampicin/Isoniazid,300mg + 150mg,Tablet,Oral,05010900,Antituberculosis Drugs,February 2009
36633,11475611000001100,93465020,3435,Episenta 150mg modified-release capsules (Desitin Pharma Ltd),Sodium valproate,150mg,Modified-release capsule,Oral,04080100,Control Of Epilepsy,February 2009
57865,22786711000001104,17206021,8758,Co-codamol 30mg/500mg caplets (Actavis UK Ltd),Codeine phosphate/Paracetamol,30mg + 500mg,Tablet,Oral,04070100/04070200,Non-Opioid And Compound Analgesics/Opioid Analgesics,December 2013
40626,11763011000001104,92907020,34,Lenalidomide 25mg capsules,Lenalidomide,25mg,Capsule,Oral,08020405,Lenalidomide And Thalidomide,October 2009
58968,3644411000001109,07877020,100,Vitamins A and D capsules BPC 1973 (Alliance Healthcare (Distribution) Ltd),Vitamin A/Vitamin D,4000unit + 400unit,Capsule,Oral,09060100/09060400,Vitamin A/Vitamin D,March 2014
12730,221665001000027100,82962020,267,"Vitamin c with vitamins, minerals & other ingredients tablets",Betacarotene/Cyanocobalamin/Iron/Ginkgo Biloba/Ginseng/Pyridoxine Hydrochloride/Thiamine Hydrochloride/Vitamin A/Vitamin D/Pantothenic Acid/Ascorbic Acid/Riboflavin/Potassium/Alpha Tocopherol/Copper/Nicotinic Acid/Folic Acid,,Tablets,Oral,09010101/09060700,Oral Iron/Multivitamin And Multimineral Preparations,February 2009
34865,10585001000027104,49324020,52,Co-codamol 8mg+500mg Tablet (C P Pharmaceuticals Ltd),Codeine phosphate/Paracetamol,8mg + 500mg,Tablet,Oral,04070100/04070200,Non-Opioid And Compound Analgesics/Opioid Analgesics,February 2009
7176,41736011000001104,50433020,5077,Acitretin 25mg capsules,Acitretin,25mg,Capsule,Oral,13050201,Oral Retinoids For Psoriasis,February 2009
82295,28036611000001104,40658021,1,Sodium valproate 200mg modified-release tablets (Ennogen Healthcare Ltd),Sodium valproate,200mg,Modified-release tablet,Oral,04080100,Control Of Epilepsy,January 2021
43538,47611000001101,50711020,16,Tetracycline 250mg tablets (A A H Pharmaceuticals Ltd),Tetracycline hydrochloride,250mg,Tablet,Oral,05010300/13060201,Tetracyclines/Oral Antibacterials For Acne,September 2010
60816,24576611000001104,26705021,822,Healthy Start Children's Vitamin drops (Secretary of State for Health),Vitamin A/Sodium ascorbate/Vitamin A and D3 concentrate/Vitamin D/Ascorbic acid,5000iu/1ml + 18.58mg/1ml + .55mg/1ml + 2000iu/1ml + 150mg/1ml,Oral drops,Oral,09060700,Multivitamin And Multimineral Preparations,August 2014
687,7381611000001100,87622020,199626,Tramacet 37.5mg/325mg tablets (Grunenthal Ltd),Paracetamol/Tramadol hydrochloride,325mg + 37.5mg,Tablet,Oral,04070200,Opioid Analgesics,February 2009
20068,70785001000027104,57017020,4364,Paracetamol 250mg/5ml oral suspension sugar free,Paracetamol,250mg/5ml,Suspension Sugar-Free,Oral,04070100,Non-Opioid And Compound Analgesics,February 2009
48816,8149511000001105,04266020,4886,Disprol Paracetamol 120mg/5ml oral suspension (Reckitt Benckiser Healthcare (UK) Ltd),Paracetamol,24mg/1ml,Oral suspension,Oral,04070100,Non-Opioid And Compound Analgesics,January 2013
6891,41771711000001104,88426020,912,Thalidomide 50mg capsules,Thalidomide,50mg,Capsule,Oral,05011000/08020405,Antileprotic Drugs/Lenalidomide And Thalidomide,February 2009
71095,17942111000001100,05807020,0,Minocycline 50mg tablets (Phoenix Healthcare Distribution Ltd),Minocycline hydrochloride,50mg,Tablet,Oral,05010300/05011000/13060201,Tetracyclines/Antileprotic Drugs/Oral Antibacterials For Acne,December 2017
7340,41784111000001104,77574020,122,Capecitabine 150mg tablets,Capecitabine,150mg,Tablet,Oral,08010300,Antimetabolites,February 2009
59442,23651811000001108,21373021,2705,Co-codamol 30mg/500mg caplets (Phoenix Healthcare Distribution Ltd),Codeine phosphate/Paracetamol,30mg + 500mg,Tablet,Oral,04070100/04070200,Non-Opioid And Compound Analgesics/Opioid Analgesics,April 2014
34495,330611000001103,59020020,25,Co-codamol 8mg/500mg tablets (Viatris UK Healthcare Ltd),Codeine phosphate/Paracetamol,8mg + 500mg,Tablet,Oral,04070100,Non-Opioid And Compound Analgesics,February 2009
50166,4932511000001103,14652020,1,Generic Anadin Extra tablets,Aspirin/Paracetamol/Caffeine,300mg + 200mg + 45mg,Tablet,Oral,04070500,Other Non Opioid Analgesics,January 2013
60102,23223411000001108,17433021,34,Sodium valproate 500mg modified-release tablets (J M McGill Ltd),Sodium valproate,500mg,Modified-release tablet,Oral,04080100,Control Of Epilepsy,June 2014
47081,259785001000027100,98453020,4,Paracetamol 500mg with codeine phosphate 12.8mg & caffeine 30mg effervescent tablet,Caffeine/Codeine Phosphate/Paracetamol,500mg + 12.8mg + 30mg,Effervescent Tablet,Oral,04070100/04070200,Non-Opioid And Compound Analgesics/Opioid Analgesics,May 2012
35517,8275411000001105,92749020,463,Amiodarone 25mg/5ml oral suspension,Amiodarone hydrochloride,5mg/1ml,Oral suspension,Oral,02030201,Supraventricular & Ventricular Arrhythmias,February 2009
38363,250785001000027100,94751020,50,Codeine phosphate 12.8mg with paracetamol 500mg tablets,Codeine Phosphate/Paracetamol,12.8mg + 500mg,Tablets,Oral,04070100/04070200,Non-Opioid And Compound Analgesics/Opioid Analgesics,February 2009
11075,195405001000027100,74930020,21757,Sodium valproate with valproic acid 500mg modified release tablets,Sodium Valproate,500mg,Modified Release Tablet,Oral,04080100,Control Of Epilepsy,February 2009
7104,7336011000001106,87756020,6683,Kapake 30mg/500mg effervescent tablets (Galen Ltd),Codeine phosphate/Paracetamol,30mg + 500mg,Effervescent tablet,Oral,04070100,Non-Opioid And Compound Analgesics,February 2009
30994,4931111000001102,73394020,2,De Witt's Analgesic Pills (E.C. DeWitt and Company Ltd),Paracetamol/Caffeine,367mg + 30mg,Tablet,Oral,04070100,Non-Opioid And Compound Analgesics,February 2009
80973,8611000001108,04807020,0,Sodium valproate 500mg gastro-resistant tablets (Alliance Healthcare (Distribution) Ltd),Sodium valproate,500mg,Gastro-resistant tablet,Oral,04080100,Control Of Epilepsy,June 2020
56652,17462311000001108,98710020,2,Votrient 200mg tablets (Novartis Pharmaceuticals UK Ltd),Pazopanib hydrochloride,200mg,Tablet,Oral,08010551,Protein Kinase Inhibitors,August 2013
49954,9553011000001108,21638020,0,Generic Cold and Flu Relief tablets,Paracetamol/Ascorbic acid/Caffeine anhydrous/Phenylephrine hydrochloride,400mg + 50mg + 30mg + 5mg,Tablet,Oral,03095000,Miscellaneous Cough & Cold Preparations,January 2013
4522,42335001000027104,53318020,12283,Rifinah 300 Tablet (Aventis Pharma),Rifampicin/Isoniazid,300mg + 150mg,Tablet,Oral,05010900,Antituberculosis Drugs,February 2009
17093,3555001000027106,48423020,0,Bisolvomycin Capsule (Boehringer Ingelheim Ltd),Bromhexine/Oxytetracycline Hydrochloride,,Capsule,Oral,05010300,Tetracyclines,February 2009
9361,3348411000001109,59271020,32,Oxymycin 250mg tablets (Dr Reddy's Laboratories (UK) Ltd),Oxytetracycline dihydrate,250mg,Tablet,Oral,05010300/13060201,Tetracyclines/Oral Antibacterials For Acne,February 2009
132,131425001000027100,65333020,159886,Oxytetracycline 250mg capsules,Oxytetracycline Dihydrate,250mg,Capsules,Oral,05010300/13060201,Tetracyclines/Oral Antibacterials For Acne,February 2009
64073,807611000001109,04263020,78,Paracetamol 120mg/5ml oral suspension paediatric sugar free (Alliance Healthcare (Distribution) Ltd),Paracetamol,24mg/1ml,Oral suspension,Oral,04070100,Non-Opioid And Compound Analgesics,August 2015
1616,3361311000001102,84213020,376161,Migraleve Pink tablets (McNeil Products Ltd),Buclizine hydrochloride/Paracetamol/Codeine phosphate,6.25mg + 500mg + 8mg,Tablet,Oral,04070200/04070401,Opioid Analgesics/Acute Migraine,February 2009
42038,15439411000001102,97038020,5434,Epilim Chronosphere MR 1000mg granules sachets (Sanofi),Sodium valproate,1gram,Modified-release granules,Oral,04080100,Control Of Epilepsy,April 2010
28061,53135001000027104,54672020,6,Mynah 365 Tablet (Wyeth Pharmaceuticals),Ethambutol Hydrochloride/Isoniazid,,Tablet,Oral,05010900,Antituberculosis Drugs,February 2009
85474,38877411000001104,94936021,0,Doxycycline 50mg capsules (Medihealth (Northern) Ltd),Doxycycline hyclate,50mg,Capsule,Oral,05010300/05040100/13060201,Tetracyclines/Antimalarials/Oral Antibacterials For Acne,January 2022
50241,8274611000001107,18929020,53,Amiodarone 200mg/5ml oral suspension,Amiodarone hydrochloride,40mg/1ml,Oral suspension,Oral,02030201,Supraventricular & Ventricular Arrhythmias,January 2013
70869,28045911000001108,43061021,2,Doxycycline 36.4mg/260mg periodontal gel cartridge,Doxycycline hyclate,140mg/1gram,Oromucosal gel,Oromucosal,05010300/12030200,Tetracyclines/Oropharyngeal Anti-Infective Drugs,December 2017
18041,3959411000001106,83609020,337,Periostat 20mg tablets (Alliance Pharmaceuticals Ltd),Doxycycline hyclate,20mg,Tablet,Oral,12030100,Drugs For Oral Ulceration And Inflammation,February 2009
11807,235635001000027100,86865020,14751,Paracetamol 500mg with codeine 12.8mg tablet,Codeine Phosphate/Paracetamol,500mg + 12.8mg,Tablets,Oral,04070100/04070200,Non-Opioid And Compound Analgesics/Opioid Analgesics,February 2009
60517,11403111000001102,75431020,2,Co-codamol 30mg/500mg effervescent tablets (Almus Pharmaceuticals Ltd),Codeine phosphate/Paracetamol,30mg + 500mg,Effervescent tablet,Oral,04070100/04070200,Non-Opioid And Compound Analgesics/Opioid Analgesics,July 2014
40107,29111000001101,65586020,9,Paracetamol 500mg soluble tablets (Kent Pharma (UK) Ltd),Paracetamol,500mg,Effervescent tablet,Oral,04070100,Non-Opioid And Compound Analgesics,August 2009
81155,21531711000001100,45496020,1,Panadol Period Pain 500mg/65mg tablets (Haleon UK Ltd),Paracetamol/Caffeine,500mg + 65mg,Tablet,Oral,04070100,Non-Opioid And Compound Analgesics,July 2020
19917,138685001000027100,66339020,28,Pseudoephedrine 60mg with paracetamol 500mg tablet,Paracetamol/Pseudoephedrine Hydrochloride,60mg + 500mg,Tablets,Oral,03100000/04070100,Systemic Nasal Decongestants/Non-Opioid And Compound Analgesics,February 2009
67887,32360811000001104,62354021,1,Paracetamol 120mg soluble tablets sugar free (Ennogen Healthcare Ltd),Paracetamol,120mg,Soluble tablet,Oral,04070100,Non-Opioid And Compound Analgesics,October 2016
24486,153935001000027100,68326020,19,Vitamin a strong 50000 units strong capsules,Vitamin A,50000 units,Capsules,Oral,09060100,Vitamin A,February 2009
45649,263405001000027100,99467020,296,Calpol infant 120mg/5ml Oral suspension (McNeil Products Ltd),Paracetamol,120mg/5ml,Oral Suspension,Oral,04070100,Non-Opioid And Compound Analgesics,July 2011
61560,21719811000001104,47005020,23,Voractiv tablets (Genus Pharmaceuticals Ltd),Ethambutol hydrochloride/Pyrazinamide/Isoniazid/Rifampicin,275mg + 400mg + 75mg + 150mg,Tablet,Oral,05010900,Antituberculosis Drugs,November 2014
10602,655311000001106,57692020,586,Paracodol 8mg/500mg effervescent tablets (Bayer Plc),Codeine phosphate/Paracetamol,8mg + 500mg,Effervescent tablet,Oral,04070100/04070200,Non-Opioid And Compound Analgesics/Opioid Analgesics,February 2009
18063,4445511000001105,82648020,5,Xeloda 500mg tablets (Roche Products Ltd),Capecitabine,500mg,Tablet,Oral,08010300,Antimetabolites,February 2009
71003,20326411000001108,40560020,0,Oxytetracycline 250mg tablets (Genesis Pharmaceuticals Ltd),Oxytetracycline dihydrate,250mg,Tablet,Oral,05010300/13060201,Tetracyclines/Oral Antibacterials For Acne,December 2017
49849,17952311000001100,04217020,7232,Paracetamol 500mg caplets (Phoenix Healthcare Distribution Ltd),Paracetamol,500mg,Tablet,Oral,04070100,Non-Opioid And Compound Analgesics,January 2013
28237,4588611000001101,84305020,26,Lemsip Max Cold & Flu capsules (Reckitt Benckiser Healthcare (UK) Ltd),Caffeine/Phenylephrine hydrochloride/Paracetamol,25mg + 6.1mg + 500mg,Capsule,Oral,03095000,Miscellaneous Cough & Cold Preparations,February 2009
29401,4636411000001100,85638020,33,Otrivine Mu-Cron tablets (Novartis Consumer Health UK Ltd),Paracetamol/Pseudoephedrine hydrochloride,500mg + 60mg,Tablet,Oral,03095000,Miscellaneous Cough & Cold Preparations,February 2009
33688,18068111000001108,65467020,207,Co-codamol 30mg/500mg effervescent tablets (Fannin (UK) Ltd),Codeine phosphate/Paracetamol,30mg + 500mg,Effervescent tablet,Oral,04070100,Non-Opioid And Compound Analgesics,February 2009
74109,35579011000001104,80844021,11,Emcozin 30mg/500mg tablets (GlucoRx Ltd),Codeine phosphate/Paracetamol,30mg + 500mg,Tablet,Oral,04070100/04070200,Non-Opioid And Compound Analgesics/Opioid Analgesics,December 2018
57799,3396911000001109,11766020,1101,Generic Abidec Multivitamin drops,Vitamin A palmitate/Ergocalciferol/Thiamine hydrochloride/Riboflavin/Pyridoxine hydrochloride/Nicotinamide/Ascorbic acid,2222iu/1ml + 667iu/1ml + 1.67mg/1ml + 1333microgram/1ml + 1333microgram/1ml + 1333microgram/1ml + 66.7mg/1ml,Oral drops,Oral,09060700,Multivitamin And Multimineral Preparations,December 2013
49923,16172011000001104,04813020,3,Epilim Chrono 200 tablets (Lexon (UK) Ltd),Sodium valproate,200mg,Modified-release tablet,Oral,04080100,Control Of Epilepsy,January 2013
43010,205505001000027100,77732020,42,"Selenium with vitamin A, C & E tablet",Vitamin A/Ascorbic Acid/Alpha Tocopherol/Selenium,,Tablets,Oral,09060750,-,July 2010
4502,39107811000001104,69210020,160679,Sodium valproate 100mg tablets,Sodium valproate,100mg,Tablet,Oral,04080100,Control Of Epilepsy,February 2009
12987,235345001000027100,86778020,1848,Doxycycline (as hyclate) 50mg capsules with microgranules,Doxycycline Hyclate,50mg,Capsules Containing Spherical Coated Microgranules,Oral,05010300/05040100,Tetracyclines/Antimalarials,February 2009
17367,3887811000001104,66354020,146,Zinamide 500mg tablets (Genus Pharmaceuticals Ltd),Pyrazinamide,500mg,Tablet,Oral,05010900,Antituberculosis Drugs,February 2009
83280,21731511000001104,46820020,0,Acitretin 10mg capsules (A A H Pharmaceuticals Ltd),Acitretin,10mg,Capsule,Oral,13050201,Oral Retinoids For Psoriasis,March 2021
19,42010211000001104,60971020,13152728,Co-codamol 8mg/500mg tablets,Codeine phosphate/Paracetamol,8mg + 500mg,Tablet,Oral,04070100/04070200,Non-Opioid And Compound Analgesics/Opioid Analgesics,February 2009
262,322239002,65976020,767261,Paracetamol 250mg/5ml oral suspension,Paracetamol,50mg/1ml,Oral suspension,Oral,04070100,Non-Opioid And Compound Analgesics,February 2009
35800,8982611000001106,58107020,34,Mandanol Infant paracetamol 120mg/5ml oral suspension (M & A Pharmachem Ltd),Paracetamol,24mg/1ml,Oral suspension,Oral,04070100,Non-Opioid And Compound Analgesics,February 2009
33260,187325001000027100,73509020,4,Paracetamol with codeine with hyoscine & caffeine tablet,Caffeine/Hyoscine Hydrobromide/Codeine Phosphate/Paracetamol,,Tablets,Oral,04065900/04070100,Products Used Against Nausea And Vertigo - Hyoscine/Non-Opioid And Compound Analgesics,February 2009
53287,5468911000001108,04326020,1,Co-codamol 30mg/500mg effervescent tablets (Alliance Healthcare (Distribution) Ltd),Codeine phosphate/Paracetamol,30mg + 500mg,Effervescent tablet,Oral,04070100/04070200,Non-Opioid And Compound Analgesics/Opioid Analgesics,January 2013
38939,889311000001108,95813020,337223,Epilim 200 gastro-resistant tablets (Sanofi),Sodium valproate,200mg,Gastro-resistant tablet,Oral,04080100,Control Of Epilepsy,February 2009
34751,478411000001109,60016020,3,Amiodarone 200mg tablets (Zentiva Pharma UK Ltd),Amiodarone hydrochloride,200mg,Tablet,Oral,02030201,Supraventricular & Ventricular Arrhythmias,February 2009
19854,237065001000027100,87456020,229,Propain plus Tablet (Ceuta Healthcare Ltd),Caffeine/Codeine Phosphate/Doxylamine Succinate/Paracetamol,,Tablet,Oral,03040102/04070100,Sedating Antihistamines/Non-Opioid And Compound Analgesics,February 2009
21753,322011000001106,64512020,3126,Maxtrex 10mg tablets (Pfizer Ltd),Methotrexate,10mg,Tablet,Oral,01050300/08010300/10010302/13050300,Products Affecting The Immune Response In Chronic Bowel Problems/Antimetabolites/Drugs Affecting The Immune Response In Rheumatic Disease/Drugs Affecting The Immune Response For Eczema And Psoriasis,February 2009
7551,4994211000001103,87157020,7647,Niaspan 1g modified-release tablets (Abbott Laboratories Ltd),Nicotinic acid,1gram,Modified-release tablet,Oral,02120500,Nicotinic Acid Group,February 2009
23209,190265001000027100,74039020,12,Methyltestosterone 50mg Tablet,Methyltestosterone,50mg,Tablet,Oral,06040200,Male Sex Hormones And Antagonists,February 2009
82294,30951511000001108,60275021,5,Sodium valproate 200mg modified-release tablets (DE Pharmaceuticals),Sodium valproate,200mg,Modified-release tablet,Oral,04080100,Control Of Epilepsy,January 2021
35679,147925001000027100,67535020,457,Paracetamol 500mg Tablet (Nucare Plc),Paracetamol,500mg,Tablet,Oral,04070100,Non-Opioid And Compound Analgesics,February 2009
41407,269611000001108,60093020,5,Co-proxamol 32.5mg/325mg tablets (Ranbaxy (UK) Ltd),Dextropropoxyphene hydrochloride/Paracetamol,32.5mg + 325mg,Tablet,Oral,04070100,Non-Opioid And Compound Analgesics,March 2010
26294,218805001000027100,82100020,0,Benylin day and night Cold treatment (Pfizer Consumer Healthcare Ltd),Paracetamol/Phenylpropanolamine Hydrochloride/Diphenhydramine Hydrochloride,,Cold Treatment,Oral,03040102/03100000,Sedating Antihistamines/Systemic Nasal Decongestants,February 2009
164,123211000001102,57784020,145065,Minocin 50mg tablets (Wyeth Pharmaceuticals),Minocycline hydrochloride,50mg,Tablet,Oral,05010300/05011000/13060201,Tetracyclines/Antileprotic Drugs/Oral Antibacterials For Acne,February 2009
67975,580011000001103,00832020,1,Amiodarone 200mg tablets (Alliance Healthcare (Distribution) Ltd),Amiodarone hydrochloride,200mg,Tablet,Oral,02030201,Supraventricular & Ventricular Arrhythmias,October 2016
74576,30971711000001104,60351021,0,Boots Blocked Nose & Headache Relief capsules (The Boots Company Plc),Paracetamol/Caffeine/Phenylephrine hydrochloride,300mg + 25mg + 5mg,Capsule,Oral,03095000,Miscellaneous Cough & Cold Preparations,February 2019
121,39704711000001104,66948020,43174,Tetracycline 250mg capsules,Tetracycline hydrochloride,250mg,Capsule,Oral,05010300/13060201,Tetracyclines/Oral Antibacterials For Acne,February 2009
34888,16935001000027108,50165020,196,Oxytetracycline 250mg Tablet (C P Pharmaceuticals Ltd),Oxytetracycline dihydrate,250mg,Tablet,Oral,05010300/13060201,Tetracyclines/Oral Antibacterials For Acne,February 2009
38412,209745001000027100,79215020,94,"Vitamin a, c & d with 6 other vitamins (combination no1) capsules",Nicotinamide/Calcium Pantothenate/Pyridoxine Hydrochloride/Thiamine Nitrate/Vitamin A/Vitamin D/Ascorbic Acid/Riboflavin/Alpha Tocopheryl Acetate,,Capsules,Oral,09060700,Multivitamin And Multimineral Preparations,February 2009
50009,9096911000001104,21193020,2004,Paracetamol 120mg/5ml oral suspension 5ml sachets,Paracetamol,24mg/1ml,Oral suspension,Oral,04070100,Non-Opioid And Compound Analgesics,January 2013
71614,20913611000001104,42259020,4,Co-codamol 15mg/500mg tablets (Zentiva Pharma UK Ltd),Codeine phosphate/Paracetamol,15mg + 500mg,Tablet,Oral,04070100/04070200,Non-Opioid And Compound Analgesics/Opioid Analgesics,February 2018
62796,22588711000001104,16416021,0,Amiodarone 100mg tablets (DE Pharmaceuticals),Amiodarone hydrochloride,100mg,Tablet,Oral,02030201,Supraventricular & Ventricular Arrhythmias,April 2015
30618,220415001000027100,82582020,165,Estroven Tablet (Estroven Ltd),Calcium/Folic Acid/Iodine/Nicotinic Acid/Riboflavin/Pyridoxine/Soya Oil/Alpha Tocopherol/Arrowroot/Selenium/Thiamine/Vitamin B12,,Tablet,Oral,09060750,-,February 2009
13327,917911000001109,76426020,5571,Deteclo 300mg tablets (Mercury Pharma Group Ltd),Chlortetracycline hydrochloride/Tetracycline hydrochloride/Demeclocycline hydrochloride,115.4mg + 115.4mg + 69.2mg,Tablet,Oral,00000000,Unknown,February 2009
22753,4027911000001101,86632020,179,Combivir 150mg/300mg tablets (ViiV Healthcare UK Ltd),Zidovudine/Lamivudine,300mg + 150mg,Tablet,Oral,05030150,Nucleoside Reverse Transcriptase Inhibitors,February 2009
30070,217815001000027100,81827020,2,Paraclear extra Tablet (Roche Consumer Health),Paracetamol/Caffeine,500mg + 65mg,Tablet,Oral,04070100,Non-Opioid And Compound Analgesics,February 2009
27337,112485001000027100,62749020,4,Benylin four flu Liquid (Pfizer Consumer Healthcare Ltd),Paracetamol/Pseudoephedrine Hydrochloride/Diphenhydramine Hydrochloride,,Liquid,Oral,03040102/04070100,Sedating Antihistamines/Non-Opioid And Compound Analgesics,February 2009
47026,17629711000001108,98859020,23,Lemsip Max All in One Cold & Flu capsules (Reckitt Benckiser Healthcare (UK) Ltd),Phenylephrine hydrochloride/Paracetamol/Guaifenesin,6.1mg + 500mg + 100mg,Capsule,Oral,03095000,Miscellaneous Cough & Cold Preparations,March 2012
43244,165865001000027100,70233020,99,Co-codamol 30mg+500mg Effervescent tablet (Hillcross Pharmaceuticals Ltd),Codeine phosphate/Paracetamol,30mg + 500mg,Effervescent tablet,Oral,04070100/04070200,Non-Opioid And Compound Analgesics/Opioid Analgesics,August 2010
386,39704811000001110,59241020,251470,Tetracycline 250mg tablets,Tetracycline hydrochloride,250mg,Tablet,Oral,05010300/13060201,Tetracyclines/Oral Antibacterials For Acne,February 2009
51819,17886511000001108,04325020,0,Co-codamol 8mg/500mg capsules (Phoenix Healthcare Distribution Ltd),Codeine phosphate/Paracetamol,8mg + 500mg,Capsule,Oral,04070100/04070200,Non-Opioid And Compound Analgesics/Opioid Analgesics,January 2013
26988,217795001000027100,81824020,739,Paracets 500mg Tablet (Sussex Pharmaceutical Ltd),Paracetamol,500mg,Tablet,Oral,04070100,Non-Opioid And Compound Analgesics,February 2009
39523,624711000001105,96397020,673,Neotigason 10mg capsules (Teva UK Ltd),Acitretin,10mg,Capsule,Oral,13050201,Oral Retinoids For Psoriasis,April 2009
55290,186885001000027100,73431020,1,Paracetamol 300mg with phenylephrine 5mg & caffeine 25mg capsule,Caffeine/Paracetamol/Phenylephrine Hydrochloride,,,,03100000/04070100,Systemic Nasal Decongestants/Non-Opioid And Compound Analgesics,May 2013
50232,4949511000001106,14743020,223,Calpol Six Plus 250mg/5ml oral suspension 5ml sachets sugar free (McNeil Products Ltd),Paracetamol,50mg/1ml,Oral suspension,Oral,04070100,Non-Opioid And Compound Analgesics,January 2013
77587,29795511000001104,52234021,12,Co-codamol 30mg/500mg tablets (Sigma Pharmaceuticals Plc),Codeine phosphate/Paracetamol,30mg + 500mg,Tablet,Oral,04070100/04070200,Non-Opioid And Compound Analgesics/Opioid Analgesics,August 2019
56566,22394511000001104,15642021,1332,Paracetamol 500mg caplets (J M McGill Ltd),Paracetamol,500mg,Tablet,Oral,04070100,Non-Opioid And Compound Analgesics,August 2013
28140,240805001000027100,89354020,7,Pirilene 500mg Tablet (IDIS World Medicines),Pyrazinamide,500mg,Tablet,Oral,05010900,Antituberculosis Drugs,February 2009
34300,2851411000001109,56947020,693,Doxycycline 100mg capsules (Accord-UK Ltd),Doxycycline hyclate,100mg,Capsule,Oral,05010300/05040100/13060201,Tetracyclines/Antimalarials/Oral Antibacterials For Acne,February 2009
12533,43075001000027104,53418020,1,Virormone 25mg Tablet (Paines & Byrne Ltd),Methyltestosterone,25mg,Tablet,Oral,06040200,Male Sex Hormones And Antagonists,February 2009
8724,113455001000027100,62874020,264,Doxycycline (as hyclate) 50mg/5ml oral solution,Doxycycline Hyclate,50mg/5ml,Syrup,Oral,05010300/05040100,Tetracyclines/Antimalarials,February 2009
34397,118265001000027100,63582020,41,Co-proxamol 32.5mg+325mg Tablet (M & A Pharmachem Ltd),Dextropropoxyphene hydrochloride/Paracetamol,32.5mg + 325mg,Tablet,Oral,04070100/04070200,Non-Opioid And Compound Analgesics/Opioid Analgesics,February 2009
23077,103885001000027100,61581020,45,Paracetamol 120mg/5ml Oral suspension sugar free (Pinewood Healthcare),Paracetamol,120mg/5ml,Oral Suspension,Oral,04070100,Non-Opioid And Compound Analgesics,February 2009
32839,382911000001102,51549020,6910,Paracetamol 500mg tablets (A A H Pharmaceuticals Ltd),Paracetamol,500mg,Tablet,Oral,04070100,Non-Opioid And Compound Analgesics,February 2009
25761,155775001000027100,68666020,40,Retrovir 250mg Capsule (GlaxoSmithKline UK Ltd),Zidovudine,250mg,Capsule,Oral,05030150,Nucleoside Reverse Transcriptase Inhibitors,February 2009
38943,107711000001106,95889020,840,Medinol Paediatric paracetamol 120mg/5ml oral suspension (SSL International Plc),Paracetamol,24mg/1ml,Oral suspension,Oral,04070100,Non-Opioid And Compound Analgesics,February 2009
58582,596311000001101,04203020,9,Paracetamol 500mg tablets (Teva UK Ltd),Paracetamol,500mg,Tablet,Oral,04070100,Non-Opioid And Compound Analgesics,January 2014
53501,16172411000001108,04827020,1,Epilim Chrono 500 tablets (Lexon (UK) Ltd),Sodium valproate,500mg,Modified-release tablet,Oral,04080100,Control Of Epilepsy,January 2013
32419,2848011000001109,54617020,35,Doxycycline 50mg capsules (Teva UK Ltd),Doxycycline hyclate,50mg,Capsule,Oral,05010300/05040100/13060201,Tetracyclines/Antimalarials/Oral Antibacterials For Acne,February 2009
76477,11141611000001100,29091020,2,Depakote 125mg sprinkle gastro-resistant capsules (Imported (United States)),Valproate semisodium,125mg,Gastro-resistant capsule,Oral,04080100,Control Of Epilepsy,May 2019
53195,18576511000001108,04815020,2,Epilim Chrono 200 tablets (DE Pharmaceuticals),Sodium valproate,200mg,Modified-release tablet,Oral,04080100,Control Of Epilepsy,January 2013
31209,754111000001102,48473020,384,Amiodarone 100mg tablets (A A H Pharmaceuticals Ltd),Amiodarone hydrochloride,100mg,Tablet,Oral,02030201,Supraventricular & Ventricular Arrhythmias,February 2009
63343,4933311000001104,14664020,0,Generic Crampex tablets,Colecalciferol/Calcium gluconate/Nicotinic acid,20microgram + 200mg + 20mg,Tablet,Oral,10020202,Other Muscle Relaxants,June 2015
61355,14201611000001100,05792020,0,Doxycycline 50mg capsules (Healthcare Pharma Ltd),Doxycycline hyclate,50mg,Capsule,Oral,05010300/05040100/13060201,Tetracyclines/Antimalarials/Oral Antibacterials For Acne,October 2014
30780,34645001000027104,52300020,49,Methotrexate 2.5mg Tablet (Pharmacia Ltd),Methotrexate,2.5mg,Tablet,Oral,01050300/08010300,Products Affecting The Immune Response In Chronic Bowel Problems/Antimetabolites,February 2009
26747,114225001000027100,62972020,18,Doxycycline 100mg Tablet (Neo Laboratories Ltd),Doxycycline Hyclate,100mg,Tablet,Oral,05010300/05040100,Tetracyclines/Antimalarials,February 2009
56818,11756011000001108,93017020,2,Revlimid 15mg capsules (Bristol-Myers Squibb Pharmaceuticals Ltd),Lenalidomide,15mg,Capsule,Oral,08020405,Lenalidomide And Thalidomide,August 2013
57433,17987211000001100,09672020,10,Boots Paracetamol Extra tablets (The Boots Company Plc),Paracetamol/Caffeine,500mg + 65mg,Tablet,Oral,04070100,Non-Opioid And Compound Analgesics,October 2013
21076,80535001000027100,58265020,26,Octovit Tablet (Goldshield Pharmaceuticals Ltd),Thiamine Nitrate/Vitamin A/Ascorbic Acid/Alpha Tocopheryl Acetate/Colecalciferol,,Tablet,Oral,09010101/09060700,Oral Iron/Multivitamin And Multimineral Preparations,February 2009
79703,12701511000001100,32785020,3,Mercaptopurine 50mg/5ml oral suspension,Mercaptopurine,10mg/1ml,Oral suspension,Oral,01050300/08010300,Products Affecting The Immune Response In Chronic Bowel Problems/Antimetabolites,January 2020
23318,217765001000027100,81813020,4,Sinutab nightime Tablet (Warner Lambert UK Ltd),Paracetamol/Phenylpropanolamine Hydrochloride/Phenyltoloxamin,,Tablet,Oral,03100000/04070100,Systemic Nasal Decongestants/Non-Opioid And Compound Analgesics,February 2009
11614,322780008,85104020,5154,Paracetamol 500mg / Domperidone 10mg tablets,Paracetamol/Domperidone maleate,500mg + 10mg,Tablet,Oral,00000000,Unknown,February 2009
29418,193035001000027100,74561020,4,Dentomycin 2% w/v Dental gel (Wyeth Pharmaceuticals),Minocycline hydrochloride,20mg/1ml,Dental gel,Dental/Gingival,05010300/12030200,Tetracyclines/Oropharyngeal Anti-Infective Drugs,February 2009
823,41792011000001104,64502020,3254364,Methotrexate 2.5mg tablets,Methotrexate,2.5mg,Tablet,Oral,01050300/08010300/10010302/13050300,Products Affecting The Immune Response In Chronic Bowel Problems/Antimetabolites/Drugs Affecting The Immune Response In Rheumatic Disease/Drugs Affecting The Immune Response For Eczema And Psoriasis,February 2009
34515,21611000001108,60186020,175,Amiodarone 200mg tablets (Viatris UK Healthcare Ltd),Amiodarone hydrochloride,200mg,Tablet,Oral,02030201,Supraventricular & Ventricular Arrhythmias,February 2009
5243,322250004,73001020,22221,Paracetamol 500mg suppositories,Paracetamol,500mg,Suppository,Rectal,04070100,Non-Opioid And Compound Analgesics,February 2009
1762,127375001000027100,64851020,46413,Dextropropoxyphene HCl with paracetamol 32.5mg with 325mg tablets,Dextropropoxyphene Hydrochloride/Paracetamol,32.5mg + 325mg,Tablets,Oral,04070100/04070200,Non-Opioid And Compound Analgesics/Opioid Analgesics,February 2009
8360,19195001000027104,50439020,378,Neotigason 25mg Capsule (Roche Products Ltd),Acitretin,25mg,Capsule,Oral,13050200,Preparations For Psoriasis,February 2009
67793,9752611000001106,71911020,0,Amiodarone 100mg tablets (Milpharm Ltd),Amiodarone hydrochloride,100mg,Tablet,Oral,02030201,Supraventricular & Ventricular Arrhythmias,October 2016
56037,201811000001107,74394020,0,Methotrexate 2.5mg tablets (A A H Pharmaceuticals Ltd),Methotrexate,2.5mg,Tablet,Oral,01050300/08010300/10010302/13050300,Products Affecting The Immune Response In Chronic Bowel Problems/Antimetabolites/Drugs Affecting The Immune Response In Rheumatic Disease/Drugs Affecting The Immune Response For Eczema And Psoriasis,August 2013
23652,20215001000027104,50573020,6,Mynah 200 Tablet (Wyeth Pharmaceuticals),Ethambutol Hydrochloride/Isoniazid,,Tablet,Oral,05010900,Antituberculosis Drugs,February 2009
2586,70875001000027104,57029020,7023,Disprol 120mg/5ml Oral suspension (Reckitt Benckiser Healthcare (UK) Ltd),Paracetamol,120mg/5ml,Oral Suspension,Oral,04070100,Non-Opioid And Compound Analgesics,February 2009
58855,22011311000001104,47330020,192,Co-codamol 30mg/500mg capsules (Waymade Healthcare Plc),Codeine phosphate/Paracetamol,30mg + 500mg,Capsule,Oral,04070100/04070200,Non-Opioid And Compound Analgesics/Opioid Analgesics,February 2014
7450,133245001000027100,65567020,10,Pentazocine 15mg with paracetamol 500mg tablet,Paracetamol/Pentazocine Hydrochloride,500mg + 15mg,Tablets,Oral,04070100/04070200,Non-Opioid And Compound Analgesics/Opioid Analgesics,February 2009
29488,394411000001102,49335020,10716,Co-codamol 8mg/500mg effervescent tablets (Zentiva Pharma UK Ltd),Codeine phosphate/Paracetamol,8mg + 500mg,Effervescent tablet,Oral,04070100/04070200,Non-Opioid And Compound Analgesics/Opioid Analgesics,February 2009
46898,19191911000001104,00471021,9438,Codipar 15mg/500mg capsules (Advanz Pharma),Paracetamol/Codeine phosphate,500mg + 15mg,Capsule,Oral,04070100/04070200,Non-Opioid And Compound Analgesics/Opioid Analgesics,March 2012
31196,932111000001102,56180020,1407,Paracetamol 500mg tablets (IVAX Pharmaceuticals UK Ltd),Paracetamol,500mg,Tablet,Oral,04070100,Non-Opioid And Compound Analgesics,February 2009
75375,10945001000027104,49373020,322,Co-proxamol 32.5/325 Tablet (Celltech Pharma Europe Ltd),Dextropropoxyphene hydrochloride/Paracetamol,32.5mg + 325mg,Tablet,Oral,04070100/04070200,Non-Opioid And Compound Analgesics/Opioid Analgesics,March 2019
28598,240405001000027100,89020020,19,Paracetamol with dihydrocodeine 500mg +10mg/5ml suspension sugar free,Dihydrocodeine Tartrate/Paracetamol,500mg +10mg/5ml,Suspension Sugar-Free,Oral,04070100/04070200,Non-Opioid And Compound Analgesics/Opioid Analgesics,February 2009
4606,41954211000001104,66348020,7210,Pyrazinamide 500mg tablets,Pyrazinamide,500mg,Tablet,Oral,05010900,Antituberculosis Drugs,February 2009
8284,88675001000027100,59242020,274,Tetracycline 125mg/5ml syrup,Tetracycline Hydrochloride,125mg/5ml,Syrup,Oral,05010300/13060201,Tetracyclines/Oral Antibacterials For Acne,February 2009
4195,552511000001100,69793020,140966,Epilim 100mg crushable tablets (Sanofi),Sodium valproate,100mg,Tablet,Oral,04080100,Control Of Epilepsy,February 2009
9462,136675001000027100,65988020,12862,Paracetamol 500mg with codeine phosphate 8mg effervescent tablet,Codeine Phosphate/Paracetamol,500mg + 8mg,Effervescent Tablet,Oral,04070100/04070200,Non-Opioid And Compound Analgesics/Opioid Analgesics,February 2009
82353,11118811000001100,12928020,0,Forceval capsules (Waymade Healthcare Plc),Zinc/Ascorbic acid/Biotin/Cyanocobalamin/Folic acid/Nicotinamide/Pantothenic acid/Pyridoxine/Riboflavin/Calcium/Chromium/Copper/Iodine/Iron/Ergocalciferol/Tocopheryl acetate/Selenium/Vitamin A/Thiamine/Magnesium/Manganese/Molybdenum/Potassium/Phosphorus,15mg + 60mg + 100microgram + 3microgram + 400microgram + 18mg + 4mg + 2mg + 1.6mg + 100mg + 200microgram + 2mg + 140microgram + 12mg + 400unit + 10mg + 50microgram + 2500unit + 1.2mg + 30mg + 3mg + 250microgram + 4mg + 77mg,Capsule,Oral,09060700,Multivitamin And Multimineral Preparations,January 2021
52020,15361911000001108,36208020,33,Isotretinoin 20mg tablets,Isotretinoin,20mg,Tablet,Oral,13060203,Oral Retinoids For Acne,January 2013
72131,30844311000001108,57310021,0,Paracetamol 500mg capsules (Mawdsley-Brooks & Company Ltd),Paracetamol,500mg,Capsule,Oral,04070100,Non-Opioid And Compound Analgesics,May 2018
29342,118185001000027100,63572020,411,Co-codamol 8mg+500mg Tablet (M & A Pharmachem Ltd),Codeine phosphate/Paracetamol,8mg + 500mg,Tablet,Oral,04070100/04070200,Non-Opioid And Compound Analgesics/Opioid Analgesics,February 2009
33671,2853211000001109,62654020,29,Doxycycline 100mg capsules (Kent Pharma (UK) Ltd),Doxycycline hyclate,100mg,Capsule,Oral,05010300/05040100/13060201,Tetracyclines/Antimalarials/Oral Antibacterials For Acne,February 2009
62257,24995611000001104,27379021,140,Sudafed Congestion & Headache Relief Max Strength capsules (McNeil Products Ltd),Caffeine/Phenylephrine hydrochloride/Paracetamol,25mg + 6.1mg + 500mg,Capsule,Oral,03095000,Miscellaneous Cough & Cold Preparations,January 2015
79422,11026611000001104,74127020,0,Methotrexate 10mg tablets (Wockhardt UK Ltd),Methotrexate,10mg,Tablet,Oral,01050300/08010300/10010302/13050300,Products Affecting The Immune Response In Chronic Bowel Problems/Antimetabolites/Drugs Affecting The Immune Response In Rheumatic Disease/Drugs Affecting The Immune Response For Eczema And Psoriasis,December 2019
52966,4934411000001109,14679020,0,Generic Solpadeine Plus tablets,Caffeine/Codeine phosphate/Paracetamol,30mg + 8mg + 500mg,Tablet,Oral,04070100/04070200,Non-Opioid And Compound Analgesics/Opioid Analgesics,January 2013
68457,8818511000001104,93359020,66,Sodium valproate 300mg suppositories,Sodium valproate,300mg,Suppository,Rectal,04080100,Control Of Epilepsy,December 2016
80695,37897811000001104,90655021,0,Doxycycline 50mg capsules (Dawa Ltd),Doxycycline hyclate,50mg,Capsule,Oral,05010300/05040100/13060201,Tetracyclines/Antimalarials/Oral Antibacterials For Acne,May 2020
68714,4349611000001101,13989020,0,Generic Benylin Four Flu tablets,Paracetamol/Pseudoephedrine hydrochloride/Diphenhydramine hydrochloride,500mg + 22.5mg + 12.5mg,Tablet,Oral,03095000,Miscellaneous Cough & Cold Preparations,January 2017
57900,22785311000001108,17205021,100523,Co-codamol 30mg/500mg caplets (A A H Pharmaceuticals Ltd),Codeine phosphate/Paracetamol,30mg + 500mg,Tablet,Oral,04070100/04070200,Non-Opioid And Compound Analgesics/Opioid Analgesics,December 2013
36152,4769311000001102,90897020,32,Propain caplets (Ceuta Healthcare Ltd),Caffeine/Diphenhydramine hydrochloride/Paracetamol/Codeine phosphate,50mg + 5mg + 400mg + 10mg,Tablet,Oral,04070000,Analgesics,February 2009
59538,22222111000001104,14812021,0,Methotrexate 10mg tablets (Teva UK Ltd),Methotrexate,10mg,Tablet,Oral,01050300/08010300/10010302/13050300,Products Affecting The Immune Response In Chronic Bowel Problems/Antimetabolites/Drugs Affecting The Immune Response In Rheumatic Disease/Drugs Affecting The Immune Response For Eczema And Psoriasis,April 2014
82803,38858011000001104,94879021,153,Co-codamol 30mg/500mg caplets (Medihealth (Northern) Ltd),Codeine phosphate/Paracetamol,30mg + 500mg,Tablet,Oral,04070100/04070200,Non-Opioid And Compound Analgesics/Opioid Analgesics,January 2021
1046,41948311000001104,62868020,4926037,Doxycycline 100mg capsules,Doxycycline hyclate,100mg,Capsule,Oral,05010300/05040100/13060201,Tetracyclines/Antimalarials/Oral Antibacterials For Acne,February 2009
18922,11507911000001104,87111020,120,Solpadeine Headache soluble tablets (Omega Pharma Ltd),Paracetamol/Caffeine,500mg + 65mg,Effervescent tablet,Oral,04070100,Non-Opioid And Compound Analgesics,February 2009
10099,173775001000027100,71315020,7676,Paracetamol 500mg with codeine phosphate 8mg & buclizine 6.25mg,Buclizine Hydrochloride/Codeine Phosphate/Paracetamol,500mg+8mg+6.25mg,Tablets,Oral,03040102/04070401,Sedating Antihistamines/Acute Migraine,February 2009
28712,234565001000027100,86517020,29,Galpamol 120mg/5ml Oral suspension (Galpharm International Ltd),Paracetamol,120mg/5ml,Oral Suspension,Oral,04070100,Non-Opioid And Compound Analgesics,February 2009
20842,218165001000027100,81937020,12,Phyllosan Tablet (SSL International Plc),Thiamine Nitrate/Ferrous Fumarate/Ascorbic Acid/Riboflavin/Nicotinic Acid,,Tablet,Oral,09010101/09060700,Oral Iron/Multivitamin And Multimineral Preparations,February 2009
18441,538011000001105,58883020,349,Alvedon 60mg suppositories (Esteve Pharmaceuticals Ltd),Paracetamol,60mg,Suppository,Rectal,04070100,Non-Opioid And Compound Analgesics,February 2009
18514,234765001000027100,86616020,22,Lamivudine with zidovudine fc 150mg + 300mg Tablet,Lamivudine/Zidovudine,150mg + 300mg,Tablet,Oral,05030150,Nucleoside Reverse Transcriptase Inhibitors,February 2009
80829,33563011000001104,71033021,1,Combogesic 500mg/150mg tablets (Thornton & Ross Ltd),Ibuprofen/Paracetamol,150mg + 500mg,Tablet,Oral,04070100,Non-Opioid And Compound Analgesics,May 2020
46498,205075001000027100,77653020,1,Paracetamol 1000mg with phenylephrine 12mg & ascorbic acid 100mg sachet,Paracetamol/Phenylephrine Hydrochloride/Ascorbic Acid,1000mg + 12mg + 100mg,Sachets,Oral,03100000/04070100,Systemic Nasal Decongestants/Non-Opioid And Compound Analgesics,December 2011
48311,8095111000001103,04312020,20054,Co-codamol 30mg/500mg caplets (Kent Pharma (UK) Ltd),Codeine phosphate/Paracetamol,30mg + 500mg,Tablet,Oral,04070100/04070200,Non-Opioid And Compound Analgesics/Opioid Analgesics,January 2013
53208,17031711000001102,04308020,0,Co-proxamol 32.5mg/325mg tablets (Lexon (UK) Ltd),Dextropropoxyphene hydrochloride/Paracetamol,32.5mg + 325mg,Tablet,Oral,04070100,Non-Opioid And Compound Analgesics,January 2013
55772,8663711000001106,20477020,5,Mercaptopurine 25mg/5ml oral suspension,Mercaptopurine,5mg/1ml,Oral suspension,Oral,01050300/08010300,Products Affecting The Immune Response In Chronic Bowel Problems/Antimetabolites,June 2013
53079,15093811000001102,04304020,0,Co-dydramol 10mg/500mg tablets (Sigma Pharmaceuticals Plc),Dihydrocodeine tartrate/Paracetamol,10mg + 500mg,Tablet,Oral,04070100/04070200,Non-Opioid And Compound Analgesics/Opioid Analgesics,January 2013
12394,48835001000027104,54142020,319,Lobak Tablet (Sanofi-Synthelabo Ltd),Chlormezanone/Paracetamol,,Tablet,Oral,04070100,Non-Opioid And Compound Analgesics,February 2009
73476,214295001000027100,80677020,20,"Selenium with zinc, A,C & E tablet",Vitamin A/Ascorbic Acid/Alpha Tocopherol/Zinc/Selenium,,,,09060750,-,October 2018
82887,13232911000001108,04279020,7,Paracetamol 250mg/5ml oral suspension sugar free (Dowelhurst Ltd),Paracetamol,50mg/1ml,Oral suspension,Oral,04070100,Non-Opioid And Compound Analgesics,January 2021
16067,207795001000027100,78391020,11050,Sanatogen gold A to Z Tablet (Roche Consumer Health),Biotin/Sodium Molybdate/Ascorbic Acid/Borax/Silica/Vitamin A Acetate/Calcium Pantothenate/Folic Acid/Ferrous Fumarate/Magnesium Oxide/Nicotinic Acid/Potassium Chloride/Potassium Iodide/Pyridoxine Hydrochloride/Riboflavin/Alpha Tocopherol/Vitami,,Tablet,Oral,09060750,-,February 2009
34235,50165001000027104,54292020,1,Paracetamol 120mg Suppository (Penn Pharmaceuticals Ltd),Paracetamol,120mg,Suppository,Rectal,04070100,Non-Opioid And Compound Analgesics,February 2009
42332,17418411000001102,97932020,6232,Tramacet 37.5mg/325mg effervescent tablets (Grunenthal Ltd),Paracetamol/Tramadol hydrochloride,325mg + 37.5mg,Effervescent tablet,Oral,04070200,Opioid Analgesics,May 2010
899,316811000001106,55057020,3860,Calpol Six Plus 250mg/5ml oral suspension (McNeil Products Ltd),Paracetamol,50mg/1ml,Oral suspension,Oral,04070100,Non-Opioid And Compound Analgesics,February 2009
23716,12911000001103,63278020,7765,Paracetamol 500mg caplets (IVAX Pharmaceuticals UK Ltd),Paracetamol,500mg,Tablet,Oral,04070100,Non-Opioid And Compound Analgesics,February 2009
8432,27611000001104,72884020,3135,Drogenil 250mg tablets (Schering-Plough Ltd),Flutamide,250mg,Tablet,Oral,08030402,Prostate Cancer,February 2009
53756,21342111000001108,45202020,2,Acitretin 10mg capsules (Genus Pharmaceuticals Ltd),Acitretin,10mg,Capsule,Oral,13050201,Oral Retinoids For Psoriasis,February 2013
2800,49175001000027104,54181020,815,Panadol 500mg Soluble tablet (GlaxoSmithKline Consumer Healthcare),Paracetamol,500mg,Effervescent tablet,Oral,04070100,Non-Opioid And Compound Analgesics,February 2009
68562,4435411000001107,14037020,0,Generic Syndol caplets,Doxylamine succinate/Caffeine/Paracetamol/Codeine phosphate,5mg + 30mg + 450mg + 10mg,Tablet,Oral,00000000,Unknown,January 2017
33826,43045001000027104,53415020,21429,Paracetamol 500mg Tablet (Teva UK Ltd),Paracetamol,500mg,Tablet,Oral,04070100,Non-Opioid And Compound Analgesics,February 2009
17563,604311000001102,86857020,3560,Solpadeine Max 12.8mg/500mg tablets (Omega Pharma Ltd),Paracetamol/Codeine phosphate,500mg + 12.8mg,Tablet,Oral,04070100/04070200,Non-Opioid And Compound Analgesics/Opioid Analgesics,February 2009
43238,9554511000001104,71802020,990,Co-codamol 30mg/500mg effervescent tablets (Viatris UK Healthcare Ltd),Codeine phosphate/Paracetamol,30mg + 500mg,Effervescent tablet,Oral,04070100,Non-Opioid And Compound Analgesics,August 2010
16245,199535001000027100,76018020,120,Multivitamins with multiminerals Capsule,Pantothenic Acid/Biotin/Zinc Citrate/Magnesium Ascorbate/Pyridoxal-5-Phosphate/Calcium Citrate/Silica/Aminobenzoic Acid/Manganese Ascorbate/Vitamin A Acetate/Chromium Polynicotinate/Potassium Molybdate/Selenomethionine/Folic Acid/Hydroxocobalam,,Capsule,Oral,09060700,Multivitamin And Multimineral Preparations,February 2009
80287,37867611000001104,90562021,1,Neratinib 40mg tablets,Neratinib maleate,40mg,Tablet,Oral,08010551,Protein Kinase Inhibitors,March 2020
34175,2847611000001101,49594020,3680,Doxycycline 50mg capsules (A A H Pharmaceuticals Ltd),Doxycycline hyclate,50mg,Capsule,Oral,05010300/05040100/13060201,Tetracyclines/Antimalarials/Oral Antibacterials For Acne,February 2009
17773,165915001000027100,70239020,79,Paracetamol 500mg with phenylpropanolamine 25mg tablet,Paracetamol/Phenylpropanolamine Hydrochloride,500mg+25mg,Tablets,Oral,03090200/04070100,Demulcent And Expectorant Cough Preparations/Non-Opioid And Compound Analgesics,February 2009
10070,50605001000027104,54343020,26,Vitamins a & d emulsion,Vitamin A/Vitamin D,,Emulsion,Oral,09060100/09060400,Vitamin A/Vitamin D,February 2009
63962,9035511000001100,69519020,2,Paracetamol 500mg soluble tablets (Teva UK Ltd),Paracetamol,500mg,Effervescent tablet,Oral,04070100,Non-Opioid And Compound Analgesics,August 2015
47847,10822611000001104,73826020,814,Co-codamol 30mg/500mg capsules (Zentiva Pharma UK Ltd),Codeine phosphate/Paracetamol,30mg + 500mg,Capsule,Oral,04070100/04070200,Non-Opioid And Compound Analgesics/Opioid Analgesics,September 2012
17158,137185001000027100,66043020,2,Panadeine forte Tablet (Sanofi-Synthelabo Ltd),Codeine phosphate/Paracetamol,15mg + 500mg,Tablet,Oral,04070100/04070200,Non-Opioid And Compound Analgesics/Opioid Analgesics,February 2009
74848,10415611000001104,04809020,58,Sodium valproate 500mg gastro-resistant tablets (Arrow Generics Ltd),Sodium valproate,500mg,Gastro-resistant tablet,Oral,04080100,Control Of Epilepsy,February 2019
9759,3847111000001103,70973020,316785,Depakote 500mg gastro-resistant tablets (Sanofi),Valproate semisodium,500mg,Gastro-resistant tablet,Oral,04020300/04070402,Products Used For Mania And Hypomania/Prophylaxis Of Migraine,February 2009
22988,218835001000027100,82110020,0,Day nurse with phenylpropanolamine and dextromethorphan Liquid (GlaxoSmithKline Consumer Healthcare),Dextromethorphan Hydrobromide/Paracetamol/Phenylpropanolamine Hydrochloride/Alcohol,,Liquid,Oral,03090200/04070100,Demulcent And Expectorant Cough Preparations/Non-Opioid And Compound Analgesics,February 2009
57441,928011000001103,74399020,1,Methotrexate 10mg tablets (A A H Pharmaceuticals Ltd),Methotrexate,10mg,Tablet,Oral,01050300/08010300/10010302/13050300,Products Affecting The Immune Response In Chronic Bowel Problems/Antimetabolites/Drugs Affecting The Immune Response In Rheumatic Disease/Drugs Affecting The Immune Response For Eczema And Psoriasis,October 2013
66538,14286711000001102,04323020,0,Co-codamol 8mg/500mg capsules (Alliance Healthcare (Distribution) Ltd),Codeine phosphate/Paracetamol,8mg + 500mg,Capsule,Oral,04070100/04070200,Non-Opioid And Compound Analgesics/Opioid Analgesics,June 2016
78301,22105511000001108,14675021,11,Paracetamol 500mg/5ml oral suspension (Royal Preston Hospital mucilage formula) (Special Order),Paracetamol,100mg/1ml,Oral suspension,Oral,04070100,Non-Opioid And Compound Analgesics,November 2019
67779,15037811000001104,76249020,1,Co-dydramol 10mg/500mg tablets (Wockhardt UK Ltd),Dihydrocodeine tartrate/Paracetamol,10mg + 500mg,Tablet,Oral,04070100/04070200,Non-Opioid And Compound Analgesics/Opioid Analgesics,October 2016
77558,136411000001105,07339020,0,Methotrexate 10mg tablets (Alliance Healthcare (Distribution) Ltd),Methotrexate,10mg,Tablet,Oral,01050300/08010300/10010302/13050300,Products Affecting The Immune Response In Chronic Bowel Problems/Antimetabolites/Drugs Affecting The Immune Response In Rheumatic Disease/Drugs Affecting The Immune Response For Eczema And Psoriasis,August 2019
58885,15109411000001108,07341020,0,Methotrexate 10mg tablets (Sigma Pharmaceuticals Plc),Methotrexate,10mg,Tablet,Oral,01050300/08010300/10010302/13050300,Products Affecting The Immune Response In Chronic Bowel Problems/Antimetabolites/Drugs Affecting The Immune Response In Rheumatic Disease/Drugs Affecting The Immune Response For Eczema And Psoriasis,February 2014
79062,143485001000027100,66970020,1,Tetracycline with amphoteracin syrup,Tetracycline Hydrochloride/Amphotericin B,,,,05010300,Tetracyclines,December 2019
17705,39719111000001104,74564020,43,Minocycline 2% dental gel sugar free,Minocycline hydrochloride,20mg/1ml,Dental gel,Dental/Gingival,05010300/12030200,Tetracyclines/Oropharyngeal Anti-Infective Drugs,February 2009
33643,97875001000027100,60674020,882,Co-codamol 8mg+500mg Tablet (Family Health),Codeine phosphate/Paracetamol,8mg + 500mg,Tablet,Oral,04070100/04070200,Non-Opioid And Compound Analgesics/Opioid Analgesics,February 2009
32891,7951011000001108,51786020,55,Syndol caplets (Dendron Brands Ltd),Paracetamol/Doxylamine succinate/Caffeine/Codeine phosphate,450mg + 5mg + 30mg + 10mg,Tablet,Oral,04070000,Analgesics,February 2009
48622,3495511000001103,13350020,1022,Calpol Infant 120mg/5ml oral suspension 5ml sachets sugar free (McNeil Products Ltd),Paracetamol,24mg/1ml,Oral suspension,Oral,04070100,Non-Opioid And Compound Analgesics,January 2013
79079,40675001000027104,53120020,2,Paracetamol 500mg Tablet (Thornton & Ross Ltd),Paracetamol,500mg,Tablet,Oral,04070100,Non-Opioid And Compound Analgesics,December 2019
36634,11476511000001106,93471020,7235,Episenta 1000mg modified-release granules sachets (Desitin Pharma Ltd),Sodium valproate,1gram,Modified-release granules,Oral,04020300/04080100,Products Used For Mania And Hypomania/Control Of Epilepsy,February 2009
16058,4747911000001101,83949020,565,Paracetamol 500mg / Pseudoephedrine hydrochloride 30mg tablets,Paracetamol/Pseudoephedrine hydrochloride,500mg + 30mg,Tablet,Oral,03095000,Miscellaneous Cough & Cold Preparations,February 2009
23075,8004411000001105,76633020,37,Beechams All-In-One tablets (Haleon UK Ltd),Paracetamol/Guaifenesin/Phenylephrine hydrochloride,250mg + 100mg + 5mg,Tablet,Oral,03095000,Miscellaneous Cough & Cold Preparations,February 2009
18773,17504911000001108,75525020,72,Prowess capsules (Harley Street Supplies Ltd),Methyltestosterone/Pemoline/Yohimbine hydrochloride,5mg + 10mg + 5mg,Capsule,Oral,07040500,Drugs For Erectile Dysfunction,February 2009
79319,14602411000001106,14143020,0,Sudafed Day capsules (McNeil Products Ltd),Caffeine/Phenylephrine hydrochloride/Paracetamol,25mg + 6.1mg + 500mg,Capsule,Oral,03095000,Miscellaneous Cough & Cold Preparations,December 2019
75245,244905001000027100,92241020,6,Thalidomide tablets,Thalidomide,,,,00802400,-,March 2019
57197,22038511000001104,14517021,0,Co-dydramol 10mg/500mg tablets (Waymade Healthcare Plc),Dihydrocodeine tartrate/Paracetamol,10mg + 500mg,Tablet,Oral,04070100/04070200,Non-Opioid And Compound Analgesics/Opioid Analgesics,September 2013
23840,49205001000027104,54184020,1,Panasorb 500mg Tablet (Sanofi-Synthelabo Ltd),Paracetamol,500mg,Tablet,Oral,04070100,Non-Opioid And Compound Analgesics,February 2009
5685,228555001000027100,85209020,351,Syndol easy to swallow Tablet (SSL International Plc),Caffeine/Codeine Phosphate/Doxylamine Succinate/Paracetamol,,Tablet,Oral,03040102/04070100,Sedating Antihistamines/Non-Opioid And Compound Analgesics,February 2009
73096,29903711000001108,53111021,3,Lenalidomide 20mg capsules,Lenalidomide,20mg,Capsule,Oral,08020405,Lenalidomide And Thalidomide,September 2018
7523,113465001000027100,62875020,1066,Doxycycline (as hyclate) 20mg capsules,Doxycycline Hyclate,20mg,Capsules,Oral,12030100,Drugs For Oral Ulceration And Inflammation,February 2009
7489,49155001000027104,54176020,692,Panadol baby & infant 120mg/5ml Oral suspension (GlaxoSmithKline Consumer Healthcare),Paracetamol,120mg/5ml,Oral Suspension,Oral,04070100,Non-Opioid And Compound Analgesics,February 2009
34305,118785001000027100,63640020,147,Paracetamol 500mg Tablet (M & A Pharmachem Ltd),Paracetamol,500mg,Tablet,Oral,04070100,Non-Opioid And Compound Analgesics,February 2009
31499,136585001000027100,65980020,1,Paracetamol with aspirin tablet,Paracetamol/Aspirin,,Tablets,Oral,04070100,Non-Opioid And Compound Analgesics,February 2009
60812,24158311000001108,23713021,1518,Paracetamol 500mg caplets (Ethigen Ltd),Paracetamol,500mg,Tablet,Oral,04070100,Non-Opioid And Compound Analgesics,August 2014
40980,15656211000001108,97284020,2318,Efracea 40mg modified-release capsules (Galderma (UK) Ltd),Doxycycline monohydrate,40mg,Modified-release capsule,Oral,05010300/13060000,Tetracyclines/Acne And Rosacea,December 2009
53973,2849911000001100,05789020,0,Doxycycline 50mg capsules (Alliance Healthcare (Distribution) Ltd),Doxycycline hyclate,50mg,Capsule,Oral,05010300/05040100/13060201,Tetracyclines/Antimalarials/Oral Antibacterials For Acne,March 2013
11325,204425001000027100,77473020,3129,Paracetamol 500mg with codeine phosphate 30 mg tablet,Codeine Phosphate/Paracetamol,500mg + 30mg,Tablets,Oral,04070100/04070200,Non-Opioid And Compound Analgesics/Opioid Analgesics,February 2009
73804,34611011000001104,77473021,0,Co-codamol 15mg/500mg capsules (Galen Ltd),Paracetamol/Codeine phosphate,500mg + 15mg,Capsule,Oral,04070100/04070200,Non-Opioid And Compound Analgesics/Opioid Analgesics,November 2018
85512,38854911000001104,94839021,0,Co-codamol 8mg/500mg capsules (Medihealth (Northern) Ltd),Codeine phosphate/Paracetamol,8mg + 500mg,Capsule,Oral,04070100/04070200,Non-Opioid And Compound Analgesics/Opioid Analgesics,January 2022
71175,23285411000001100,20049021,7,Imnovid 2mg capsules (Bristol-Myers Squibb Pharmaceuticals Ltd),Pomalidomide,2mg,Capsule,Oral,08020400,Other Immunomodulating Drugs,December 2017
47508,19207211000001104,00245021,754,Codipar 15mg/500mg effervescent tablets (Advanz Pharma),Codeine phosphate/Paracetamol,15mg + 500mg,Effervescent tablet,Oral,04070100/04070200,Non-Opioid And Compound Analgesics/Opioid Analgesics,July 2012
36019,118225001000027100,63577020,18,Co-dydramol 10mg+500mg Tablet (M & A Pharmachem Ltd),Dihydrocodeine tartrate/Paracetamol,10mg + 500mg,Tablet,Oral,04070100/04070200,Non-Opioid And Compound Analgesics/Opioid Analgesics,February 2009
14688,136935001000027100,66014020,14138,Paracetamol 500mg with dihydrocodeine 10mg tablet,Dihydrocodeine Tartrate/Paracetamol,500mg + 10mg,Tablets,Oral,04070100/04070200,Non-Opioid And Compound Analgesics/Opioid Analgesics,February 2009
17813,61415001000027104,55691020,937,Nicotinic acid 100mg Tablet,Nicotinic Acid,100mg,Tablet,Oral,02120500,Nicotinic Acid Group,February 2009
11945,30345001000027108,51785020,641,Syndol Tablet (SSL International Plc),Caffeine/Codeine Phosphate/Doxylamine Succinate/Paracetamol,,Tablet,Oral,03040102/04070100,Sedating Antihistamines/Non-Opioid And Compound Analgesics,February 2009
12016,5395001000027107,48666020,576,Chymocyclar Capsule (Rorer Pharmaceuticals Ltd),Chymotrypsin/Tetracycline Hydrochloride/Trypsin,,Capsule,Oral,05010300,Tetracyclines,February 2009
3152,34305001000027100,52260020,3998,Vibramycin 100mg Dispersible tablet (Pfizer Ltd),Doxycycline monohydrate,100mg,Dispersible tablet,Oral,05010300/05040100,Tetracyclines/Antimalarials,February 2009
63908,4481711000001105,14055020,0,Generic Beechams Flu-Plus caplets,Paracetamol/Caffeine/Phenylephrine hydrochloride,500mg + 25mg + 5mg,Tablet,Oral,03095000,Miscellaneous Cough & Cold Preparations,July 2015
67106,32474211000001104,66020021,3323,Co-codamol 30mg/500mg caplets (Wockhardt UK Ltd),Codeine phosphate/Paracetamol,30mg + 500mg,Tablet,Oral,04070100/04070200,Non-Opioid And Compound Analgesics/Opioid Analgesics,August 2016
38085,216195001000027100,81312020,66,Paracetamol 500mg with codeine phosphate 10mg capsule,Codeine Phosphate/Paracetamol,500mg + 10mg,Capsules,Oral,04070100/04070200,Non-Opioid And Compound Analgesics/Opioid Analgesics,February 2009
34150,51755001000027110,54482020,72,Valproate sodium 200mg Gastro-resistant tablet (IVAX Pharmaceuticals UK Ltd),Sodium valproate,200mg,Gastro-resistant tablet,Oral,04080100,Control Of Epilepsy,February 2009
50855,41741311000001104,09972020,787,Isotretinoin 40mg capsules,Isotretinoin,40mg,Capsule,Oral,13060203,Oral Retinoids For Acne,January 2013
41990,180555001000027100,72388020,357,Multivitamins with minerals Tablet,Pantothenic Acid/Ascorbic Acid/Calcium/Folic Acid/Iron/Nicotinic Acid/Riboflavin/Pyridoxine/Alpha Tocopherol/Vitamin A/Vitamin D/Thiamine/Vitamin B12,,Tablet,Oral,09060750,-,April 2010
6956,221795001000027100,83003020,494,Ocuvite Tablet (Intrapharm Laboratories Ltd),Zinc Oxide/Vitamin A/Ascorbic Acid/Alpha Tocopherol,,Tablet,Oral,09050400/09060700,Zinc/Multivitamin And Multimineral Preparations,February 2009
39194,783811000001103,95865020,1052,Rifinah 150mg/100mg tablets (Sanofi),Rifampicin/Isoniazid,150mg + 100mg,Tablet,Oral,05010900,Antituberculosis Drugs,April 2009
759,4325001000027106,48519020,10965,Calpol infant 120mg/5ml Liquid (McNeil Products Ltd),Paracetamol,120mg/5ml,Liquid,Oral,04070100,Non-Opioid And Compound Analgesics,February 2009
62743,11779711000001100,04246020,20,Boots Paracetamol 500mg capsules (The Boots Company Plc),Paracetamol,500mg,Capsule,Oral,04070100,Non-Opioid And Compound Analgesics,April 2015
31894,137045001000027100,66028020,1,Safapryn -Co Tablet (Pfizer Ltd),Codeine Phosphate/Paracetamol/Aspirin,,Tablet,Oral,04070100,Non-Opioid And Compound Analgesics,February 2009
65184,8673311000001102,20612020,13,Pyrazinamide 500mg/5ml oral suspension,Pyrazinamide,100mg/1ml,Oral suspension,Oral,05010900,Antituberculosis Drugs,January 2016
8885,220011000001104,75354020,1795,Orlept 500mg gastro-resistant tablets (Wockhardt UK Ltd),Sodium valproate,500mg,Gastro-resistant tablet,Oral,04080100,Control Of Epilepsy,February 2009
79352,14505001000027100,49879020,4,Isoniazid 100mg Tablet (C P Pharmaceuticals Ltd),Isoniazid,100mg,Tablet,Oral,05010900,Antituberculosis Drugs,December 2019
34468,194811000001109,59367020,18,Co-proxamol 32.5mg/325mg tablets (Sandoz Ltd),Dextropropoxyphene hydrochloride/Paracetamol,32.5mg + 325mg,Tablet,Oral,04070100,Non-Opioid And Compound Analgesics,February 2009
79404,85955001000027100,58847020,2,Doxycycline 50mg Capsule (Merck Generics (UK) Ltd),Doxycycline hyclate,50mg,Capsule,Oral,05010300/05040100,Tetracyclines/Antimalarials,December 2019
9380,39700811000001104,53943020,55319,Minocycline 100mg capsules,Minocycline hydrochloride,100mg,Capsule,Oral,05010300/05011000/13060201,Tetracyclines/Antileprotic Drugs/Oral Antibacterials For Acne,February 2009
77830,18456811000001104,00841020,0,Amiodarone 200mg tablets (Accord-UK Ltd),Amiodarone hydrochloride,200mg,Tablet,Oral,02030201,Supraventricular & Ventricular Arrhythmias,August 2019
20650,4930811000001101,73522020,69,Aspirin 300mg / Paracetamol 200mg dispersible tablets sugar free,Aspirin/Paracetamol,300mg + 200mg,Dispersible tablet,Oral,04070100,Non-Opioid And Compound Analgesics,February 2009
32184,3994211000001100,73457020,2,Beechams Cold & Flu capsules (Haleon UK Ltd),Paracetamol/Caffeine/Phenylephrine hydrochloride,300mg + 25mg + 5mg,Capsule,Oral,03095000,Miscellaneous Cough & Cold Preparations,February 2009
24445,175865001000027100,71659020,12,Paracetamol with promethazine hydrochloride tablet,Paracetamol/Promethazine Hydrochloride,,Tablets,Oral,03040102/04070100,Sedating Antihistamines/Non-Opioid And Compound Analgesics,February 2009
33058,4766111000001107,86465020,374,Epival CR 500mg tablets (G.L. Pharma UK Ltd),Sodium valproate,500mg,Modified-release tablet,Oral,04080100,Control Of Epilepsy,February 2009
19228,236875001000027100,87401020,109,Oxandrolone 2.5mg Tablet,Oxandrolone,2.5mg,Tablet,Oral,06040300,Anabolic Steroids,February 2009
31257,17307511000001104,65801020,6496,Paracetamol 500mg caplets (Galpharm International Ltd),Paracetamol,500mg,Tablet,Oral,04070100,Non-Opioid And Compound Analgesics,February 2009
901,195225001000027100,74893020,372502,Calpol 120mg/5ml Liquid (Pfizer Consumer Healthcare Ltd),Paracetamol,120mg/5ml,Liquid,Oral,04070100,Non-Opioid And Compound Analgesics,February 2009
23841,137015001000027100,66025020,0,Safapryn Tablet (Pfizer Ltd),Paracetamol/Aspirin,,Tablet,Oral,04070100,Non-Opioid And Compound Analgesics,February 2009
69131,21021411000001104,44138020,3,Generic Forceval Soluble tablets sugar free,Pyridoxine/Ergocalciferol/Ascorbic acid/Biotin/Nicotinamide/Pantothenic acid/Folic acid/Iron/Copper/Phosphorus/Calcium/Magnesium/Iodine/Potassium/Zinc/Manganese/Selenium/Chromium/Molybdenum/Cyanocobalamin/Thiamine/Alpha tocopheryl acetate/Vitamin A/Riboflavin,2mg + 400unit + 60mg + 100microgram + 18mg + 4mg + 400microgram + 12mg + 2mg + 51.5mg + 100mg + 30mg + 140microgram + 4mg + 15mg + 3mg + 50microgram + 200microgram + 250microgram + 3microgram + 1.2mg + 10mg + 2500unit + 1.6mg,Soluble tablet,Oral,09040251,Nutritional Supplements,April 2017
32035,233165001000027100,86099020,1,Paracetamol 240mg with phenylephrine 2.5mg sachet,Paracetamol/Phenylephrine Hydrochloride,240mg + 2.5mg,Sachets,Oral,03100000/04070100,Systemic Nasal Decongestants/Non-Opioid And Compound Analgesics,February 2009
800,42009511000001104,80053020,4181981,Co-codamol 30mg/500mg capsules,Codeine phosphate/Paracetamol,30mg + 500mg,Capsule,Oral,04070100/04070200,Non-Opioid And Compound Analgesics/Opioid Analgesics,February 2009
34229,63945001000027104,56031020,121,Co-codamol 8mg+500mg Dispersible tablet (Rhone-Poulenc Rorer Ltd),Codeine phosphate/Paracetamol,8mg + 500mg,Effervescent tablet,Oral,04070100/04070200,Non-Opioid And Compound Analgesics/Opioid Analgesics,February 2009
12869,125915001000027100,64646020,142,Metoclopramide with paracetamol 5mg + 500mg Sachets,Metoclopramide Hydrochloride/Paracetamol,5mg + 500mg,Sachets,Oral,04065500/04070401,Products Used Against Nausea And Vertigo - Domperidone & Metoclopramide/Acute Migraine,February 2009
67578,23307411000001100,20067021,3,Revlimid 2.5mg capsules (Bristol-Myers Squibb Pharmaceuticals Ltd),Lenalidomide,2.5mg,Capsule,Oral,08020405,Lenalidomide And Thalidomide,September 2016
46763,8671111000001100,00513021,296,Paracetamol 500mg/5ml oral suspension,Paracetamol,100mg/1ml,Oral suspension,Oral,04070100,Non-Opioid And Compound Analgesics,February 2012
34500,881011000001106,61746020,155,Paracetamol 500mg tablets (Kent Pharma (UK) Ltd),Paracetamol,500mg,Tablet,Oral,04070100,Non-Opioid And Compound Analgesics,February 2009
59986,24033511000001104,21777021,0,Co-codamol 30mg/500mg tablets (M & A Pharmachem Ltd),Codeine phosphate/Paracetamol,30mg + 500mg,Tablet,Oral,04070100/04070200,Non-Opioid And Compound Analgesics/Opioid Analgesics,May 2014
33710,171811000001104,67294020,495614,Paracetamol 500mg caplets (A A H Pharmaceuticals Ltd),Paracetamol,500mg,Tablet,Oral,04070100,Non-Opioid And Compound Analgesics,February 2009
55129,21835911000001100,47319020,417,Paracetamol 500mg caplets (Waymade Healthcare Plc),Paracetamol,500mg,Tablet,Oral,04070100,Non-Opioid And Compound Analgesics,May 2013
72110,35108011000001104,79492021,896,Co-dydramol 30mg/500mg tablets (A A H Pharmaceuticals Ltd),Dihydrocodeine tartrate/Paracetamol,30mg + 500mg,Tablet,Oral,04070100/04070200,Non-Opioid And Compound Analgesics/Opioid Analgesics,May 2018
66664,195795001000027100,75074020,1,Medised plain 120mg/5ml Oral suspension (SSL International Plc),Paracetamol,120mg/5ml,Oral Suspension,,04070100,Non-Opioid And Compound Analgesics,July 2016
34546,113555001000027100,62885020,1,Co-proxamol 32.5mg+325mg Tablet (Neo Laboratories Ltd),Dextropropoxyphene hydrochloride/Paracetamol,32.5mg + 325mg,Tablet,Oral,04070100/04070200,Non-Opioid And Compound Analgesics/Opioid Analgesics,February 2009
10993,183945001000027100,72976020,1275,Medinol 120mg/5ml Oral suspension (SSL International Plc),Paracetamol,120mg/5ml,Oral Suspension,Oral,04070100,Non-Opioid And Compound Analgesics,February 2009
49951,20310611000001100,40579020,4,Methotrexate 2.5mg tablets (Sandoz Ltd),Methotrexate,2.5mg,Tablet,Oral,01050300/08010300/10010302/13050300,Products Affecting The Immune Response In Chronic Bowel Problems/Antimetabolites/Drugs Affecting The Immune Response In Rheumatic Disease/Drugs Affecting The Immune Response For Eczema And Psoriasis,January 2013
1828,20445001000027100,50599020,5167,Mysteclin Tablet (Bristol-Myers Squibb Pharmaceuticals Ltd),Nystatin/Tetracycline Hydrochloride,,Tablet,Oral,05010300/05020000,Tetracyclines/Antifungals,February 2009
76985,16036711000001108,36777020,5,Nicotinic acid 50mg capsules,Nicotinic acid,50mg,Capsule,Oral,02120500,Nicotinic Acid Group,July 2019
96,42009811000001104,80055020,16159575,Co-codamol 30mg/500mg tablets,Codeine phosphate/Paracetamol,30mg + 500mg,Tablet,Oral,04070100/04070200,Non-Opioid And Compound Analgesics/Opioid Analgesics,February 2009
53984,21636411000001108,46685020,17263,Paracetamol 500mg/5ml oral suspension sugar free,Paracetamol,100mg/1ml,Oral suspension,Oral,04070100,Non-Opioid And Compound Analgesics,March 2013
20565,187345001000027100,73512020,80,Paracetamol 500mg with codeine phosphate 8mg & caffeine 30mg capsule,Caffeine/Codeine Phosphate/Paracetamol,500mg+8mg+30mg,Capsules,Oral,04070100/04070200,Non-Opioid And Compound Analgesics/Opioid Analgesics,February 2009
61963,26855011000001104,29688021,1066,Paracetamol 500mg caplets (Ennogen Healthcare Ltd),Paracetamol,500mg,Tablet,Oral,04070100,Non-Opioid And Compound Analgesics,January 2015
6535,41950911000001104,56025020,19691,Isoniazid 100mg tablets,Isoniazid,100mg,Tablet,Oral,05010900,Antituberculosis Drugs,February 2009
41281,7553411000001106,87780020,0,Carmustine 7.7mg implant,Carmustine,7.7mg,Implant,Intralesional,08010100,Alkylating Drugs,February 2010
71393,13003811000001108,33446020,1,Oxytetracycline 125mg/5ml oral suspension,Oxytetracycline dihydrate,25mg/1ml,Oral suspension,Oral,05010300/13060201,Tetracyclines/Oral Antibacterials For Acne,January 2018
56945,21838811000001100,47321020,0,Paracetamol 500mg soluble tablets (Waymade Healthcare Plc),Paracetamol,500mg,Effervescent tablet,Oral,04070100,Non-Opioid And Compound Analgesics,August 2013
14627,322804009,70535020,2810,Paracetamol 325mg / Isometheptene 65mg capsules,Paracetamol/Isometheptene mucate,325mg + 65mg,Capsule,Oral,04070100,Non-Opioid And Compound Analgesics,February 2009
30081,142645001000027100,66876020,181,Sodium valproate CR 500mg Tablet (Hillcross Pharmaceuticals Ltd),Sodium Valproate,500mg,Tablet,Oral,04080100,Control Of Epilepsy,February 2009
4584,41882711000001104,66925020,33505,Testosterone 40mg capsules,Testosterone undecanoate,40mg,Capsule,Oral,06040200,Male Sex Hormones And Antagonists,February 2009
34409,47855001000027104,54028020,144,Paracetamol 500mg Tablet (Co-operative),Paracetamol,500mg,Tablet,Oral,04070100,Non-Opioid And Compound Analgesics,February 2009
3417,387711000001102,51368020,22942,Restandol 40mg capsules (Organon Laboratories Ltd),Testosterone undecanoate,40mg,Capsule,Oral,06040200,Male Sex Hormones And Antagonists,February 2009
48597,835911000001102,04205020,23997,Paracetamol 500mg caplets (Alliance Healthcare (Distribution) Ltd),Paracetamol,500mg,Tablet,Oral,04070100,Non-Opioid And Compound Analgesics,January 2013
41137,251925001000027100,95189020,24,Sodium valproate with valproic acid 100mg modified release granules,Sodium Valproate,100mg,Modified Release Granules,Oral,04080100,Control Of Epilepsy,January 2010
17917,18515001000027104,50341020,438,Dihydrocodeine with paracetamol 20mg with 500mg effervescent tablets,Dihydrocodeine Tartrate/Paracetamol,20mg + 500mg,Effervescent Tablet,Oral,04070100/04070200,Non-Opioid And Compound Analgesics/Opioid Analgesics,February 2009
41278,170211000001106,57801020,479,Co-dydramol 10mg/500mg tablets (IVAX Pharmaceuticals UK Ltd),Dihydrocodeine tartrate/Paracetamol,10mg + 500mg,Tablet,Oral,04070100,Non-Opioid And Compound Analgesics,February 2010
3542,31065001000027108,51872020,4793,Terra-cortril Ear drops (Pfizer Ltd),Hydrocortisone Acetate/Oxytetracycline Hydrochloride/Polymyxin B Sulphate,,Ear Drops,Auricular,12010100,Drugs Acting On The Ear - Otitis Externa,February 2009
3724,3359711000001105,84215020,88489,Migraleve Yellow tablets (McNeil Products Ltd),Codeine phosphate/Paracetamol,8mg + 500mg,Tablet,Oral,04070100/04070200,Non-Opioid And Compound Analgesics/Opioid Analgesics,February 2009
19084,4761211000001109,82542020,59,Pharmaton Vitality capsules (Sanofi),Ginseng standardised extract/Colecalciferol/Alpha tocopheryl acetate/Thiamine nitrate/Riboflavin/Pyridoxine hydrochloride/Cyanocobalamin/Biotin/Nicotinamide/Ascorbic acid/Folic acid/Copper sulfate anhydrous/Sodium selenite/Magnesium sulfate dried/Ferrous sulfate dried/Zinc sulfate monohydrate/Calcium hydrogen phosphate anhydrous/Lecithin/Vitamin A palmitate,40mg + 200unit + 10mg + 1.4mg + 1.6mg + 2mg + 1microgram + 150microgram + 18mg + 60mg + 100microgram + 2mg + 50microgram + 10mg + 10mg + 1mg + 100mg + 100mg + 2667unit,Capsule,Oral,09040251,Nutritional Supplements,February 2009
656,360311000001104,68282020,1288070,Tylex 30mg/500mg capsules (UCB Pharma Ltd),Codeine phosphate/Paracetamol,30mg + 500mg,Capsule,Oral,04070100/04070200,Non-Opioid And Compound Analgesics/Opioid Analgesics,February 2009
31955,867411000001107,59006020,5,Flutamide 250mg tablets (Viatris UK Healthcare Ltd),Flutamide,250mg,Tablet,Oral,08030402,Prostate Cancer,February 2009
62778,23439711000001104,20339021,1,Tramacet 37.5mg/325mg tablets (Waymade Healthcare Plc),Paracetamol/Tramadol hydrochloride,325mg + 37.5mg,Tablet,Oral,04070200,Opioid Analgesics,April 2015
1640,232711000001100,53130020,712912,Kapake 30mg/500mg tablets (Galen Ltd),Codeine phosphate/Paracetamol,30mg + 500mg,Tablet,Oral,04070100/04070200,Non-Opioid And Compound Analgesics/Opioid Analgesics,February 2009
9163,62925001000027104,55875020,1619,Remedeine 20mg+500mg Effervescent tablet (Napp Pharmaceuticals Ltd),Dihydrocodeine Tartrate/Paracetamol,20mg+500mg,Effervescent Tablet,Oral,04070100/04070200,Non-Opioid And Compound Analgesics/Opioid Analgesics,February 2009
27452,488611000001100,50180020,3110,Paracetamol 500mg soluble tablets (Zentiva Pharma UK Ltd),Paracetamol,500mg,Effervescent tablet,Oral,04070100,Non-Opioid And Compound Analgesics,February 2009
42791,7259811000001100,68530020,2543,Co-codamol 30mg/500mg tablets (Sandoz Ltd),Codeine phosphate/Paracetamol,30mg + 500mg,Tablet,Oral,04070100,Non-Opioid And Compound Analgesics,July 2010
36849,8665011000001105,93912020,489,Methotrexate 10mg/5ml oral suspension,Methotrexate,2mg/1ml,Oral suspension,Oral,01050300/08010300/10010302/13050300,Products Affecting The Immune Response In Chronic Bowel Problems/Antimetabolites/Drugs Affecting The Immune Response In Rheumatic Disease/Drugs Affecting The Immune Response For Eczema And Psoriasis,February 2009
42706,10898611000001100,91720020,6,Feminax Period Pain capsules (Bayer Plc),Codeine phosphate/Paracetamol,8mg + 500mg,Capsule,Oral,04070100,Non-Opioid And Compound Analgesics,June 2010
48856,21020011000001104,44139020,33966,Forceval Soluble tablets (Alliance Pharmaceuticals Ltd),Pyridoxine/Ergocalciferol/Ascorbic acid/Biotin/Nicotinamide/Pantothenic acid/Folic acid/Iron/Copper/Phosphorus/Calcium/Magnesium/Iodine/Potassium/Zinc/Manganese/Selenium/Chromium/Molybdenum/Cyanocobalamin/Thiamine/Alpha tocopheryl acetate/Vitamin A/Riboflavin,2mg + 400unit + 60mg + 100microgram + 18mg + 4mg + 400microgram + 12mg + 2mg + 51.5mg + 100mg + 30mg + 140microgram + 4mg + 15mg + 3mg + 50microgram + 200microgram + 250microgram + 3microgram + 1.2mg + 10mg + 2500unit + 1.6mg,Soluble tablet,Oral,09040251,Nutritional Supplements,January 2013
72269,10194111000001108,28095020,1,Thalidomide 100mg tablets,Thalidomide,100mg,Tablet,Oral,05011000/08020405,Antileprotic Drugs/Lenalidomide And Thalidomide,May 2018
39020,489211000001107,95863020,6918,Rifinah 300mg/150mg tablets (Sanofi),Rifampicin/Isoniazid,300mg + 150mg,Tablet,Oral,05010900,Antituberculosis Drugs,February 2009
86852,40439211000001104,01322022,0,Co-codamol 15mg/500mg effervescent tablets sugar free (A A H Pharmaceuticals Ltd),Codeine phosphate/Paracetamol,15mg + 500mg,Effervescent tablet,Oral,04070100/04070200,Non-Opioid And Compound Analgesics/Opioid Analgesics,October 2022
4600,101165001000027100,61193020,38,Chlormezanone with paracetamol tablets,Chlormezanone/Paracetamol,,Tablets,Oral,04070100,Non-Opioid And Compound Analgesics,February 2009
32190,405511000001106,56514020,1,Flutamide 250mg tablets (A A H Pharmaceuticals Ltd),Flutamide,250mg,Tablet,Oral,08030402,Prostate Cancer,February 2009
25109,7948211000001109,79331020,11,Veganin tablets (Omega Pharma Ltd),Caffeine/Codeine phosphate/Paracetamol,30mg + 8mg + 500mg,Tablet,Oral,04070100/04070200,Non-Opioid And Compound Analgesics/Opioid Analgesics,February 2009
21828,2848211000001104,51713020,1101,Demix 50 capsules (Ashbourne Pharmaceuticals Ltd),Doxycycline hyclate,50mg,Capsule,Oral,05010300/05040100,Tetracyclines/Antimalarials,February 2009
9271,218945001000027100,82145020,472,Paracetamol 125mg/5ml syrup,Paracetamol,125mg/5ml,Syrup,Oral,04070100,Non-Opioid And Compound Analgesics,February 2009
24527,227185001000027100,84585020,27,Vitamins a & d with other vitamins & minerals capsules,Zinc Oxide/Lecithin/Nicotinamide/Calcium Phosphate/Inositol/Potassium Sulphate/Cobalt Sulphate/Copper Sulphate/Lysine Acetylsalicylate/Adenosine/Biotin/Choline Hydrogen Tartrate/Cyanocobalamin/Dexpanthenol/Pyridoxine Hydrochloride/Rutoside/Thiamine Nitrate/Vitamin A/Ethyl Linoleate/Sodium Molybdate/Magnesium Glycerophosphate/Ferrous Sulphate/Ascorbic Acid/Riboflavin/Alpha Tocopherol/Colecalciferol/Folic Acid/Manganese Sulphate/Orotic Acid Anhydrous,,Capsules,Oral,09060700,Multivitamin And Multimineral Preparations,February 2009
39427,251975001000027100,95195020,45,Sodium valproate with valproic acid 750mg modified release granules,Sodium Valproate,750mg,Modified Release Granules,Oral,04080100,Control Of Epilepsy,April 2009
40395,119011000001103,56314020,72,Sodium valproate 100mg tablets (Viatris UK Healthcare Ltd),Sodium valproate,100mg,Tablet,Oral,04080100,Control Of Epilepsy,September 2009
46132,3642711000001108,73908020,92,Vitamins A and D capsules BPC 1973 (A A H Pharmaceuticals Ltd),Vitamin A/Vitamin D,4000unit + 400unit,Capsule,Oral,09060100/09060400,Vitamin A/Vitamin D,September 2011
14655,165935001000027100,70241020,3,Paracetamol 500mg with phenylpropanolamine 12.5 mg tablet,Paracetamol/Phenylpropanolamine Hydrochloride,500mg + 12.5mg,Tablets,Oral,03090200/04070100,Demulcent And Expectorant Cough Preparations/Non-Opioid And Compound Analgesics,February 2009
3073,4638811000001102,73380020,246,Paracetamol 500mg / Pseudoephedrine hydrochloride 60mg tablets,Paracetamol/Pseudoephedrine hydrochloride,500mg + 60mg,Tablet,Oral,03095000,Miscellaneous Cough & Cold Preparations,February 2009
34861,468511000001102,56086020,24,Paracetamol 120mg suppositories (Martindale Pharmaceuticals Ltd),Paracetamol,120mg,Suppository,Rectal,04070100,Non-Opioid And Compound Analgesics,February 2009
1862,159945001000027100,69389020,38734,Paracetamol 500mg/5ml oral suspension sugar free,Paracetamol,500mg/5ml,Suspension Sugar-Free,Oral,04070100,Non-Opioid And Compound Analgesics,February 2009
84906,39071411000001104,95481021,2,Paracetamol 500mg caplets (Medihealth (Northern) Ltd),Paracetamol,500mg,Tablet,Oral,04070100,Non-Opioid And Compound Analgesics,October 2021
56076,19977911000001108,39721020,33,Sodium valproate 500mg/5ml oral suspension,Sodium valproate,100mg/1ml,Oral suspension,Oral,04080100,Control Of Epilepsy,August 2013
11,42010611000001104,62553020,12338998,Co-dydramol 10mg/500mg tablets,Dihydrocodeine tartrate/Paracetamol,10mg + 500mg,Tablet,Oral,04070100/04070200,Non-Opioid And Compound Analgesics/Opioid Analgesics,February 2009
46987,204765001000027100,77582020,2,Co-codamol 15mg+500mg Tablet (Hillcross Pharmaceuticals Ltd),Codeine phosphate/Paracetamol,15mg + 500mg,Tablet,Oral,04070100/04070200,Non-Opioid And Compound Analgesics/Opioid Analgesics,March 2012
9281,195385001000027100,74928020,22087,Sodium valproate with valproic acid 200mg modified release tablets,Sodium Valproate,200mg,Modified Release Tablet,Oral,04080100,Control Of Epilepsy,February 2009
7072,3805611000001109,78380020,2200296,Co-codamol 15mg/500mg tablets,Codeine phosphate/Paracetamol,15mg + 500mg,Tablet,Oral,04070100/04070200,Non-Opioid And Compound Analgesics/Opioid Analgesics,February 2009
88792,29918911000001100,52781021,0,Methotrexate 2.5mg tablets (Sigma Pharmaceuticals Plc),Methotrexate,2.5mg,Tablet,Oral,01050300/08010300/10010302/13050300,Products Affecting The Immune Response In Chronic Bowel Problems/Antimetabolites/Drugs Affecting The Immune Response In Rheumatic Disease/Drugs Affecting The Immune Response For Eczema And Psoriasis,September 2023
50482,13583011000001102,04212020,0,Paracetamol 500mg tablets (DE Pharmaceuticals),Paracetamol,500mg,Tablet,Oral,04070100,Non-Opioid And Compound Analgesics,January 2013
58288,22633711000001108,16709021,0,Co-codamol 30mg/500mg capsules (DE Pharmaceuticals),Codeine phosphate/Paracetamol,30mg + 500mg,Capsule,Oral,04070100/04070200,Non-Opioid And Compound Analgesics/Opioid Analgesics,December 2013
64368,27009811000001100,29690021,2,Paracetamol 500mg / Dihydrocodeine 30mg tablets (Icarus Pharmaceuticals Ltd),Dihydrocodeine tartrate/Paracetamol,30mg + 500mg,Tablet,Oral,04070100/04070200,Non-Opioid And Compound Analgesics/Opioid Analgesics,October 2015
81327,41948411000001104,92109021,268,Doxycycline 100mg tablets,Doxycycline hyclate,100mg,Tablet,Oral,05010300/05040100/13060201,Tetracyclines/Antimalarials/Oral Antibacterials For Acne,July 2020
19982,8796611000001103,87500020,1218,Mercaptopurine 10mg capsules,Mercaptopurine,10mg,Capsule,Oral,01050300/08010300,Products Affecting The Immune Response In Chronic Bowel Problems/Antimetabolites,February 2009
72288,35215611000001104,79771021,2138,Paracetamol 500mg caplets (Accord-UK Ltd),Paracetamol,500mg,Tablet,Oral,04070100,Non-Opioid And Compound Analgesics,May 2018
79878,24580711000001104,26704021,1,Generic Healthy Start Children's Vitamin drops,Vitamin A/Sodium ascorbate/Vitamin A and D3 concentrate/Vitamin D/Ascorbic acid,5000iu/1ml + 18.58mg/1ml + .55mg/1ml + 2000iu/1ml + 150mg/1ml,Oral drops,Oral,09060700,Multivitamin And Multimineral Preparations,February 2020
86547,38741511000001104,94308021,0,Co-codamol 8mg/500mg effervescent tablets sugar free (A A H Pharmaceuticals Ltd),Paracetamol/Codeine phosphate,500mg + 8mg,Effervescent tablet,Oral,04070100/04070200,Non-Opioid And Compound Analgesics/Opioid Analgesics,August 2022
21251,3996611000001107,82938020,301,Ultramol Soluble tablets (Zentiva Pharma UK Ltd),Paracetamol/Codeine phosphate/Caffeine,500mg + 8mg + 30mg,Effervescent tablet,Oral,04070000/04070200,Analgesics/Opioid Analgesics,February 2009
77,41953611000001104,59238020,3233575,Oxytetracycline 250mg tablets,Oxytetracycline dihydrate,250mg,Tablet,Oral,05010300/13060201,Tetracyclines/Oral Antibacterials For Acne,February 2009
41642,27275001000027108,51414020,1,Isoniazid 100mg Tablet (Approved Prescription Services Ltd),Isoniazid,100mg,Tablet,Oral,05010900,Antituberculosis Drugs,March 2010
34968,517411000001109,55234020,1639,Co-codamol 8mg/500mg tablets (Teva UK Ltd),Codeine phosphate/Paracetamol,8mg + 500mg,Tablet,Oral,04070100/04070200,Non-Opioid And Compound Analgesics/Opioid Analgesics,February 2009
78035,32785511000001100,69514021,15,Demeclocycline 300mg capsules,Demeclocycline hydrochloride,300mg,Capsule,Oral,05010300/06050200,Tetracyclines/Posterior Pituitary Hormones And Antagonists,September 2019
41410,241375001000027100,89624020,23,"Vitamin a, c & d with 10 other vitamins & zinc (combination 1) drops",Pantothenic Acid/Biotin/Ascorbic Acid/Nicotinic Acid/Phytomenadione/Riboflavin/Pyridoxine/Alpha Tocopherol/Vitamin A/Zinc Sulphate/Colecalciferol/Beta Carotene/Thiamine/Vitamin B12,,Drops,Oral,09060750,-,March 2010
66904,31920011000001104,61352021,1298,Co-codamol 8mg/500mg caplets (Wockhardt UK Ltd),Codeine phosphate/Paracetamol,8mg + 500mg,Tablet,Oral,04070100/04070200,Non-Opioid And Compound Analgesics/Opioid Analgesics,July 2016
11009,136805001000027100,66001020,380,Paracetamol 500mg with codeine phosphate 8mg & caffeine 30mg tablet,Caffeine/Codeine Phosphate/Paracetamol,500mg+8mg+30mg,Tablets,Oral,04070100/04070200,Non-Opioid And Compound Analgesics/Opioid Analgesics,February 2009
45106,13718711000001108,98811020,3871,Sodium valproate 250mg modified-release granules sachets sugar free,Sodium valproate,250mg,Modified-release granules,Oral,04080100,Control Of Epilepsy,May 2011
41276,15162411000001100,76494020,1,Co-codamol 8mg/500mg tablets (Almus Pharmaceuticals Ltd),Codeine phosphate/Paracetamol,8mg + 500mg,Tablet,Oral,04070100/04070200,Non-Opioid And Compound Analgesics/Opioid Analgesics,February 2010
27979,236355001000027100,87186020,25,Lemsip max cold and flu Capsule (Reckitt Benckiser Healthcare (UK) Ltd),Caffeine/Paracetamol/Phenylephrine Hydrochloride,,Capsule,Oral,03100000/04070100,Systemic Nasal Decongestants/Non-Opioid And Compound Analgesics,February 2009
84502,11597011000001100,29395020,0,Co-dydramol 10mg/500mg/5ml oral suspension sugar free (Rosemont Pharmaceuticals Ltd),Dihydrocodeine tartrate/Paracetamol,2mg/1ml + 100mg/1ml,Oral suspension,Oral,04070100,Non-Opioid And Compound Analgesics,September 2021
13577,41773011000001104,68671020,367,Zidovudine 250mg capsules,Zidovudine,250mg,Capsule,Oral,05030150,Nucleoside Reverse Transcriptase Inhibitors,February 2009
14137,41948511000001104,80705020,1550,Doxycycline 20mg tablets,Doxycycline hyclate,20mg,Tablet,Oral,12030100,Drugs For Oral Ulceration And Inflammation,February 2009
29558,213045001000027100,80213020,1,Maximum flu strength Tablet (Wockhardt UK Ltd),Caffeine/Paracetamol/Phenylephrine Hydrochloride,,Tablet,Oral,03100000/04070100,Systemic Nasal Decongestants/Non-Opioid And Compound Analgesics,February 2009
81609,847911000001106,74263020,51,Galake 10mg/500mg tablets (Galen Ltd),Dihydrocodeine tartrate/Paracetamol,10mg + 500mg,Tablet,Oral,04070100,Non-Opioid And Compound Analgesics,September 2020
34209,17145001000027106,50186020,36,Paracetamol 500mg/5ml Oral suspension sugar free (Rosemont Pharmaceuticals Ltd),Paracetamol,500mg/5ml,Oral Suspension,Oral,04070100,Non-Opioid And Compound Analgesics,February 2009
691,4205711000001107,53956020,810,Roaccutane 5mg capsules (Roche Products Ltd),Isotretinoin,5mg,Capsule,Oral,13060203,Oral Retinoids For Acne,February 2009
48100,17875711000001104,77573020,1,Tetracycline 250mg tablets (Teva UK Ltd),Tetracycline hydrochloride,250mg,Tablet,Oral,05010300/13060201,Tetracyclines/Oral Antibacterials For Acne,December 2012
49737,2854311000001104,05782020,0,Doxycycline 100mg capsules (Alliance Healthcare (Distribution) Ltd),Doxycycline hyclate,100mg,Capsule,Oral,05010300/05040100/13060201,Tetracyclines/Antimalarials/Oral Antibacterials For Acne,January 2013
7233,41796311000001104,86624020,9,Zidovudine 300mg / Lamivudine 150mg tablets,Zidovudine/Lamivudine,300mg + 150mg,Tablet,Oral,05030150,Nucleoside Reverse Transcriptase Inhibitors,February 2009
69043,30045311000001108,53442021,0,Co-proxamol 32.5mg/325mg tablets (DE Pharmaceuticals),Dextropropoxyphene hydrochloride/Paracetamol,32.5mg + 325mg,Tablet,Oral,04070100,Non-Opioid And Compound Analgesics,March 2017
2922,143445001000027100,66966020,146,Tetracycline 250mg with nystatin 250000units tablets,Nystatin/Tetracycline Hydrochloride,"250mg + 250,000 units",Tablets,Oral,05010300/05020000,Tetracyclines/Antifungals,February 2009
17703,3347011000001101,71404020,6303,Oxytetramix 250 tablets (Ashbourne Pharmaceuticals Ltd),Oxytetracycline dihydrate,250mg,Tablet,Oral,05010300/13060201,Tetracyclines/Oral Antibacterials For Acne,February 2009
58501,23260511000001108,17422021,443,Co-codamol 30mg/500mg caplets (AM Distributions (Yorkshire) Ltd),Codeine phosphate/Paracetamol,30mg + 500mg,Tablet,Oral,04070100/04070200,Non-Opioid And Compound Analgesics/Opioid Analgesics,January 2014
41142,257235001000027100,96832020,50,Sudafed non-drowsy sinus & pain Capsule (McNeil Products Ltd),Caffeine/Paracetamol/Phenylephrine Hydrochloride,,Capsule,Oral,03100000/04070100,Systemic Nasal Decongestants/Non-Opioid And Compound Analgesics,February 2010
39452,251965001000027100,95193020,12,Sodium valproate with valproic acid 500mg modified release granules,Sodium Valproate,500mg,Modified Release Granules,Oral,04080100,Control Of Epilepsy,April 2009
63543,24650811000001104,26747021,25,Paracetamol 500mg tablets (Sigma Pharmaceuticals Plc),Paracetamol,500mg,Tablet,Oral,04070100,Non-Opioid And Compound Analgesics,July 2015
75237,21759811000001104,47089020,0,Amiodarone 200mg tablets (Waymade Healthcare Plc),Amiodarone hydrochloride,200mg,Tablet,Oral,02030201,Supraventricular & Ventricular Arrhythmias,March 2019
75966,36752911000001104,85472021,733,Paracetamol 1g effervescent tablets sugar free,Paracetamol,1gram,Effervescent tablet,Oral,04070100,Non-Opioid And Compound Analgesics,April 2019
20116,4162111000001102,81241020,221,Paradote 100mg/500mg tablets (Sinclair IS Pharma Plc),Paracetamol,500mg,Tablet,Oral,04070100,Non-Opioid And Compound Analgesics,February 2009
33687,759411000001106,60443020,21,Paracetamol 250mg/5ml oral suspension sugar free (A A H Pharmaceuticals Ltd),Paracetamol,50mg/1ml,Oral suspension,Oral,04070100,Non-Opioid And Compound Analgesics,February 2009
34120,462911000001106,52411020,2294,Sodium valproate 200mg gastro-resistant tablets (A A H Pharmaceuticals Ltd),Sodium valproate,200mg,Gastro-resistant tablet,Oral,04080100,Control Of Epilepsy,February 2009
41275,139315001000027100,66420020,1,Co-codamol 8mg+500mg Tablet (Nucare Plc),Codeine phosphate/Paracetamol,8mg + 500mg,Tablet,Oral,04070100/04070200,Non-Opioid And Compound Analgesics/Opioid Analgesics,February 2010
30966,25125001000027108,51145020,3940,Co-proxamol 32.5/325 Tablet (Dista Products Ltd),Dextropropoxyphene hydrochloride/Paracetamol,32.5mg + 325mg,Tablet,Oral,04070100/04070200,Non-Opioid And Compound Analgesics/Opioid Analgesics,February 2009
81415,38555211000001104,92799021,3430,Co-codamol 8mg/500mg effervescent tablets sugar free,Paracetamol/Codeine phosphate,500mg + 8mg,Effervescent tablet,Oral,04070100/04070200,Non-Opioid And Compound Analgesics/Opioid Analgesics,August 2020
58988,17894811000001104,05787020,2,Doxycycline 100mg capsules (Phoenix Healthcare Distribution Ltd),Doxycycline hyclate,100mg,Capsule,Oral,05010300/05040100/13060201,Tetracyclines/Antimalarials/Oral Antibacterials For Acne,March 2014
68738,32337911000001108,62275021,6,Junior Parapaed 120mg/5ml oral suspension sugar free colour free (Pinewood Healthcare),Paracetamol,24mg/1ml,Oral suspension,Oral,04070100,Non-Opioid And Compound Analgesics,February 2017
54608,8274911000001101,18933020,1,Amiodarone 20mg/5ml oral suspension,Amiodarone hydrochloride,4mg/1ml,Oral suspension,Oral,02030201,Supraventricular & Ventricular Arrhythmias,April 2013
81372,37860011000001104,90497021,1,Lymecycline 408mg capsules (Somex Pharma),Lymecycline,408mg,Capsule,Oral,05010300,Tetracyclines,August 2020
34349,331211000001106,57798020,3918,Co-proxamol 32.5mg/325mg tablets (IVAX Pharmaceuticals UK Ltd),Dextropropoxyphene hydrochloride/Paracetamol,32.5mg + 325mg,Tablet,Oral,04070100,Non-Opioid And Compound Analgesics,February 2009
767,247311000001103,73729020,116002,Solpadol 30mg/500mg capsules (Sanofi Consumer Healthcare),Codeine phosphate/Paracetamol,30mg + 500mg,Capsule,Oral,04070100/04070200,Non-Opioid And Compound Analgesics/Opioid Analgesics,February 2009
61507,3543011000001109,12927020,39,Generic Forceval capsules,Zinc/Ascorbic acid/Biotin/Cyanocobalamin/Folic acid/Nicotinamide/Pantothenic acid/Pyridoxine/Riboflavin/Calcium/Chromium/Copper/Iodine/Iron/Ergocalciferol/Tocopheryl acetate/Selenium/Vitamin A/Thiamine/Magnesium/Manganese/Molybdenum/Potassium/Phosphorus,15mg + 60mg + 100microgram + 3microgram + 400microgram + 18mg + 4mg + 2mg + 1.6mg + 100mg + 200microgram + 2mg + 140microgram + 12mg + 400unit + 10mg + 50microgram + 2500unit + 1.2mg + 30mg + 3mg + 250microgram + 4mg + 77mg,Capsule,Oral,09060700,Multivitamin And Multimineral Preparations,October 2014
38507,13665411000001100,95360020,8568,Epilim Chronosphere MR 100mg granules sachets (Sanofi),Sodium valproate,100mg,Modified-release granules,Oral,04080100,Control Of Epilepsy,February 2009
85170,13800111000001108,04280020,1,Sootheze Six Plus 250mg/5ml oral suspension (Aspar Pharmaceuticals Ltd),Paracetamol,50mg/1ml,Oral suspension,Oral,04070100,Non-Opioid And Compound Analgesics,December 2021
58076,357111000001108,05774020,0,Tetracycline 250mg tablets (Kent Pharma (UK) Ltd),Tetracycline hydrochloride,250mg,Tablet,Oral,05010300/13060201,Tetracyclines/Oral Antibacterials For Acne,December 2013
40158,62885001000027104,55868020,43,Paracetamol 500mg Capsule (A A H Pharmaceuticals Ltd),Paracetamol,500mg,Capsule,Oral,04070100,Non-Opioid And Compound Analgesics,August 2009
35965,9529311000001108,89662020,5,Medocodene 30mg/500mg effervescent tablets (Viatris UK Healthcare Ltd),Codeine phosphate/Paracetamol,30mg + 500mg,Effervescent tablet,Oral,04070100,Non-Opioid And Compound Analgesics,February 2009
22150,92785001000027100,59801020,9,Methyltestosterone 10mg Tablet,Methyltestosterone,10mg,Tablet,Oral,06040200,Male Sex Hormones And Antagonists,February 2009
32626,348468004,73383020,1,Paracetamol 150mg / Sodium salicylate 100mg tablets,Paracetamol/Sodium salicylate,150mg + 100mg,Tablet,Oral,04070100,Non-Opioid And Compound Analgesics,February 2009
48166,10814111000001104,86097020,2,Paracetamol 500mg / Phenylephrine 12.18mg capsules,Phenylephrine hydrochloride/Paracetamol,12.18mg + 500mg,Capsule,Oral,03095000,Miscellaneous Cough & Cold Preparations,December 2012
55519,21933411000001100,47433020,0,Doxycycline 100mg capsules (Sovereign Medical Ltd),Doxycycline hyclate,100mg,Capsule,Oral,05010300/05040100/13060201,Tetracyclines/Antimalarials/Oral Antibacterials For Acne,June 2013
69432,22234211000001104,14805021,0,Pyrazinamide 500mg tablets (A A H Pharmaceuticals Ltd),Pyrazinamide,500mg,Tablet,Oral,05010900,Antituberculosis Drugs,May 2017
37704,19055001000027108,50417020,23,"Minihep 25,000iu/ml Subcutaneous preparation (LEO Pharma)",Heparin Sodium,"25,000iu/ml",Subcutaneous Preparation,,02080100,Parenteral Anticoagulants,February 2009
57,42010111000001104,60972020,3715013,Co-codamol 8mg/500mg effervescent tablets,Codeine phosphate/Paracetamol,8mg + 500mg,Effervescent tablet,Oral,04070100/04070200,Non-Opioid And Compound Analgesics/Opioid Analgesics,February 2009
1609,39720311000001104,65975020,2065306,Paracetamol 500mg soluble tablets,Paracetamol,500mg,Effervescent tablet,Oral,04070100,Non-Opioid And Compound Analgesics,February 2009
67207,22673711000001104,16766021,0,Mercaptopurine 50mg tablets (Alliance Healthcare (Distribution) Ltd),Mercaptopurine,50mg,Tablet,Oral,01050300/08010300,Products Affecting The Immune Response In Chronic Bowel Problems/Antimetabolites,August 2016
39481,14972511000001100,96123020,259,Panadol Advance 500mg tablets (Haleon UK Ltd),Paracetamol,500mg,Tablet,Oral,04070100,Non-Opioid And Compound Analgesics,April 2009
85888,38999111000001104,95267021,10,Dyzantil 500mg modified-release tablets (Aspire Pharma Ltd),Sodium valproate,500mg,Modified-release tablet,Oral,04080100,Control Of Epilepsy,March 2022
57097,8825111000001108,04335020,0,Co-codamol 30mg/500mg capsules (Alliance Healthcare (Distribution) Ltd),Codeine phosphate/Paracetamol,30mg + 500mg,Capsule,Oral,04070100/04070200,Non-Opioid And Compound Analgesics/Opioid Analgesics,September 2013
62323,27848011000001108,31342021,142,Calpol Infant Sugar Free Colour Free 120mg/5ml oral suspension (McNeil Products Ltd),Paracetamol,24mg/1ml,Oral suspension,Oral,04070100,Non-Opioid And Compound Analgesics,February 2015
50962,10193511000001104,28093020,2,Thalidomide 50mg tablets,Thalidomide,50mg,Tablet,Oral,05011000/08020405,Antileprotic Drugs/Lenalidomide And Thalidomide,January 2013
65683,13624711000001100,04268020,1,Paracetamol 120mg/5ml oral suspension paediatric sugar free (Pinewood Healthcare),Paracetamol,24mg/1ml,Oral suspension,Oral,04070100,Non-Opioid And Compound Analgesics,March 2016
9742,49415001000027104,54212020,451,Solpadeine Soluble tablet (GlaxoSmithKline Consumer Healthcare),Caffeine/Codeine Phosphate/Paracetamol,,Soluble Tablet,Oral,04070100/04070200,Non-Opioid And Compound Analgesics/Opioid Analgesics,February 2009
34011,143385001000027100,66960020,741,Tetracycline 250mg capsules,Tetracycline Hydrochloride,250mg,Capsules,Oral,05010300/13060201,Tetracyclines/Oral Antibacterials For Acne,February 2009
50504,9245311000001102,04244020,67,Numark Paracetamol 500mg capsules (Numark Ltd),Paracetamol,500mg,Capsule,Oral,04070100,Non-Opioid And Compound Analgesics,January 2013
39340,11579211000001108,74574020,12035,Co-codamol 8mg/500mg caplets (Vantage),Codeine phosphate/Paracetamol,8mg + 500mg,Tablet,Oral,04070100/04070200,Non-Opioid And Compound Analgesics/Opioid Analgesics,April 2009
23108,186635001000027100,73386020,2,Day nurse with phenylpropanolamine and dextromethorphan Capsule (GlaxoSmithKline Consumer Healthcare),Dextromethorphan Hydrobromide/Paracetamol/Phenylpropanolamine Hydrochloride,,Capsule,Oral,03090200/04070100,Demulcent And Expectorant Cough Preparations/Non-Opioid And Compound Analgesics,February 2009
67772,13758311000001100,70675020,0,Minocycline 100mg tablets (Tillomed Laboratories Ltd),Minocycline hydrochloride,100mg,Tablet,Oral,05010300/05011000/13060201,Tetracyclines/Antileprotic Drugs/Oral Antibacterials For Acne,October 2016
41605,89695001000027100,59382020,6,Doxycycline 100mg Capsule (Sandoz Ltd),Doxycycline hyclate,100mg,Capsule,Oral,05010300/05040100,Tetracyclines/Antimalarials,March 2010
34022,769511000001101,55237020,3865,Co-proxamol 32.5mg/325mg tablets (Teva UK Ltd),Dextropropoxyphene hydrochloride/Paracetamol,32.5mg + 325mg,Tablet,Oral,04070100,Non-Opioid And Compound Analgesics,February 2009
21113,18525001000027108,50342020,283,Dihydrocodeine with paracetamol forte 30mg with 500mg effervescent tablets,Dihydrocodeine Tartrate/Paracetamol,30mg + 500mg,Forte Effervescent Tablets,Oral,04070100/04070200,Non-Opioid And Compound Analgesics/Opioid Analgesics,February 2009
34141,3346311000001101,54192020,2274,Oxytetracycline 250mg tablets (Teva UK Ltd),Oxytetracycline dihydrate,250mg,Tablet,Oral,05010300/13060201,Tetracyclines/Oral Antibacterials For Acne,February 2009
24656,92795001000027100,59802020,18,Methyltestosterone 25mg Tablet,Methyltestosterone,25mg,Tablet,Oral,06040200,Male Sex Hormones And Antagonists,February 2009
65856,4349711000001105,13990020,4,Generic Minadex tonic,Vitamin A/Manganese sulfate/Colecalciferol/Copper sulfate/Calcium glycerophosphate/Potassium glycerophosphate/Iron,130unit/1ml + 76microgram/1ml + 13unit/1ml + 100microgram/1ml + 2.25mg/1ml + 225microgram/1ml + 2.4mg/1ml,Oral emulsion,Oral,09040251,Nutritional Supplements,April 2016
36769,41783811000001104,86390020,10,Bexarotene 75mg capsules,Bexarotene,75mg,Capsule,Oral,08010500,Other Antineoplastic Drugs,February 2009
41530,408711000001108,56023020,209,Amiodarone 200mg tablets (IVAX Pharmaceuticals UK Ltd),Amiodarone hydrochloride,200mg,Tablet,Oral,02030201,Supraventricular & Ventricular Arrhythmias,March 2010
16000,86425001000027100,58907020,2170,Centrum select 50+ Tablet (Wyeth Consumer Healthcare),Biotin/Sodium Molybdate/Ascorbic Acid/Calcium Pantothenate/Copper Sulphate/Folic Acid/Ferrous Fumarate/Magnesium Oxide/Manganese Sulphate/Nicotinamide/Potassium Chloride/Potassium Iodide/Riboflavin/Pyridoxine/Alpha Tocopherol/Vitamin A/Vitamin,,Tablet,Oral,09060750,-,February 2009
79194,24381411000001108,23753021,0,Methotrexate 10mg tablets (DE Pharmaceuticals),Methotrexate,10mg,Tablet,Oral,01050300/08010300/10010302/13050300,Products Affecting The Immune Response In Chronic Bowel Problems/Antimetabolites/Drugs Affecting The Immune Response In Rheumatic Disease/Drugs Affecting The Immune Response For Eczema And Psoriasis,December 2019
58526,23261311000001108,17421021,824,Paracetamol 500mg caplets (AM Distributions (Yorkshire) Ltd),Paracetamol,500mg,Tablet,Oral,04070100,Non-Opioid And Compound Analgesics,January 2014
78919,35689011000001100,81746021,1,Co-codamol 8mg/500mg tablets (Accord-UK Ltd),Codeine phosphate/Paracetamol,8mg + 500mg,Tablet,Oral,04070100/04070200,Non-Opioid And Compound Analgesics/Opioid Analgesics,December 2019
39739,254845001000027100,95954020,21,Sudafed non-drowsy congestion & headache Capsule (McNeil Products Ltd),Caffeine/Paracetamol/Phenylephrine Hydrochloride,,Capsule,Oral,03100000/04070100,Systemic Nasal Decongestants/Non-Opioid And Compound Analgesics,June 2009
25514,216185001000027100,81311020,19,Paracetamol 500mg with codeine phosphate 10mg tablet,Codeine Phosphate/Paracetamol,500mg + 10mg,Tablets,Oral,04070100/04070200,Non-Opioid And Compound Analgesics/Opioid Analgesics,February 2009
26389,41772811000001104,78554020,658,Voriconazole 50mg tablets,Voriconazole,50mg,Tablet,Oral,05020100,Triazole Antifungals,February 2009
23952,137165001000027100,66040020,7,Panadeine Effervescent tablet (Sanofi-Synthelabo Ltd),Codeine phosphate/Paracetamol,8mg + 500mg,Effervescent tablet,Oral,04070100/04070200,Non-Opioid And Compound Analgesics/Opioid Analgesics,February 2009
24149,2850911000001108,49593020,12488,Doxycycline 100mg capsules (A A H Pharmaceuticals Ltd),Doxycycline hyclate,100mg,Capsule,Oral,05010300/05040100/13060201,Tetracyclines/Antimalarials/Oral Antibacterials For Acne,February 2009
12437,432711000001104,53282020,1216,Rimactazid 300 tablets (Movianto UK Ltd),Rifampicin/Isoniazid,300mg + 150mg,Tablet,Oral,05010900,Antituberculosis Drugs,February 2009
36060,33435001000027104,52144020,5,"Vitamin a, c & d with 11 other vitamins & 17 minerals (combination no1) tablets",Biotin/Sodium Molybdate/Ascorbic Acid/Borax/Silica/Vitamin A Acetate/Calcium Pantothenate/Folic Acid/Ferrous Fumarate/Magnesium Oxide/Nicotinic Acid/Potassium Chloride/Potassium Iodide/Pyridoxine Hydrochloride/Riboflavin/Alpha Tocopherol/Vitami,,Tablets,Oral,09060750,-,February 2009
27784,165011000001101,53764020,1892,Co-codamol 8mg/500mg tablets (Actavis UK Ltd),Codeine phosphate/Paracetamol,8mg + 500mg,Tablet,Oral,04070100/04070200,Non-Opioid And Compound Analgesics/Opioid Analgesics,February 2009
36819,4334711000001108,80348020,70,VFEND 200mg tablets (Pfizer Ltd),Voriconazole,200mg,Tablet,Oral,05020100,Triazole Antifungals,February 2009
39333,156435001000027100,68784020,1,Paracetamol 500mg Tablet (Aspar Pharmaceuticals Ltd),Paracetamol,500mg,Tablet,Oral,04070100,Non-Opioid And Compound Analgesics,April 2009
29675,3832911000001101,64430020,621,Puri-Nethol 50mg tablets (Aspen Pharma Trading Ltd),Mercaptopurine,50mg,Tablet,Oral,01050300/08010300,Products Affecting The Immune Response In Chronic Bowel Problems/Antimetabolites,February 2009
18126,36031411000001104,87151020,3502,Nicotinic acid 1g modified-release tablets,Nicotinic acid,1gram,Modified-release tablet,Oral,00000000,Unknown,February 2009
75935,3466211000001105,13348020,0,Galpamol for Children 120mg/5ml oral suspension 5ml sachets sugar free (Galpharm International Ltd),Paracetamol,24mg/1ml,Oral suspension,Oral,04070100,Non-Opioid And Compound Analgesics,April 2019
9691,140145001000027100,66520020,693,Rifampicin with isoniazid & pyrazinamide tablet,Isoniazid/Pyrazinamide/Rifampicin,,Tablets,Oral,05010900,Antituberculosis Drugs,February 2009
73606,35671811000001104,81745021,5064,Co-codamol 8mg/500mg caplets (A A H Pharmaceuticals Ltd),Codeine phosphate/Paracetamol,8mg + 500mg,Tablet,Oral,04070100/04070200,Non-Opioid And Compound Analgesics/Opioid Analgesics,November 2018
63602,22473211000001100,15675021,0,Tetracycline 250mg tablets (Esteve Pharmaceuticals Ltd),Tetracycline hydrochloride,250mg,Tablet,Oral,05010300/13060201,Tetracyclines/Oral Antibacterials For Acne,July 2015
48301,322277008,04237020,116244,Paracetamol 120mg/5ml oral suspension paediatric,Paracetamol,24mg/1ml,Oral suspension,Oral,04070100,Non-Opioid And Compound Analgesics,January 2013
18098,236245001000027100,87159020,359,Nicotinic acid 375mg + 500mg + 750mg Modified-release tablet,Nicotinic Acid,375mg + 500mg + 750mg,Modified-Release Tablet,Oral,02120500,Nicotinic Acid Group,February 2009
62008,23881111000001104,21393021,0,Doxycycline 50mg capsules (DE Pharmaceuticals),Doxycycline hyclate,50mg,Capsule,Oral,05010300/05040100/13060201,Tetracyclines/Antimalarials/Oral Antibacterials For Acne,January 2015
86602,38555311000001104,93053021,0,Generic Codasolve 8mg/500mg/30mg effervescent tablets sugar free,Caffeine/Codeine phosphate/Paracetamol,30mg + 8mg + 500mg,Effervescent tablet,Oral,04070100/04070200,Non-Opioid And Compound Analgesics/Opioid Analgesics,August 2022
20393,41055001000027104,53164020,17,Mixogen Tablet (Organon Laboratories Ltd),Ethinylestradiol/Methyltestosterone,,Tablet,Oral,06040101,Oestrogens And HRT,February 2009
855,81125001000027100,58326020,93075,Disprol 120mg/5ml Oral suspension (Reckitt Benckiser Healthcare (UK) Ltd),Paracetamol,120mg/5ml,Oral Suspension,Oral,04070100,Non-Opioid And Compound Analgesics,February 2009
6305,134537008,57490020,154323,Valproic acid 500mg gastro-resistant tablets,Valproate semisodium,500mg,Gastro-resistant tablet,Oral,04020300/04070402,Products Used For Mania And Hypomania/Prophylaxis Of Migraine,February 2009
15355,143415001000027100,66963020,2695,Tetracycline with chlortetracycline & demeclocycline tablets,Chlortetracycline Hydrochloride/Tetracycline Hydrochloride/Demeclocycline Hydrochloride,,Tablets,Oral,05010300/13060201,Tetracyclines/Oral Antibacterials For Acne,February 2009
51977,375797005,09980020,39,Oxandrolone 2.5mg tablets,Oxandrolone,2.5mg,Tablet,Oral,06040300,Anabolic Steroids,January 2013
44632,14602211000001108,99007020,409,Sudafed Sinus Max Strength capsules (McNeil Products Ltd),Caffeine/Phenylephrine hydrochloride/Paracetamol,25mg + 6.1mg + 500mg,Capsule,Oral,03095000,Miscellaneous Cough & Cold Preparations,February 2011
46904,18594011000001100,00130021,61,Nuromol Dual Action Pain Relief 200mg/500mg tablets (Reckitt Benckiser Healthcare (UK) Ltd),Ibuprofen/Paracetamol,200mg + 500mg,Tablet,Oral,04070100,Non-Opioid And Compound Analgesics,March 2012
55608,13851311000001108,68843020,2,Thalidomide BMS 50mg capsules (Bristol-Myers Squibb Pharmaceuticals Ltd),Thalidomide,50mg,Capsule,Oral,05011000/08020405,Antileprotic Drugs/Lenalidomide And Thalidomide,June 2013
55006,4249911000001100,04823020,114,Sodium valproate 500mg modified-release tablets (Alliance Healthcare (Distribution) Ltd),Sodium valproate,500mg,Modified-release tablet,Oral,04080100,Control Of Epilepsy,May 2013
33892,203145001000027100,77111020,2,Multivitamins with minerals and trace elements (50with) Tablet,Biotin/Sodium Molybdate/Ascorbic Acid/Calcium Pantothenate/Copper Sulphate/Folic Acid/Ferrous Fumarate/Magnesium Oxide/Manganese Sulphate/Nicotinamide/Potassium Chloride/Potassium Iodide/Riboflavin/Pyridoxine/Alpha Tocopherol/Vitamin A/Vitamin,,Tablet,Oral,09060750,-,February 2009
34845,5468611000001102,66914020,259,Co-codamol 30mg/500mg effervescent tablets (Zentiva Pharma UK Ltd),Codeine phosphate/Paracetamol,30mg + 500mg,Effervescent tablet,Oral,04070100/04070200,Non-Opioid And Compound Analgesics/Opioid Analgesics,February 2009
15209,4917911000001100,81338020,148,Crampex tablets (Thornton & Ross Ltd),Colecalciferol/Calcium gluconate/Nicotinic acid,20microgram + 200mg + 20mg,Tablet,Oral,10020202,Other Muscle Relaxants,February 2009
66553,20352211000001104,40547020,63,Co-codamol 30mg/500mg effervescent tablets (Advanz Pharma),Codeine phosphate/Paracetamol,30mg + 500mg,Effervescent tablet,Oral,04070100/04070200,Non-Opioid And Compound Analgesics/Opioid Analgesics,June 2016
69684,17773911000001100,00828020,0,Amiodarone 100mg tablets (Phoenix Healthcare Distribution Ltd),Amiodarone hydrochloride,100mg,Tablet,Oral,02030201,Supraventricular & Ventricular Arrhythmias,June 2017
18684,116911000001108,75146020,549,Aknemin 50 capsules (Almirall Ltd),Minocycline hydrochloride,50mg,Capsule,Oral,05010300/05011000/13060201,Tetracyclines/Antileprotic Drugs/Oral Antibacterials For Acne,February 2009
18675,136775001000027100,65998020,38,Paracetamol with caffeine capsule,Caffeine/Paracetamol,,Capsules,Oral,04070100,Non-Opioid And Compound Analgesics,February 2009
14077,4170711000001105,84594020,23190,Vivioptal capsules (Bausch & Lomb UK Ltd),Adenosine/Sodium molybdate anhydrous/Biotin/Colecalciferol/Choline hydrogen tartrate/Cobaltous sulfate monohydrate/Copper sulfate monohydrate/Cyanocobalamin/Dexpanthenol/L-Lysine monohydrochloride/Calcium hydrogen phosphate anhydrous/Ferrous sulfate dried/Folic acid/Magnesium glycerophosphate/Inositol/Lecithin/Ethyl linoleate/Manganese sulfate monohydrate/Nicotinamide/Orotic acid anhydrous/Potassium sulfate/Pyridoxine hydrochloride/Riboflavin/Rutoside/Thiamine nitrate/Vitamin A palmitate/Calcium ascorbate/Alpha tocopheryl acetate/Zinc oxide,750microgram + 80microgram + 50microgram + 400unit + 50mg + 100microgram + 500microgram + 3microgram + 10mg + 25mg + 35mg + 10mg + 400microgram + 40mg + 30mg + 60mg + 28mg + 500microgram + 25mg + 30mg + 8mg + 6.08mg + 3mg + 20mg + 5mg + 5000unit + 60mg + 10mg + 500microgram,Capsule,Oral,09060700,Multivitamin And Multimineral Preparations,February 2009
38950,419911000001100,95821020,95024,Remedeine Forte tablets (Crescent Pharma Ltd),Dihydrocodeine tartrate/Paracetamol,30mg + 500mg,Tablet,Oral,04070100/04070200,Non-Opioid And Compound Analgesics/Opioid Analgesics,February 2009
43252,483511000001108,68794020,7,Paracetamol 500mg capsules (Aspar Pharmaceuticals Ltd),Paracetamol,500mg,Capsule,Oral,04070100,Non-Opioid And Compound Analgesics,August 2010
48561,618711000001109,04276020,2183,Calpol Six Plus 250mg/5ml oral suspension sugar free (McNeil Products Ltd),Paracetamol,50mg/1ml,Oral suspension,Oral,04070100,Non-Opioid And Compound Analgesics,January 2013
56266,292811000001100,04311020,2,Co-codamol 30mg/500mg tablets (Alliance Healthcare (Distribution) Ltd),Codeine phosphate/Paracetamol,30mg + 500mg,Tablet,Oral,04070100/04070200,Non-Opioid And Compound Analgesics/Opioid Analgesics,August 2013
37348,176785001000027100,71809020,1,"Codeine phosphate with paracetamol, doxylamine and caffeine 10mg with 450mg with 5mg with 30mg tablets",Caffeine/Codeine Phosphate/Doxylamine Succinate/Paracetamol,10mg + 450mg + 5mg + 30mg,Tablets,Oral,03040102/04070100,Sedating Antihistamines/Non-Opioid And Compound Analgesics,February 2009
72282,35110011000001108,79491021,1223,Co-dydramol 20mg/500mg tablets (Alliance Healthcare (Distribution) Ltd),Dihydrocodeine tartrate/Paracetamol,20mg + 500mg,Tablet,Oral,04070100/04070200,Non-Opioid And Compound Analgesics/Opioid Analgesics,May 2018
32163,115711000001103,56219020,42,Paracetamol 500mg tablets (Vantage),Paracetamol,500mg,Tablet,Oral,04070100,Non-Opioid And Compound Analgesics,February 2009
81935,37869811000001104,90591021,46,"Retinol 10,000units/ml oral drops",Vitamin A,10000unit/1ml,Oral drops,Oral,09060100,Vitamin A,October 2020
57929,22010911000001104,47329020,0,Co-codamol 8mg/500mg capsules (Waymade Healthcare Plc),Codeine phosphate/Paracetamol,8mg + 500mg,Capsule,Oral,04070100/04070200,Non-Opioid And Compound Analgesics/Opioid Analgesics,December 2013
32164,122411000001107,48474020,763,Amiodarone 200mg tablets (A A H Pharmaceuticals Ltd),Amiodarone hydrochloride,200mg,Tablet,Oral,02030201,Supraventricular & Ventricular Arrhythmias,February 2009
79010,666311000001107,54133020,43,Minocycline 50mg tablets (A A H Pharmaceuticals Ltd),Minocycline hydrochloride,50mg,Tablet,Oral,05010300/05011000/13060201,Tetracyclines/Antileprotic Drugs/Oral Antibacterials For Acne,December 2019
56216,5897011000001104,35543020,64,Vitamins capsules (A A H Pharmaceuticals Ltd),Vitamin D/Ascorbic acid/Nicotinamide/Riboflavin/Thiamine hydrochloride/Vitamin A,300unit + 15mg + 7.5mg + 500microgram + 1mg + 2500unit,Capsule,Oral,09060700,Multivitamin And Multimineral Preparations,August 2013
11411,176345001000027100,71740020,667,Multivitamins sugar free liquid,Choline Chloride/Cyanocobalamin/Vitamin A/Vitamin D,,Liquid,Oral,09060700,Multivitamin And Multimineral Preparations,February 2009
12329,41954411000001104,66523020,1218,Rifampicin 150mg / Isoniazid 100mg tablets,Rifampicin/Isoniazid,150mg + 100mg,Tablet,Oral,05010900,Antituberculosis Drugs,February 2009
33647,126911000001100,49376020,3947,Co-proxamol 32.5mg/325mg tablets (A A H Pharmaceuticals Ltd),Dextropropoxyphene hydrochloride/Paracetamol,32.5mg + 325mg,Tablet,Oral,04070100,Non-Opioid And Compound Analgesics,February 2009
7341,41784211000001104,77575020,158,Capecitabine 500mg tablets,Capecitabine,500mg,Tablet,Oral,08010300,Antimetabolites,February 2009
2917,136735001000027100,65993020,241325,Paracetamol 500mg with codeine phosphate 30 mg tablet,Codeine Phosphate/Paracetamol,500mg + 30mg,Tablets,Oral,04070100/04070200,Non-Opioid And Compound Analgesics/Opioid Analgesics,February 2009
10023,110785001000027100,62544020,35255,Dihydrocodeine with paracetamol 20mg+500mg tablets,Dihydrocodeine Tartrate/Paracetamol,20mg + 500mg,Tablets,Oral,04070100/04070200,Non-Opioid And Compound Analgesics/Opioid Analgesics,February 2009
34257,566311000001104,59021020,70,Co-codamol 8mg/500mg effervescent tablets (Viatris UK Healthcare Ltd),Codeine phosphate/Paracetamol,8mg + 500mg,Effervescent tablet,Oral,04070100,Non-Opioid And Compound Analgesics,February 2009
25297,99235001000027100,60894020,80,Ethambutol with Isoniazid 200mg with 100mg tablets,Ethambutol Hydrochloride/Isoniazid,200mg + 100mg,Tablets,Oral,05010900,Antituberculosis Drugs,February 2009
15845,4490411000001107,83652020,124,Panadol NightPain tablets (Haleon UK Ltd),Paracetamol/Diphenhydramine hydrochloride,500mg + 25mg,Tablet,Oral,04070100,Non-Opioid And Compound Analgesics,February 2009
15940,207465001000027100,78339020,23,Folic acid with multivitamins and minerals Capsule,Ascorbic Acid/Copper/Folic Acid/Iodine/Iron/Magnesium/Nicotinic Acid/Riboflavin/Pyridoxine/Soya Oil/Vitamin D/Zinc/Alpha Tocopheryl Hydrogen Succinate/Selenium/Beta Carotene/Vitamin K/Thiamine/Vitamin B12,,Capsule,Oral,09060750,-,February 2009
71056,15114211000001108,05803020,0,Minocycline 100mg modified-release capsules (Sigma Pharmaceuticals Plc),Minocycline hydrochloride,100mg,Modified-release capsule,Oral,05010300/05011000/13060201,Tetracyclines/Antileprotic Drugs/Oral Antibacterials For Acne,December 2017
29231,20235001000027100,50575020,36,Mynah 300 Tablet (Wyeth Pharmaceuticals),Ethambutol Hydrochloride/Isoniazid,,Tablet,Oral,05010900,Antituberculosis Drugs,February 2009
2202,2849511000001107,56982020,57443,Vibramycin 50 capsules (Pfizer Ltd),Doxycycline hyclate,50mg,Capsule,Oral,05010300/05040100,Tetracyclines/Antimalarials,February 2009
60442,837011000001108,04206020,20,Paracetamol 500mg tablets (Alliance Healthcare (Distribution) Ltd),Paracetamol,500mg,Tablet,Oral,04070100,Non-Opioid And Compound Analgesics,July 2014
46947,679811000001102,57048020,104,Minocycline 50mg tablets (Accord-UK Ltd),Minocycline hydrochloride,50mg,Tablet,Oral,05010300/05011000/13060201,Tetracyclines/Antileprotic Drugs/Oral Antibacterials For Acne,March 2012
80316,37572111000001104,89213021,96,Hanixol 50mg tablets (Fontus Health Ltd),Mercaptopurine,50mg,Tablet,Oral,08010300,Antimetabolites,April 2020
15238,618611000001100,50179020,7323,Paracetamol 500mg tablets (Zentiva Pharma UK Ltd),Paracetamol,500mg,Tablet,Oral,04070100,Non-Opioid And Compound Analgesics,February 2009
27492,166025001000027100,70255020,1,Phenylpropanolamine with paracetamol oral solution,Paracetamol/Phenylpropanolamine Hydrochloride,,Elixir,Oral,03090200/04070100,Demulcent And Expectorant Cough Preparations/Non-Opioid And Compound Analgesics,February 2009
44984,262135001000027100,99124020,4,Sudafed decongestant & pain Tablet (McNeil Products Ltd),Paracetamol/Pseudoephedrine Hydrochloride/Diphenhydramine Hydrochloride,,Tablet,Oral,03040102/04070100,Sedating Antihistamines/Non-Opioid And Compound Analgesics,April 2011
27197,147695001000027100,67513020,2,Femerital Tablet (Boehringer Mannheim UK Ltd),Paracetamol/Ambucetamide,,Tablet,Oral,04070100,Non-Opioid And Compound Analgesics,February 2009
4484,197645001000027100,75531020,226,Orovite 7 Granules (Actavis UK Ltd),Nicotinamide/Pyridoxine Hydrochloride/Thiamine Nitrate/Vitamin A/Vitamin D/Ascorbic Acid/Riboflavin,,Granules,Oral,09060700,Multivitamin And Multimineral Preparations,February 2009
16802,118945001000027100,63664020,147,Isoniazid with rifampicin 150mg + 300mg Tablet,Isoniazid/Rifampicin,150mg + 300mg,Tablet,Oral,05010900,Antituberculosis Drugs,February 2009
64545,264411000001106,68823020,0,Co-codamol 8mg/500mg tablets (Aspar Pharmaceuticals Ltd),Codeine phosphate/Paracetamol,8mg + 500mg,Tablet,Oral,04070100/04070200,Non-Opioid And Compound Analgesics/Opioid Analgesics,October 2015
34350,17055001000027100,50175020,68,Paracetamol 500mg Tablet (Celltech Pharma Europe Ltd),Paracetamol,500mg,Tablet,Oral,04070100,Non-Opioid And Compound Analgesics,February 2009
70977,12814011000001108,32961020,15,Methotrexate 12mg/5ml oral suspension,Methotrexate,2.4mg/1ml,Oral suspension,Oral,01050300/08010300/10010302/13050300,Products Affecting The Immune Response In Chronic Bowel Problems/Antimetabolites/Drugs Affecting The Immune Response In Rheumatic Disease/Drugs Affecting The Immune Response For Eczema And Psoriasis,December 2017
15843,4419111000001106,84812020,65,Trizivir tablets (ViiV Healthcare UK Ltd),Lamivudine/Abacavir sulfate/Zidovudine,150mg + 300mg + 300mg,Tablet,Oral,05030150,Nucleoside Reverse Transcriptase Inhibitors,February 2009
26291,166415001000027100,70300020,0,"Phenylephrine with diphenhydramine, paracetamol, codeine, caffeine & vitamin c tablet",Caffeine/Codeine Phosphate/Paracetamol/Phenylephrine Hydrochloride/Ascorbic Acid/Diphenhydramine Hydrochloride,,Tablets,Oral,03040102/04070100,Sedating Antihistamines/Non-Opioid And Compound Analgesics,February 2009
57602,14658711000001104,06044020,69,Rifinah 300mg/150mg tablets (Sigma Pharmaceuticals Plc),Rifampicin/Isoniazid,300mg + 150mg,Tablet,Oral,05010900,Antituberculosis Drugs,October 2013
51084,16425811000001104,04340020,35,Co-codamol 30mg/500mg capsules (Advanz Pharma),Codeine phosphate/Paracetamol,30mg + 500mg,Capsule,Oral,04070100/04070200,Non-Opioid And Compound Analgesics/Opioid Analgesics,January 2013
41259,14167611000001108,76276020,132,Co-codamol 30mg/500mg effervescent tablets (Teva UK Ltd),Codeine phosphate/Paracetamol,30mg + 500mg,Effervescent tablet,Oral,04070100/04070200,Non-Opioid And Compound Analgesics/Opioid Analgesics,February 2010
25315,51865001000027104,54497020,88,Vitamin Capsule (Numark Management Ltd),Vitamin D/Ascorbic acid/Nicotinamide/Riboflavin/Thiamine hydrochloride/Vitamin A,300unit + 15mg + 7.5mg + 500microgram + 1mg + 2500unit,Capsule,Oral,09060700,Multivitamin And Multimineral Preparations,February 2009
64726,29988011000001104,52898021,6,Co-codamol 15mg/500mg tablets (Galen Ltd),Codeine phosphate/Paracetamol,15mg + 500mg,Tablet,Oral,04070100/04070200,Non-Opioid And Compound Analgesics/Opioid Analgesics,November 2015
31155,137135001000027100,66037020,57,Parake Tablet (Galen Ltd),Codeine phosphate/Paracetamol,8mg + 500mg,Tablet,Oral,04070100/04070200,Non-Opioid And Compound Analgesics/Opioid Analgesics,February 2009
43479,5869211000001101,67392020,73204,Paracetamol 500mg caplets (Actavis UK Ltd),Paracetamol,500mg,Tablet,Oral,04070100,Non-Opioid And Compound Analgesics,September 2010
37291,834011000001100,60085020,10,Co-dydramol 10mg/500mg tablets (Ranbaxy (UK) Ltd),Dihydrocodeine tartrate/Paracetamol,10mg + 500mg,Tablet,Oral,04070100,Non-Opioid And Compound Analgesics,February 2009
34929,191111000001100,60982020,155,Methotrexate 10mg tablets (Pfizer Ltd),Methotrexate,10mg,Tablet,Oral,01050300/08010300/10010302/13050300,Products Affecting The Immune Response In Chronic Bowel Problems/Antimetabolites/Drugs Affecting The Immune Response In Rheumatic Disease/Drugs Affecting The Immune Response For Eczema And Psoriasis,February 2009
71270,34878611000001104,78713021,18268,Paracetamol 500mg effervescent tablets,Paracetamol,500mg,Effervescent tablet,Oral,04070100,Non-Opioid And Compound Analgesics,January 2018
56198,17472811000001106,05798020,0,Vibramycin-D 100mg dispersible tablets (Mawdsley-Brooks & Company Ltd),Doxycycline monohydrate,100mg,Dispersible tablet,Oral,05010300/05040100/13060201,Tetracyclines/Antimalarials/Oral Antibacterials For Acne,August 2013
71523,34797311000001108,78735021,1145,Co-dydramol 20mg/500mg tablets (M & A Pharmachem Ltd),Dihydrocodeine tartrate/Paracetamol,20mg + 500mg,Tablet,Oral,04070100/04070200,Non-Opioid And Compound Analgesics/Opioid Analgesics,January 2018
82512,16564011000001108,10715020,48,Niaspan 750mg modified-release tablets (Mawdsley-Brooks & Company Ltd),Nicotinic acid,750mg,Modified-release tablet,Oral,02120500,Nicotinic Acid Group,January 2021
55596,599011000001105,86111020,1,Chimax 250mg tablets (Chiron UK Ltd),Flutamide,250mg,Tablet,Oral,08030402,Prostate Cancer,June 2013
61647,19794111000001100,38870020,3,Co-codamol 15mg/500mg tablets (Alliance Healthcare (Distribution) Ltd),Codeine phosphate/Paracetamol,15mg + 500mg,Tablet,Oral,04070100/04070200,Non-Opioid And Compound Analgesics/Opioid Analgesics,November 2014
40385,9788211000001100,69578020,72,Co-codamol 8mg/500mg effervescent tablets (Almus Pharmaceuticals Ltd),Codeine phosphate/Paracetamol,8mg + 500mg,Effervescent tablet,Oral,04070100/04070200,Non-Opioid And Compound Analgesics/Opioid Analgesics,September 2009
44636,12781111000001108,99118020,2460,Vivio Junior liquid (Scope Ophthalmics Ltd),Pantothenic Acid/Biotin/Ascorbic Acid/Copper Sulphate/Folic Acid/Manganese Sulphate/Magnesium/Nicotinamide/Potassium/Riboflavin/Pyridoxine/Alpha Tocopherol/Vitamin A/Vitamin D/Ferric Ammonium Citrate/Zinc Gluconate/Vitamin B12,,Liquid,Oral,09060700,Multivitamin And Multimineral Preparations,February 2011
43259,228315001000027100,84986020,1,"Vitamin a, c & d with 11 other vitamins & 1 mineral (combination no1) tabs",Betacarotene/Zinc Oxide/Biotin/Cyanocobalamin/Phytomenadione/Pyridoxine/Thiamine/Vitamin A/Pantothenic Acid/Ascorbic Acid/Riboflavin/Alpha Tocopherol/Colecalciferol/Nicotinic Acid/Folic Acid,,Tablets,Oral,09060750,-,August 2010
14829,348315009,65997020,134,Paracetamol 500mg / Caffeine 65mg tablets,Paracetamol/Caffeine,500mg + 65mg,Tablet,Oral,04070100,Non-Opioid And Compound Analgesics,February 2009
45349,206511000001100,56085020,8,Paracetamol 240mg suppositories (Martindale Pharmaceuticals Ltd),Paracetamol,240mg,Suppository,Rectal,04070100,Non-Opioid And Compound Analgesics,May 2011
84669,8755001000027109,49100020,2,Nicotinic acid 50mg Tablet (Approved Prescription Services Ltd),Nicotinic acid,50mg,Tablet,Oral,02120500,Nicotinic Acid Group,October 2021
78927,21733111000001100,47004020,1,Generic Voractiv tablets,Ethambutol hydrochloride/Pyrazinamide/Isoniazid/Rifampicin,275mg + 400mg + 75mg + 150mg,Tablet,Oral,05010900,Antituberculosis Drugs,December 2019
5848,134538003,57489020,139000,Valproic acid 250mg gastro-resistant tablets,Valproate semisodium,250mg,Gastro-resistant tablet,Oral,04020300/04070402,Products Used For Mania And Hypomania/Prophylaxis Of Migraine,February 2009
32066,2852911000001107,59014020,93,Doxycycline 100mg capsules (Viatris UK Healthcare Ltd),Doxycycline hyclate,100mg,Capsule,Oral,05010300/05040100/13060201,Tetracyclines/Antimalarials/Oral Antibacterials For Acne,February 2009
81324,15123111000001106,04318020,0,Co-codamol 8mg/500mg effervescent tablets (Numark Ltd),Codeine phosphate/Paracetamol,8mg + 500mg,Effervescent tablet,Oral,04070100/04070200,Non-Opioid And Compound Analgesics/Opioid Analgesics,July 2020
44529,41765011000001104,93009020,74,Lenalidomide 10mg capsules,Lenalidomide,10mg,Capsule,Oral,08020405,Lenalidomide And Thalidomide,February 2011
32553,9108411000001108,81022020,1,Amyben 100mg tablets (Lexon (UK) Ltd),Amiodarone hydrochloride,100mg,Tablet,Oral,02030201,Supraventricular & Ventricular Arrhythmias,February 2009
11976,4993311000001109,87153020,7221,Niaspan 500mg modified-release tablets (Abbott Laboratories Ltd),Nicotinic acid,500mg,Modified-release tablet,Oral,02120500,Nicotinic Acid Group,February 2009
738,156895001000027100,68858020,11,Chlortetracycline with demeclocycline with tetracycline tablets,Chlortetracycline Hydrochloride/Tetracycline Hydrochloride/Demeclocycline Hydrochloride,,Tablets,Oral,05010300/13060201,Tetracyclines/Oral Antibacterials For Acne,February 2009
6582,188375001000027100,73668020,25057,Multivitamins Drops,Nicotinamide/Pyridoxine Hydrochloride/Thiamine Hydrochloride/Vitamin A/Vitamin D/Ascorbic Acid/Riboflavin,,Drops,Oral,09060700,Multivitamin And Multimineral Preparations,February 2009
2462,127395001000027100,64854020,28,Cosalgesic Tablet (Actavis UK Ltd),Dextropropoxyphene hydrochloride/Paracetamol,32.5mg + 325mg,Tablet,Oral,04070100/04070200,Non-Opioid And Compound Analgesics/Opioid Analgesics,February 2009
39647,102811000001101,95885020,82,Medinol Over 6 paracetamol 250mg/5ml oral suspension (SSL International Plc),Paracetamol,50mg/1ml,Oral suspension,Oral,04070100,Non-Opioid And Compound Analgesics,May 2009
29260,209085001000027100,78984020,1,Retrovir 300mg Tablet (GlaxoSmithKline UK Ltd),Zidovudine,300mg,Tablet,Oral,05030150,Nucleoside Reverse Transcriptase Inhibitors,February 2009
76367,34956611000001100,78984021,0,Methotrexate 2.5mg tablets (Almus Pharmaceuticals Ltd),Methotrexate,2.5mg,Tablet,Oral,01050300/08010300/10010302/13050300,Products Affecting The Immune Response In Chronic Bowel Problems/Antimetabolites/Drugs Affecting The Immune Response In Rheumatic Disease/Drugs Affecting The Immune Response For Eczema And Psoriasis,May 2019
1039,820411000001100,53946020,310282,Minocin MR 100mg capsules (Viatris UK Healthcare Ltd),Minocycline hydrochloride,100mg,Modified-release capsule,Oral,05010300/05011000/13060201,Tetracyclines/Antileprotic Drugs/Oral Antibacterials For Acne,February 2009
8552,3775411000001101,58618020,11070,Anacal suppositories (Genus Pharmaceuticals Ltd),Heparinoid/Lauromacrogol 400,4mg + 50mg,Suppository,Rectal,00000000,Unknown,February 2009
1532,39700911000001110,64764020,85408,Minocycline 100mg tablets,Minocycline hydrochloride,100mg,Tablet,Oral,05010300/05011000/13060201,Tetracyclines/Antileprotic Drugs/Oral Antibacterials For Acne,February 2009
82812,38250911000001104,92110021,0,Doxycycline 100mg tablets (Ennogen Pharma Ltd),Doxycycline hyclate,100mg,Tablet,Oral,05010300/05040100/13060201,Tetracyclines/Antimalarials/Oral Antibacterials For Acne,January 2021
65806,585411000001100,04289020,2,Co-codamol 8mg/500mg tablets (Alliance Healthcare (Distribution) Ltd),Codeine phosphate/Paracetamol,8mg + 500mg,Tablet,Oral,04070100/04070200,Non-Opioid And Compound Analgesics/Opioid Analgesics,March 2016
56034,865311000001108,60185020,0,Amiodarone 100mg tablets (Viatris UK Healthcare Ltd),Amiodarone hydrochloride,100mg,Tablet,Oral,02030201,Supraventricular & Ventricular Arrhythmias,August 2013
84964,13892911000001108,35224020,1,Co-codamol 8mg/500mg/5ml oral suspension,Paracetamol/Codeine phosphate,100mg/1ml + 1.6mg/1ml,Oral suspension,Oral,04070100/04070200,Non-Opioid And Compound Analgesics/Opioid Analgesics,November 2021
8329,49435001000027104,54214020,595,Solpadeine Tablet (GlaxoSmithKline Consumer Healthcare),Caffeine/Codeine Phosphate/Paracetamol,,Tablet,Oral,04070100/04070200,Non-Opioid And Compound Analgesics/Opioid Analgesics,February 2009
7520,4914411000001103,73479020,18,Anadin Extra soluble tablets (Haleon UK Ltd),Aspirin/Paracetamol/Caffeine,300mg + 200mg + 45mg,Soluble tablet,Oral,04070500,Other Non Opioid Analgesics,February 2009
25895,136711000001104,81770020,21,Hedex 500mg tablets (Omega Pharma Ltd),Paracetamol,500mg,Tablet,Oral,04070100,Non-Opioid And Compound Analgesics,February 2009
79117,35593811000001104,81466021,0,Tetracycline 250mg tablets (RX Farma),Tetracycline hydrochloride,250mg,Tablet,Oral,05010300/13060201,Tetracyclines/Oral Antibacterials For Acne,December 2019
34497,10535001000027108,49320020,216,Co-codamol 8mg+500mg Tablet (Berk Pharmaceuticals Ltd),Codeine phosphate/Paracetamol,8mg + 500mg,Tablet,Oral,04070100/04070200,Non-Opioid And Compound Analgesics/Opioid Analgesics,February 2009
31151,137215001000027100,66046020,1,Cafadol Tablet (Typharm Ltd),Paracetamol/Caffeine,500mg + 65mg,Tablet,Oral,04070100,Non-Opioid And Compound Analgesics,February 2009
8454,41880911000001104,65312020,436,Oxymetholone 50mg tablets,Oxymetholone,50mg,Tablet,Oral,09010000,Anaemias And Some Other Blood Disorders,February 2009
53385,14946711000001104,07337020,0,Methotrexate 2.5mg tablets (Waymade Healthcare Plc),Methotrexate,2.5mg,Tablet,Oral,01050300/08010300/10010302/13050300,Products Affecting The Immune Response In Chronic Bowel Problems/Antimetabolites/Drugs Affecting The Immune Response In Rheumatic Disease/Drugs Affecting The Immune Response For Eczema And Psoriasis,January 2013
58848,20474611000001108,41380020,73,Dypracet 30mg/500mg tablets (Auden McKenzie (Pharma Division) Ltd),Dihydrocodeine tartrate/Paracetamol,30mg + 500mg,Tablet,Oral,04070100/04070200,Non-Opioid And Compound Analgesics/Opioid Analgesics,February 2014
56565,17879911000001100,13497020,17,Co-codamol 15mg/500mg tablets (A A H Pharmaceuticals Ltd),Codeine phosphate/Paracetamol,15mg + 500mg,Tablet,Oral,04070100/04070200,Non-Opioid And Compound Analgesics/Opioid Analgesics,August 2013
8219,31345001000027104,51903020,74,Tetrachel 250mg Capsule (Berk Pharmaceuticals Ltd),Tetracycline hydrochloride,250mg,Capsule,Oral,05010300/13060201,Tetracyclines/Oral Antibacterials For Acne,February 2009
57465,22633511000001104,16702021,4802,Co-codamol 8mg/500mg caplets (DE Pharmaceuticals),Codeine phosphate/Paracetamol,8mg + 500mg,Tablet,Oral,04070100/04070200,Non-Opioid And Compound Analgesics/Opioid Analgesics,October 2013
78798,11709711000001108,29671020,5,Amiodarone 15mg/5ml oral suspension,Amiodarone hydrochloride,3mg/1ml,Oral suspension,Oral,02030201,Supraventricular & Ventricular Arrhythmias,November 2019
17998,98711000001103,78000020,463,Medocodene 30mg/500mg capsules (UCB Pharma Ltd),Codeine phosphate/Paracetamol,30mg + 500mg,Capsule,Oral,04070100,Non-Opioid And Compound Analgesics,February 2009
52967,16680811000001104,05797020,0,Vibramycin-D 100mg dispersible tablets (Stephar (U.K.) Ltd),Doxycycline monohydrate,100mg,Dispersible tablet,Oral,05010300/05040100/13060201,Tetracyclines/Antimalarials/Oral Antibacterials For Acne,January 2013
59581,13271911000001104,34327020,2,Pyrazinamide 600mg/5ml oral suspension,Pyrazinamide,120mg/1ml,Oral suspension,Oral,05010900,Antituberculosis Drugs,April 2014
2794,352411000001101,49325020,13710,Co-codamol 30mg/500mg tablets (Wockhardt UK Ltd),Codeine phosphate/Paracetamol,30mg + 500mg,Tablet,Oral,04070100/04070200,Non-Opioid And Compound Analgesics/Opioid Analgesics,February 2009
34178,781611000001101,52412020,605,Sodium valproate 500mg gastro-resistant tablets (A A H Pharmaceuticals Ltd),Sodium valproate,500mg,Gastro-resistant tablet,Oral,04080100,Control Of Epilepsy,February 2009
56877,187055001000027100,73461020,0,Coldrex Tablet (GlaxoSmithKline UK Ltd),Caffeine/Paracetamol/Phenylephrine Hydrochloride/Ascorbic Acid,,Tablet,,03100000/04070100,Systemic Nasal Decongestants/Non-Opioid And Compound Analgesics,August 2013
61202,21219611000001104,44403020,37,Lymecycline 408mg capsules (Teva UK Ltd),Lymecycline,408mg,Capsule,Oral,05010300,Tetracyclines,September 2014
8603,99295001000027100,60900020,1,Ethambutol with Isoniazid 365mg with 100mg tablets,Ethambutol Hydrochloride/Isoniazid,365mg + 100mg,Tablets,Oral,05010900,Antituberculosis Drugs,February 2009
54713,20474311000001104,41379020,41,Dypracet 20mg/500mg tablets (Auden McKenzie (Pharma Division) Ltd),Dihydrocodeine tartrate/Paracetamol,20mg + 500mg,Tablet,Oral,04070100/04070200,Non-Opioid And Compound Analgesics/Opioid Analgesics,April 2013
66987,3793211000001108,06026020,0,Isoniazid 100mg tablets (RPH Pharmaceuticals AB),Isoniazid,100mg,Tablet,Oral,05010900,Antituberculosis Drugs,August 2016
71566,34797611000001104,78736021,1334,Co-dydramol 30mg/500mg tablets (M & A Pharmachem Ltd),Dihydrocodeine tartrate/Paracetamol,30mg + 500mg,Tablet,Oral,04070100/04070200,Non-Opioid And Compound Analgesics/Opioid Analgesics,February 2018
73551,41767911000001104,20050021,1,Pomalidomide 3mg capsules,Pomalidomide,3mg,Capsule,Oral,08020400,Other Immunomodulating Drugs,October 2018
2040,680111000001109,55873020,187582,Remedeine tablets (Crescent Pharma Ltd),Dihydrocodeine tartrate/Paracetamol,20mg + 500mg,Tablet,Oral,04070100/04070200,Non-Opioid And Compound Analgesics/Opioid Analgesics,February 2009
32519,7951411000001104,86609020,15,Painex caplets (Sandoz Ltd),Paracetamol/Doxylamine succinate/Caffeine/Codeine phosphate,450mg + 5mg + 30mg + 10mg,Tablet,Oral,04070000/04070100/04070200,Analgesics/Non-Opioid And Compound Analgesics/Opioid Analgesics,February 2009
62372,24985011000001104,27455021,17,Benylin Chesty Cough & Cold tablets (McNeil Products Ltd),Paracetamol/Guaifenesin/Phenylephrine hydrochloride,250mg + 100mg + 5mg,Tablet,Oral,03095000,Miscellaneous Cough & Cold Preparations,February 2015
69601,3394711000001103,11546020,147,Generic Dalivit oral drops,Ergocalciferol/Thiamine/Riboflavin/Pyridoxine/Vitamin A/Ascorbic acid/Nicotinamide,667iu/1ml + 1667microgram/1ml + 667microgram/1ml + 833microgram/1ml + 8333iu/1ml + 83mg/1ml + 8.3mg/1ml,Oral drops,Oral,09060700,Multivitamin And Multimineral Preparations,May 2017
37440,9891211000001108,90035020,24,Sebren MR 100mg capsules (Teva UK Ltd),Minocycline hydrochloride,100mg,Modified-release capsule,Oral,05010300/05011000/13060201,Tetracyclines/Antileprotic Drugs/Oral Antibacterials For Acne,February 2009
453,41951411000001104,64065020,1836175,Lymecycline 408mg capsules,Lymecycline,408mg,Capsule,Oral,05010300,Tetracyclines,February 2009
49575,13429711000001102,04211020,4149,Paracetamol 500mg caplets (Vantage),Paracetamol,500mg,Tablet,Oral,04070100,Non-Opioid And Compound Analgesics,January 2013
17412,39690411000001104,83648020,132,Paracetamol 500mg / Diphenhydramine 25mg tablets,Paracetamol/Diphenhydramine hydrochloride,500mg + 25mg,Tablet,Oral,04070100,Non-Opioid And Compound Analgesics,February 2009
44924,9627111000001108,71985020,282,Co-codamol 30mg/500mg tablets (Teva UK Ltd),Codeine phosphate/Paracetamol,30mg + 500mg,Tablet,Oral,04070100/04070200,Non-Opioid And Compound Analgesics/Opioid Analgesics,April 2011
42280,17430011000001102,97487020,2176,Tramadol 37.5mg / Paracetamol 325mg effervescent tablets sugar free,Paracetamol/Tramadol hydrochloride,325mg + 37.5mg,Effervescent tablet,Oral,04070200,Opioid Analgesics,May 2010
39961,15246711000001100,96750020,811,Roaccutane 10mg capsules (Roche Products Ltd),Isotretinoin,10mg,Capsule,Oral,13060203,Oral Retinoids For Acne,August 2009
27161,235255001000027100,86751020,3,Amidox 200mg Tablet (Berk Pharmaceuticals Ltd),Amiodarone hydrochloride,200mg,Tablet,Oral,02030201,Supraventricular & Ventricular Arrhythmias,February 2009
42514,247205001000027100,93147020,25,Paracetamol oral liquid,Paracetamol,,Oral Liquid,Oral,04070100,Non-Opioid And Compound Analgesics,June 2010
21296,220775001000027100,82695020,185,Ascorbic acid with Calcium with Vitamin B complex effervescent tablets,Biotin/Hydroxocobalamin/Pyridoxine Hydrochloride/Thiamine Hydrochloride/Pantothenic Acid/Ascorbic Acid/Riboflavin/Calcium/Magnesium/Zinc/Nicotinic Acid,,Effervescent Tablet,Oral,09050101/09060200,Calcium Supplements/Vitamin B Group,February 2009
30123,841911000001103,75017020,105,Panadol Ultra 12.8mg/500mg tablets (Haleon UK Ltd),Paracetamol/Codeine phosphate,500mg + 12.8mg,Tablet,Oral,04070100/04070200,Non-Opioid And Compound Analgesics/Opioid Analgesics,February 2009
40400,60705001000027104,55618020,17,Sodium valproate 500mg Gastro-resistant tablet (C P Pharmaceuticals Ltd),Sodium valproate,500mg,Gastro-resistant tablet,Oral,04080100,Control Of Epilepsy,September 2009
62833,24381611000001104,23752021,0,Methotrexate 2.5mg tablets (DE Pharmaceuticals),Methotrexate,2.5mg,Tablet,Oral,01050300/08010300/10010302/13050300,Products Affecting The Immune Response In Chronic Bowel Problems/Antimetabolites/Drugs Affecting The Immune Response In Rheumatic Disease/Drugs Affecting The Immune Response For Eczema And Psoriasis,April 2015
82565,4171611000001106,13752020,100,Generic Vivioptal capsules,Adenosine/Sodium molybdate anhydrous/Biotin/Colecalciferol/Choline hydrogen tartrate/Cobaltous sulfate monohydrate/Copper sulfate monohydrate/Cyanocobalamin/Dexpanthenol/L-Lysine monohydrochloride/Calcium hydrogen phosphate anhydrous/Ferrous sulfate dried/Folic acid/Magnesium glycerophosphate/Inositol/Lecithin/Ethyl linoleate/Manganese sulfate monohydrate/Nicotinamide/Orotic acid anhydrous/Potassium sulfate/Pyridoxine hydrochloride/Riboflavin/Rutoside/Thiamine nitrate/Vitamin A palmitate/Calcium ascorbate/Alpha tocopheryl acetate/Zinc oxide,750microgram + 80microgram + 50microgram + 400unit + 50mg + 100microgram + 500microgram + 3microgram + 10mg + 25mg + 35mg + 10mg + 400microgram + 40mg + 30mg + 60mg + 28mg + 500microgram + 25mg + 30mg + 8mg + 6.08mg + 3mg + 20mg + 5mg + 5000unit + 60mg + 10mg + 500microgram,Capsule,Oral,09060700,Multivitamin And Multimineral Preparations,January 2021
73478,7945911000001106,14653020,1,Lloydspharmacy Extra Power Pain Reliever tablets (Lloyds Pharmacy Ltd),Aspirin/Paracetamol/Caffeine,300mg + 200mg + 45mg,Tablet,Oral,04070500,Other Non Opioid Analgesics,October 2018
80440,21926911000001100,47868020,1,Paracetamol 500mg/5ml oral suspension sugar free (A A H Pharmaceuticals Ltd),Paracetamol,100mg/1ml,Oral suspension,Oral,04070100,Non-Opioid And Compound Analgesics,April 2020
38984,12056911000001108,74659020,71,Paracetamol 500mg capsules (Accord-UK Ltd),Paracetamol,500mg,Capsule,Oral,04070100,Non-Opioid And Compound Analgesics,February 2009
58343,16234411000001100,06045020,0,Rifinah 300mg/150mg tablets (Lexon (UK) Ltd),Rifampicin/Isoniazid,300mg + 150mg,Tablet,Oral,05010900,Antituberculosis Drugs,December 2013
72796,29851211000001104,52233021,0,Co-proxamol 32.5mg/325mg tablets (Ennogen Healthcare Ltd),Dextropropoxyphene hydrochloride/Paracetamol,32.5mg + 325mg,Tablet,Oral,04070100,Non-Opioid And Compound Analgesics,August 2018
67782,34819711000001100,05777020,0,Generic Deteclo 300mg tablets,Chlortetracycline hydrochloride/Tetracycline hydrochloride/Demeclocycline hydrochloride,115.4mg + 115.4mg + 69.2mg,Tablet,Oral,00000000,Unknown,October 2016
43700,62525001000027110,55833020,80,Minocycline 50mg Tablet (Lagap),Minocycline hydrochloride,50mg,Tablet,Oral,05010300/13060201,Tetracyclines/Oral Antibacterials For Acne,October 2010
81683,33523811000001104,70988021,4,Tramadol 75mg / Paracetamol 650mg tablets,Paracetamol/Tramadol hydrochloride,650mg + 75mg,Tablet,Oral,04070200,Opioid Analgesics,September 2020
24133,4928511000001103,57126020,9,Panadol Extra soluble tablets (Haleon UK Ltd),Paracetamol/Caffeine,500mg + 65mg,Effervescent tablet,Oral,04070100,Non-Opioid And Compound Analgesics,February 2009
34626,880211000001107,56315020,445,Sodium valproate 200mg gastro-resistant tablets (Viatris UK Healthcare Ltd),Sodium valproate,200mg,Gastro-resistant tablet,Oral,04080100,Control Of Epilepsy,February 2009
46511,19230711000001108,00243021,28209,Co-codamol 15mg/500mg effervescent tablets sugar free,Codeine phosphate/Paracetamol,15mg + 500mg,Effervescent tablet,Oral,04070100/04070200,Non-Opioid And Compound Analgesics/Opioid Analgesics,December 2011
77008,9802411000001100,69661020,22,Oxytetracycline 250mg tablets (Almus Pharmaceuticals Ltd),Oxytetracycline dihydrate,250mg,Tablet,Oral,05010300/13060201,Tetracyclines/Oral Antibacterials For Acne,July 2019
83697,20560511000001104,42032020,1,Epilim Chronosphere MR 100mg granules sachets (Waymade Healthcare Plc),Sodium valproate,100mg,Modified-release granules,Oral,04080100,Control Of Epilepsy,April 2021
81255,35045211000001104,79424021,1,Paracetamol 10mg suppositories,Paracetamol,10mg,Suppository,Rectal,04070100,Non-Opioid And Compound Analgesics,July 2020
33042,56595001000027104,55076020,0,Lemsip children's six plus cold and flu relief 240mg+2.5mg Sachets (Reckitt Benckiser Healthcare (UK) Ltd),Paracetamol/Phenylephrine Hydrochloride,240mg+2.5mg,Sachets,Oral,03100000/04070100,Systemic Nasal Decongestants/Non-Opioid And Compound Analgesics,February 2009
55465,15080211000001108,04339020,185,Co-codamol 30mg/500mg capsules (Sigma Pharmaceuticals Plc),Codeine phosphate/Paracetamol,30mg + 500mg,Capsule,Oral,04070100/04070200,Non-Opioid And Compound Analgesics/Opioid Analgesics,June 2013
18766,197615001000027100,75528020,39,Yohimbine with pemoline & methyl testosterone,Yohimbine Hydrochloride/Methyltestosterone/Pemoline,5mg + 10mg + 5mg,Capsules,Oral,07040500,Drugs For Erectile Dysfunction,February 2009
30021,154945001000027100,68501020,9,Paracetamol 500mg with codeine phosphate 13.5mg tablet,Codeine Phosphate/Paracetamol,500mg + 13.5mg,Tablets,Oral,04070100,Non-Opioid And Compound Analgesics,February 2009
22014,224365001000027100,83716020,240,Disprol paracetamol 120mg/5ml Oral suspension (Reckitt Benckiser Healthcare (UK) Ltd),Paracetamol,120mg/5ml,Oral Suspension,Oral,04070100,Non-Opioid And Compound Analgesics,February 2009
21802,3175001000027101,48382020,4947,Berkmycen 250mg Tablet (Berk Pharmaceuticals Ltd),Oxytetracycline dihydrate,250mg,Tablet,Oral,05010300/13060201,Tetracyclines/Oral Antibacterials For Acne,February 2009
34920,10705001000027102,49340020,51,Co-dydramol 10mg+500mg Tablet (Berk Pharmaceuticals Ltd),Dihydrocodeine tartrate/Paracetamol,10mg + 500mg,Tablet,Oral,04070100/04070200,Non-Opioid And Compound Analgesics/Opioid Analgesics,February 2009
43441,10795001000027104,49350020,28,Co-dydramol 10mg+500mg Tablet (Celltech Pharma Europe Ltd),Dihydrocodeine tartrate/Paracetamol,10mg + 500mg,Tablet,Oral,04070100/04070200,Non-Opioid And Compound Analgesics/Opioid Analgesics,September 2010
10748,198395001000027100,75704020,5,Tramil 500mg Capsule (Wyeth Consumer Healthcare),Paracetamol,500mg,Capsule,Oral,04070100,Non-Opioid And Compound Analgesics,February 2009
9460,136685001000027100,65989020,8312,Paracetamol 500mg with codeine phosphate 8mg capsule,Codeine Phosphate/Paracetamol,500mg + 8mg,Capsules,Oral,04070100/04070200,Non-Opioid And Compound Analgesics/Opioid Analgesics,February 2009
34851,417411000001104,54658020,535,Amiodarone 200mg tablets (Teva UK Ltd),Amiodarone hydrochloride,200mg,Tablet,Oral,02030201,Supraventricular & Ventricular Arrhythmias,February 2009
45259,109625001000027100,62390020,2,Paracetamol 500mg Tablet (OBG Pharmaceuticals Ltd),Paracetamol,500mg,Tablet,Oral,04070100,Non-Opioid And Compound Analgesics,May 2011
4196,322254008,82136020,9412,Paracetamol 240mg suppositories,Paracetamol,240mg,Suppository,Rectal,04070100,Non-Opioid And Compound Analgesics,February 2009
3733,789911000001106,74924020,679871,Epilim Chrono 300 tablets (Sanofi),Sodium valproate,300mg,Modified-release tablet,Oral,04080100,Control Of Epilepsy,February 2009
8930,4642611000001102,53500020,175,Sudafed Non-Drowsy Congestion Cold and Flu tablets (McNeil Products Ltd),Paracetamol/Pseudoephedrine hydrochloride,500mg + 60mg,Tablet,Oral,03095000,Miscellaneous Cough & Cold Preparations,February 2009
40483,4331711000001105,68569020,4,Oxytetracycline 250mg tablets (Sandoz Ltd),Oxytetracycline dihydrate,250mg,Tablet,Oral,05010300/13060201,Tetracyclines/Oral Antibacterials For Acne,October 2009
763,318186003,60109020,657941,Amiodarone 100mg tablets,Amiodarone hydrochloride,100mg,Tablet,Oral,02030201,Supraventricular & Ventricular Arrhythmias,February 2009
10226,4923911000001100,89796020,352,Solpadeine Plus tablets (Omega Pharma Ltd),Caffeine/Codeine phosphate/Paracetamol,30mg + 8mg + 500mg,Tablet,Oral,04070100/04070200,Non-Opioid And Compound Analgesics/Opioid Analgesics,February 2009
66602,18084511000001108,37707020,0,Generic Solpadeine Max soluble tablets sugar free,Caffeine/Codeine phosphate/Paracetamol,30mg + 12.8mg + 500mg,Effervescent tablet,Oral,04070100/04070200,Non-Opioid And Compound Analgesics/Opioid Analgesics,June 2016
34707,926511000001105,56310020,566,Sodium valproate 200mg gastro-resistant tablets (IVAX Pharmaceuticals UK Ltd),Sodium valproate,200mg,Gastro-resistant tablet,Oral,04080100,Control Of Epilepsy,February 2009
79154,14220911000001108,04812020,0,Epilim Chrono 200 tablets (Sigma Pharmaceuticals Plc),Sodium valproate,200mg,Modified-release tablet,Oral,04080100,Control Of Epilepsy,December 2019
40885,15914911000001100,95585020,1743,Nicotinic acid 1g / Laropiprant 20mg modified-release tablets,Nicotinic acid/Laropiprant,1gram + 20mg,Modified-release tablet,Oral,02120500,Nicotinic Acid Group,December 2009
53658,8274411000001109,18925020,23,Amiodarone 100mg/5ml oral suspension,Amiodarone hydrochloride,20mg/1ml,Oral suspension,Oral,02030201,Supraventricular & Ventricular Arrhythmias,February 2013
6505,41772611000001104,78557020,2384,Voriconazole 200mg tablets,Voriconazole,200mg,Tablet,Oral,05020100,Triazole Antifungals,February 2009
4671,154975001000027100,68504020,18294,Codeine phosphate 30mg with Paracetamol 500mg capsules,Codeine Phosphate/Paracetamol,30mg + 500mg,Capsules,Oral,04070100/04070200,Non-Opioid And Compound Analgesics/Opioid Analgesics,February 2009
22288,183935001000027100,72975020,170,Medinol 250mg/5ml Oral suspension (SSL International Plc),Paracetamol,250mg/5ml,Oral Suspension,Oral,04070100,Non-Opioid And Compound Analgesics,February 2009
2034,685211000001107,58882020,2466,Alvedon 125mg suppositories (Esteve Pharmaceuticals Ltd),Paracetamol,125mg,Suppository,Rectal,04070100,Non-Opioid And Compound Analgesics,February 2009
9712,3437211000001102,86411020,10178,Paracetamol 250mg orodispersible tablets sugar free,Paracetamol,250mg,Orodispersible tablet,Oral,04070100,Non-Opioid And Compound Analgesics,February 2009
2306,39700511000001104,67937020,91027,Paracetamol 500mg / Metoclopramide 5mg tablets,Metoclopramide hydrochloride/Paracetamol,5mg + 500mg,Tablet,Oral,04070401,Acute Migraine,February 2009
41104,11026411000001100,74124020,29,Methotrexate 2.5mg tablets (Wockhardt UK Ltd),Methotrexate,2.5mg,Tablet,Oral,01050300/08010300/10010302/13050300,Products Affecting The Immune Response In Chronic Bowel Problems/Antimetabolites/Drugs Affecting The Immune Response In Rheumatic Disease/Drugs Affecting The Immune Response For Eczema And Psoriasis,January 2010
18109,7393411000001103,86944020,910,Sebomin MR 100mg capsules (Actavis UK Ltd),Minocycline hydrochloride,100mg,Modified-release capsule,Oral,05010300/05011000/13060201,Tetracyclines/Antileprotic Drugs/Oral Antibacterials For Acne,February 2009
27145,4922411000001104,77093020,33,Day Nurse capsules (Haleon UK Ltd),Paracetamol/Pseudoephedrine hydrochloride/Pholcodine,500mg + 30mg + 5mg,Capsule,Oral,03095000,Miscellaneous Cough & Cold Preparations,February 2009
33614,220245001000027100,82536020,1,Obimol 500mg Tablet (Ayrton Saunders Ltd),Paracetamol,500mg,Tablet,Oral,04070100,Non-Opioid And Compound Analgesics,February 2009
3384,42036211000001104,72881020,37557,Flutamide 250mg tablets,Flutamide,250mg,Tablet,Oral,08030402,Prostate Cancer,February 2009
37611,4765911000001103,86467020,370,Epival CR 300mg tablets (G.L. Pharma UK Ltd),Sodium valproate,300mg,Modified-release tablet,Oral,04080100,Control Of Epilepsy,February 2009
26746,4929311000001103,81772020,4,Hedex Extra tablets (Omega Pharma Ltd),Paracetamol/Caffeine,500mg + 65mg,Tablet,Oral,04070100,Non-Opioid And Compound Analgesics,February 2009
43447,9210211000001104,71191020,950,Paracetamol 120mg/5ml oral suspension paediatric sugar free (Thornton & Ross Ltd),Paracetamol,24mg/1ml,Oral suspension,Oral,04070100,Non-Opioid And Compound Analgesics,September 2010
3313,56445001000027104,55058020,1605,Calpol six plus 250mg/5ml Oral suspension sugar free (McNeil Products Ltd),Paracetamol,250mg/5ml,Oral Suspension,Oral,04070100,Non-Opioid And Compound Analgesics,February 2009
20853,176525001000027100,71763020,103,Propain Tablet (Sankyo Pharma UK Ltd),Caffeine/Codeine Phosphate/Paracetamol/Diphenhydramine Hydrochloride,,Tablet,Oral,03040102/04070100,Sedating Antihistamines/Non-Opioid And Compound Analgesics,February 2009
6665,234205001000027100,86403020,15893,Paracetamol with codeine & buclizine tablet,Buclizine Hydrochloride/Codeine Phosphate/Paracetamol,,Tablets,Oral,03040102/04070401,Sedating Antihistamines/Acute Migraine,February 2009
71928,31535311000001100,62139021,3,Mercaptopurine 75mg capsules,Mercaptopurine,75mg,Capsule,Oral,01050300/08010300,Products Affecting The Immune Response In Chronic Bowel Problems/Antimetabolites,April 2018
80329,37574111000001104,89825021,1348,Belvo 500mg gastro-resistant tablets (Consilient Health Ltd),Valproate semisodium,500mg,Gastro-resistant tablet,Oral,04020300/04070402,Products Used For Mania And Hypomania/Prophylaxis Of Migraine,April 2020
69304,34035211000001100,73914021,1470,Co-codamol 15mg/500mg tablets (Accord-UK Ltd),Codeine phosphate/Paracetamol,15mg + 500mg,Tablet,Oral,04070100/04070200,Non-Opioid And Compound Analgesics/Opioid Analgesics,April 2017
21673,136815001000027100,66002020,43,Paracetamol 500mg with codeine phosphate 8mg & caffeine 30mg effervescent tablet,Caffeine/Codeine Phosphate/Paracetamol,500mg+8mg+30mg,Effervescent Tablet,Oral,04070100/04070200,Non-Opioid And Compound Analgesics/Opioid Analgesics,February 2009
20256,176505001000027100,71760020,46,Paracetamol 450mg with codeine phosphate 10mg with doxylamine 5mg & caffeine 30mg tablet,Caffeine/Codeine Phosphate/Doxylamine Succinate/Paracetamol,450mg+10mg+5mg+30mg,Tablets,Oral,03040102/04070100,Sedating Antihistamines/Non-Opioid And Compound Analgesics,February 2009
1013,20435001000027100,50598020,172,Mysteclin Capsule (Bristol-Myers Squibb Pharmaceuticals Ltd),Nystatin/Tetracycline Hydrochloride,,Capsule,Oral,05010300/05020000,Tetracyclines/Antifungals,February 2009
24187,165955001000027100,70244020,27,Paracetamol with diphenhydramine with codeine with phenylephrine with caffeine & vitamin c tablet,Caffeine/Codeine Phosphate/Paracetamol/Phenylephrine Hydrochloride/Ascorbic Acid/Diphenhydramine Hydrochloride,,Tablets,Oral,03040102/04070100,Sedating Antihistamines/Non-Opioid And Compound Analgesics,February 2009
9267,2849711000001102,86250020,3877,Vibramycin Acne Pack 50mg capsules (Pfizer Ltd),Doxycycline hyclate,50mg,Capsule,Oral,05010300/05040100,Tetracyclines/Antimalarials,February 2009
66481,31017211000001104,60697021,8,Boots Paracetamol Extra soluble tablets (The Boots Company Plc),Paracetamol/Caffeine,500mg + 65mg,Effervescent tablet,Oral,04070100,Non-Opioid And Compound Analgesics,June 2016
53952,7924311000001108,04243020,4,Paracetamol 500mg capsules (Lloyds Pharmacy Ltd),Paracetamol,500mg,Capsule,Oral,04070100,Non-Opioid And Compound Analgesics,March 2013
52948,13004211000001106,33454020,7,Paracetamol 1g/5ml oral suspension,Paracetamol,200mg/1ml,Oral suspension,Oral,04070100,Non-Opioid And Compound Analgesics,January 2013
63943,28985611000001100,48024021,1940,Paracetamol 500mg caplets (Crescent Pharma Ltd),Paracetamol,500mg,Tablet,Oral,04070100,Non-Opioid And Compound Analgesics,August 2015
72408,16102411000001104,36909020,1,Valproic acid 500mg/5ml oral suspension,Valproate semisodium,100mg/1ml,Oral suspension,Oral,04020300/04080100,Products Used For Mania And Hypomania/Control Of Epilepsy,June 2018
7064,3846411000001106,70972020,244424,Depakote 250mg gastro-resistant tablets (Sanofi),Valproate semisodium,250mg,Gastro-resistant tablet,Oral,04020300/04070402,Products Used For Mania And Hypomania/Prophylaxis Of Migraine,February 2009
47650,247225001000027100,93151020,13,Pyrazinamide oral solution,Pyrazinamide,,Oral Liquid,Oral,05010900,Antituberculosis Drugs,August 2012
73004,11755211000001108,93013020,2,Revlimid 5mg capsules (Bristol-Myers Squibb Pharmaceuticals Ltd),Lenalidomide,5mg,Capsule,Oral,08020405,Lenalidomide And Thalidomide,September 2018
76166,5406511000001103,06839020,16,Restandol 40mg capsules (Waymade Healthcare Plc),Testosterone undecanoate,40mg,Capsule,Oral,06040200,Male Sex Hormones And Antagonists,May 2019
10176,3803111000001102,79795020,29545,Codipar 15mg/500mg tablets (Advanz Pharma),Codeine phosphate/Paracetamol,15mg + 500mg,Tablet,Oral,04070100/04070200,Non-Opioid And Compound Analgesics/Opioid Analgesics,February 2009
85796,9050511000001108,74922020,1,Isotretinoin 20mg capsules (A A H Pharmaceuticals Ltd),Isotretinoin,20mg,Capsule,Oral,13060203,Oral Retinoids For Acne,March 2022
34632,591311000001109,59990020,324,Sodium valproate 200mg gastro-resistant tablets (Teva UK Ltd),Sodium valproate,200mg,Gastro-resistant tablet,Oral,04080100,Control Of Epilepsy,February 2009
68857,4933511000001105,14666020,0,Generic Day Nurse capsules,Paracetamol/Pseudoephedrine hydrochloride/Pholcodine,500mg + 30mg + 5mg,Capsule,Oral,03095000,Miscellaneous Cough & Cold Preparations,February 2017
29670,166015001000027100,70254020,4,Phenylpropanolamine 12.5mg with paracetamol 500mg tablet,Paracetamol/Phenylpropanolamine Hydrochloride,12.5mg + 500mg,Tablets,Oral,03090200/04070100,Demulcent And Expectorant Cough Preparations/Non-Opioid And Compound Analgesics,February 2009
40663,15447311000001100,76604020,3,Co-codamol 30mg/500mg effervescent tablets (Actavis UK Ltd),Codeine phosphate/Paracetamol,30mg + 500mg,Effervescent tablet,Oral,04070100/04070200,Non-Opioid And Compound Analgesics/Opioid Analgesics,October 2009
34264,4868911000001106,66696020,4381,Co-codamol 30mg/500mg tablets (IVAX Pharmaceuticals UK Ltd),Codeine phosphate/Paracetamol,30mg + 500mg,Tablet,Oral,04070100,Non-Opioid And Compound Analgesics,February 2009
52455,20981411000001104,43836020,15,Medinol For Children 120mg/5ml oral suspension (SSL International Plc),Paracetamol,24mg/1ml,Oral suspension,Oral,04070100,Non-Opioid And Compound Analgesics,January 2013
29743,4355111000001105,77378020,1,Fludara 10mg tablets (Sanofi),Fludarabine phosphate,10mg,Tablet,Oral,08010300,Antimetabolites,February 2009
78685,34577211000001108,77378021,2,Eroset 500mg/10mg tablets (GlucoRx Ltd),Dihydrocodeine tartrate/Paracetamol,10mg + 500mg,Tablet,Oral,04070100/04070200,Non-Opioid And Compound Analgesics/Opioid Analgesics,November 2019
77513,186311000001105,04804020,58,Sodium valproate 200mg gastro-resistant tablets (Alliance Healthcare (Distribution) Ltd),Sodium valproate,200mg,Gastro-resistant tablet,Oral,04080100,Control Of Epilepsy,August 2019
24643,108815001000027100,62254020,2,Demeclocycline with chlortetracycline with tetracycline tablets,Chlortetracycline Hydrochloride/Tetracycline Hydrochloride/Demeclocycline Hydrochloride,,Tablets,Oral,05010300/13060201,Tetracyclines/Oral Antibacterials For Acne,February 2009
20077,176475001000027100,71757020,9,Paracetamol 400mg with codeine phosphate 10mg with diphenhydramine 5mg & caffeine 50mg tablet,Caffeine/Codeine Phosphate/Paracetamol/Diphenhydramine Hydrochloride,400mg+10mg+5mg+50mg,Tablets,Oral,03040102/04070100,Sedating Antihistamines/Non-Opioid And Compound Analgesics,February 2009
892,186611000001100,54586020,298237,Paramax tablets (Sanofi),Metoclopramide hydrochloride/Paracetamol,5mg + 500mg,Tablet,Oral,04070401,Acute Migraine,February 2009
63660,2849111000001103,63285020,6,Doxycycline 50mg capsules (Kent Pharma (UK) Ltd),Doxycycline hyclate,50mg,Capsule,Oral,05010300/05040100/13060201,Tetracyclines/Antimalarials/Oral Antibacterials For Acne,July 2015
7177,41735911000001104,50432020,7980,Acitretin 10mg capsules,Acitretin,10mg,Capsule,Oral,13050201,Oral Retinoids For Psoriasis,February 2009
57353,22633311000001104,16704021,5137,Co-codamol 30mg/500mg caplets (DE Pharmaceuticals),Codeine phosphate/Paracetamol,30mg + 500mg,Tablet,Oral,04070100/04070200,Non-Opioid And Compound Analgesics/Opioid Analgesics,October 2013
40729,15871411000001108,97431020,3646,Tredaptive 1000mg/20mg modified-release tablets (Organon Pharma (UK) Ltd),Nicotinic acid/Laropiprant,1gram + 20mg,Modified-release tablet,Oral,02120500,Nicotinic Acid Group,November 2009
19556,106945001000027100,62021020,393,Fluoro-uracil 250mg Capsule (Cambridge Laboratories Ltd),Fluorouracil,250mg,Capsule,Oral,08010300,Antimetabolites,February 2009
27435,219405001000027100,82244020,1,Paracetamol 200mg with aspirin 300mg & caffeine 45mg soluble tablet,Caffeine/Paracetamol/Aspirin,200mg + 300mg +45mg,Soluble Tablet,Oral,04070100,Non-Opioid And Compound Analgesics,February 2009
36754,915611000001105,66075020,12,Paracetamol 500mg soluble tablets (A A H Pharmaceuticals Ltd),Paracetamol,500mg,Effervescent tablet,Oral,04070100,Non-Opioid And Compound Analgesics,February 2009
50881,18749611000001104,09673020,3,Galpharm Paracetamol Plus tablets (Galpharm International Ltd),Paracetamol/Caffeine,500mg + 65mg,Tablet,Oral,04070100,Non-Opioid And Compound Analgesics,January 2013
32111,383711000001107,60981020,226,Methotrexate 2.5mg tablets (Pfizer Ltd),Methotrexate,2.5mg,Tablet,Oral,01050300/08010300/10010302/13050300,Products Affecting The Immune Response In Chronic Bowel Problems/Antimetabolites/Drugs Affecting The Immune Response In Rheumatic Disease/Drugs Affecting The Immune Response For Eczema And Psoriasis,February 2009
68070,15974211000001104,04214020,0,Paracetamol 500mg tablets (Zanza Specials International Ltd),Paracetamol,500mg,Tablet,Oral,04070100,Non-Opioid And Compound Analgesics,October 2016
33666,228511000001105,54295020,4385,Paracetamol 500mg tablets (Actavis UK Ltd),Paracetamol,500mg,Tablet,Oral,04070100,Non-Opioid And Compound Analgesics,February 2009
7542,103785001000027100,61567020,23618,Codeine phosphate 8mg with paracetamol 500mg tablets,Codeine Phosphate/Paracetamol,8mg + 500mg,Tablets,Oral,04070100/04070200,Non-Opioid And Compound Analgesics/Opioid Analgesics,February 2009
4304,41741211000001104,63770020,6075,Isotretinoin 20mg capsules,Isotretinoin,20mg,Capsule,Oral,13060203,Oral Retinoids For Acne,February 2009
48775,20545311000001108,41378020,23615,Co-codamol 30mg/500mg caplets (Advanz Pharma),Codeine phosphate/Paracetamol,30mg + 500mg,Tablet,Oral,04070100/04070200,Non-Opioid And Compound Analgesics/Opioid Analgesics,January 2013
8246,103795001000027100,61568020,12245,Codeine phosphate 8mg with paracetamol 500mg effervescent tablets,Codeine Phosphate/Paracetamol,8mg + 500mg,Effervescent Tablet,Oral,04070100/04070200,Non-Opioid And Compound Analgesics/Opioid Analgesics,February 2009
9034,131435001000027100,65334020,154,Oxytetracycline 125mg/5ml syrup,Oxytetracycline Dihydrate,125mg/5ml,Syrup,Oral,05010300/13060201,Tetracyclines/Oral Antibacterials For Acne,February 2009
21038,65955001000027104,56301020,30,Doxatet 100mg Tablet (Manufacturer unknown),Doxycycline Hyclate,100mg,Tablet,Oral,05010300/05040100,Tetracyclines/Antimalarials,February 2009
67752,11013711000001104,69839020,0,Oxytetracycline 250mg tablets (Dr Reddy's Laboratories (UK) Ltd),Oxytetracycline dihydrate,250mg,Tablet,Oral,05010300/13060201,Tetracyclines/Oral Antibacterials For Acne,October 2016
70326,32968511000001104,69978021,54,Paravict 500mg tablets (Ecogen Europe Ltd),Paracetamol,500mg,Tablet,Oral,04070100,Non-Opioid And Compound Analgesics,September 2017
77224,30018111000001108,53441021,0,Co-dydramol 10mg/500mg tablets (Mawdsley-Brooks & Company Ltd),Dihydrocodeine tartrate/Paracetamol,10mg + 500mg,Tablet,Oral,04070100/04070200,Non-Opioid And Compound Analgesics/Opioid Analgesics,July 2019
2634,87825001000027100,59115020,5315,Multivitamin sugar coated Tablet (Sussex Pharmaceutical Ltd),Nicotinamide/Thiamine Hydrochloride/Vitamin A/Vitamin D/Ascorbic Acid/Riboflavin,,Tablet,Oral,09060700,Multivitamin And Multimineral Preparations,February 2009
44903,755011000001104,73096020,8,Sodium valproate 500mg gastro-resistant tablets (Zentiva Pharma UK Ltd),Sodium valproate,500mg,Gastro-resistant tablet,Oral,04080100,Control Of Epilepsy,April 2011
877,41791911000001104,64503020,341500,Methotrexate 10mg tablets,Methotrexate,10mg,Tablet,Oral,01050300/08010300/10010302/13050300,Products Affecting The Immune Response In Chronic Bowel Problems/Antimetabolites/Drugs Affecting The Immune Response In Rheumatic Disease/Drugs Affecting The Immune Response For Eczema And Psoriasis,February 2009
2822,162725001000027100,69792020,381998,Epilim ec 500mg Gastro-resistant tablet (Sanofi),Sodium valproate,500mg,Gastro-resistant tablet,Oral,04080100,Control Of Epilepsy,February 2009
62635,871711000001104,04302020,0,Co-dydramol 10mg/500mg tablets (Alliance Healthcare (Distribution) Ltd),Dihydrocodeine tartrate/Paracetamol,10mg + 500mg,Tablet,Oral,04070100/04070200,Non-Opioid And Compound Analgesics/Opioid Analgesics,March 2015
62491,4598711000001106,14141020,0,Generic Lemsip Max Cold & Flu capsules,Caffeine/Phenylephrine hydrochloride/Paracetamol,25mg + 6.1mg + 500mg,Capsule,Oral,03095000,Miscellaneous Cough & Cold Preparations,March 2015
21978,926911000001103,79633020,1073,Blemix 100mg tablets (Ashbourne Pharmaceuticals Ltd),Minocycline hydrochloride,100mg,Tablet,Oral,05010300/05011000/13060201,Tetracyclines/Antileprotic Drugs/Oral Antibacterials For Acne,February 2009
26572,4473411000001106,80225020,14,Beechams Flu-Plus caplets (Haleon UK Ltd),Paracetamol/Caffeine/Phenylephrine hydrochloride,500mg + 25mg + 5mg,Tablet,Oral,03095000,Miscellaneous Cough & Cold Preparations,February 2009
21804,143265001000027100,66947020,2,Tetracycline 125mg/5ml syrup,Tetracycline Hydrochloride,125mg/5ml,Syrup,Oral,05010300/13060201,Tetracyclines/Oral Antibacterials For Acne,February 2009
73060,15367411000001108,04295020,5,Co-codamol 8mg/500mg tablets (Numark Ltd),Codeine phosphate/Paracetamol,8mg + 500mg,Tablet,Oral,04070100/04070200,Non-Opioid And Compound Analgesics/Opioid Analgesics,September 2018
85742,38877111000001104,94824021,0,Doxycycline 100mg capsules (Medihealth (Northern) Ltd),Doxycycline hyclate,100mg,Capsule,Oral,05010300/05040100/13060201,Tetracyclines/Antimalarials/Oral Antibacterials For Acne,March 2022
69801,29903811000001104,53113021,2,Lenalidomide 7.5mg capsules,Lenalidomide,7.5mg,Capsule,Oral,08020405,Lenalidomide And Thalidomide,June 2017
16039,49425001000027104,54213020,169,Solpadeine Capsule (GlaxoSmithKline Consumer Healthcare),Caffeine/Codeine Phosphate/Paracetamol,,Capsule,Oral,04070100/04070200,Non-Opioid And Compound Analgesics/Opioid Analgesics,February 2009
34336,3347511000001109,54198020,205,Oxytetracycline 250mg tablets (IVAX Pharmaceuticals UK Ltd),Oxytetracycline dihydrate,250mg,Tablet,Oral,05010300/13060201,Tetracyclines/Oral Antibacterials For Acne,February 2009
39852,4345611000001104,96453020,357,Minadex tonic (Seven Seas Ltd),Vitamin A/Manganese sulfate/Colecalciferol/Copper sulfate/Calcium glycerophosphate/Potassium glycerophosphate/Iron,130unit/1ml + 76microgram/1ml + 13unit/1ml + 100microgram/1ml + 2.25mg/1ml + 225microgram/1ml + 2.4mg/1ml,Oral emulsion,Oral,09060700,Multivitamin And Multimineral Preparations,August 2009
74999,34235411000001108,75790021,1,Alectinib 150mg capsules,Alectinib hydrochloride,150mg,Capsule,Oral,08010551,Protein Kinase Inhibitors,February 2019
83817,8973711000001104,87218020,1,Ultramol capsules (Zentiva Pharma UK Ltd),Codeine phosphate/Caffeine/Paracetamol,8mg + 30mg + 500mg,Capsule,Oral,04070100/04070200,Non-Opioid And Compound Analgesics/Opioid Analgesics,May 2021
34246,122155001000027100,64136020,848,Vitamin Capsule (BR Pharmaceuticals Ltd),Vitamin D/Ascorbic acid/Nicotinamide/Riboflavin/Thiamine hydrochloride/Vitamin A,300unit + 15mg + 7.5mg + 500microgram + 1mg + 2500unit,Capsule,Oral,09060700,Multivitamin And Multimineral Preparations,February 2009
38101,3643911000001103,52478020,1514,Vitamins A and D capsules BPC 1973 (Wockhardt UK Ltd),Vitamin A/Vitamin D,4000unit + 400unit,Capsule,Oral,09060100/09060400,Vitamin A/Vitamin D,February 2009
34164,18080211000001104,65470020,357,Paracetamol 500mg soluble tablets (Fannin (UK) Ltd),Paracetamol,500mg,Effervescent tablet,Oral,04070100,Non-Opioid And Compound Analgesics,February 2009
37904,42009411000001104,94749020,43641,Co-codamol 12.8mg/500mg tablets,Paracetamol/Codeine phosphate,500mg + 12.8mg,Tablet,Oral,04070100/04070200,Non-Opioid And Compound Analgesics/Opioid Analgesics,February 2009
53702,9604211000001104,72186020,2,Co-codamol 30mg/500mg tablets (Accord-UK Ltd),Codeine phosphate/Paracetamol,30mg + 500mg,Tablet,Oral,04070100/04070200,Non-Opioid And Compound Analgesics/Opioid Analgesics,February 2013
65330,30071811000001104,53437021,1,Paracetamol 500mg capsules (DE Pharmaceuticals),Paracetamol,500mg,Capsule,Oral,04070100,Non-Opioid And Compound Analgesics,January 2016
970,113405001000027100,62869020,26273,Doxycycline (as hyclate) 100mg tablets,Doxycycline Hyclate,100mg,Tablets,Oral,05010300/05040100,Tetracyclines/Antimalarials,February 2009
14904,2847211000001103,55071020,4390,Vibramycin-D 100mg dispersible tablets (Pfizer Ltd),Doxycycline monohydrate,100mg,Dispersible tablet,Oral,05010300/05040100/13060201,Tetracyclines/Antimalarials/Oral Antibacterials For Acne,February 2009
75720,33568211000001100,71032021,2,Paracetamol 500mg / Ibuprofen 150mg tablets,Ibuprofen/Paracetamol,150mg + 500mg,Tablet,Oral,04070100,Non-Opioid And Compound Analgesics,April 2019
34518,660011000001106,49331020,3029,Co-codamol 8mg/500mg tablets (A A H Pharmaceuticals Ltd),Codeine phosphate/Paracetamol,8mg + 500mg,Tablet,Oral,04070100/04070200,Non-Opioid And Compound Analgesics/Opioid Analgesics,February 2009
74444,19494011000001108,09183020,1,Isotretinoin 20mg capsules (Viatris UK Healthcare Ltd),Isotretinoin,20mg,Capsule,Oral,13060203,Oral Retinoids For Acne,January 2019
26111,88995001000027100,59280020,1,Economycin 250mg Tablet (DDSA Pharmaceuticals Ltd),Tetracycline hydrochloride,250mg,Tablet,Oral,05010300/13060201,Tetracyclines/Oral Antibacterials For Acne,February 2009
88478,41347411000001104,05042022,0,Doxycycline 100mg capsules (Genesis Pharmaceuticals Ltd),Doxycycline hyclate,100mg,Capsule,Oral,05010300/05040100/13060201,Tetracyclines/Antimalarials/Oral Antibacterials For Acne,July 2023
82293,28267611000001104,43093021,5,Sodium valproate 300mg modified-release tablets (Colorama Pharmaceuticals Ltd),Sodium valproate,300mg,Modified-release tablet,Oral,04080100,Control Of Epilepsy,January 2021
60040,3546911000001102,12991020,303,Generic Migraleve Pink tablets,Buclizine hydrochloride/Paracetamol/Codeine phosphate,6.25mg + 500mg + 8mg,Tablet,Oral,04070200/04070401,Opioid Analgesics/Acute Migraine,May 2014
39550,13666311000001104,95366020,3649,Epilim Chronosphere MR 750mg granules sachets (Sanofi),Sodium valproate,750mg,Modified-release granules,Oral,04080100,Control Of Epilepsy,May 2009
39940,638311000001103,96800020,115,Panadol ActiFast Soluble tablets (Haleon UK Ltd),Paracetamol,500mg,Effervescent tablet,Oral,04070100,Non-Opioid And Compound Analgesics,August 2009
79785,5628211000001108,04327020,0,Co-codamol 30mg/500mg effervescent tablets (Kent Pharma (UK) Ltd),Codeine phosphate/Paracetamol,30mg + 500mg,Effervescent tablet,Oral,04070100/04070200,Non-Opioid And Compound Analgesics/Opioid Analgesics,January 2020
72413,2872911000001109,35542020,0,Vitamins capsules (Alliance Healthcare (Distribution) Ltd),Vitamin D/Ascorbic acid/Nicotinamide/Riboflavin/Thiamine hydrochloride/Vitamin A,300unit + 15mg + 7.5mg + 500microgram + 1mg + 2500unit,Capsule,Oral,09060700,Multivitamin And Multimineral Preparations,June 2018
17845,167955001000027100,70478020,142,Paracetamol 500mg with methionine 100 mg tablet,Methionine/Paracetamol,500mg + 100mg,Tablets,Oral,04070100,Non-Opioid And Compound Analgesics,February 2009
85305,15977711000001104,04220020,1,Paracetamol 500mg soluble tablets (Zanza Specials International Ltd),Paracetamol,500mg,Effervescent tablet,Oral,04070100,Non-Opioid And Compound Analgesics,December 2021
59705,22633911000001104,16707021,0,Co-codamol 8mg/500mg capsules (DE Pharmaceuticals),Codeine phosphate/Paracetamol,8mg + 500mg,Capsule,Oral,04070100/04070200,Non-Opioid And Compound Analgesics/Opioid Analgesics,April 2014
5323,322257001,82138020,9080,Paracetamol 250mg suppositories,Paracetamol,250mg,Suppository,Rectal,04070100,Non-Opioid And Compound Analgesics,February 2009
33127,4445211000001107,82647020,1,Xeloda 150mg tablets (Roche Products Ltd),Capecitabine,150mg,Tablet,Oral,08010300,Antimetabolites,February 2009
1404,16742511000001100,55696020,36229,Paracetamol 120mg/5ml oral suspension paediatric (Rosemont Pharmaceuticals Ltd),Paracetamol,24mg/1ml,Oral suspension,Oral,04070100,Non-Opioid And Compound Analgesics,February 2009
46954,62535001000027104,55834020,1,Minocycline 100mg Tablet (Lagap),Minocycline hydrochloride,100mg,Tablet,Oral,05010300/13060201,Tetracyclines/Oral Antibacterials For Acne,March 2012
84555,13268911000001100,34267020,1,Pyrazinamide 1g/5ml oral suspension,Pyrazinamide,200mg/1ml,Oral suspension,Oral,05010900,Antituberculosis Drugs,September 2021
20274,219075001000027100,82166020,8,Vitamins a & d liquid,Vitamin A/Vitamin D,,Liquid,Oral,09060100/09060400,Vitamin A/Vitamin D,February 2009
56753,20556311000001100,41878020,62,Mercaptopurine 25mg tablets,Mercaptopurine,25mg,Tablet,Oral,01050300/08010300,Products Affecting The Immune Response In Chronic Bowel Problems/Antimetabolites,August 2013
40695,257695001000027100,97097020,1181,Vitamins a 4500IU & d 450IU capsules,Vitamin A/Vitamin D,4500IU + 450IU,Capsules,Oral,09060100/09060400,Vitamin A/Vitamin D,November 2009
20627,4742711000001100,77878020,649,Sinutab Non-Drowsy tablets (McNeil Products Ltd),Paracetamol/Pseudoephedrine hydrochloride,500mg + 30mg,Tablet,Oral,03095000,Miscellaneous Cough & Cold Preparations,February 2009
48157,649211000001102,68014020,12,Paracetamol 120mg/5ml oral suspension paediatric sugar free (A A H Pharmaceuticals Ltd),Paracetamol,24mg/1ml,Oral suspension,Oral,04070100,Non-Opioid And Compound Analgesics,December 2012
9914,245711000001105,81661020,1926,Calpol Six Plus Fastmelts 250mg tablets (McNeil Products Ltd),Paracetamol,250mg,Orodispersible tablet,Oral,04070100,Non-Opioid And Compound Analgesics,February 2009
54179,91111000001107,04201020,3,Paracetamol 500mg tablets (The Boots Company Plc),Paracetamol,500mg,Tablet,Oral,04070100,Non-Opioid And Compound Analgesics,March 2013
12541,49515001000027104,54224020,6149,Imperacin 250mg Tablet (AstraZeneca UK Ltd),Oxytetracycline dihydrate,250mg,Tablet,Oral,05010300/13060201,Tetracyclines/Oral Antibacterials For Acne,February 2009
43414,10900011000001100,70680020,341,Co-codamol 8mg/500mg effervescent tablets (Bayer Plc),Codeine phosphate/Paracetamol,8mg + 500mg,Effervescent tablet,Oral,04070100/04070200,Non-Opioid And Compound Analgesics/Opioid Analgesics,September 2010
40948,243335001000027100,91444020,2,Paracetamol with phenylephrine & paracetamol with phenylephrine & caffeine capsule,Caffeine/Paracetamol/Phenylephrine Hydrochloride,,Capsules,Oral,03100000/04070100,Systemic Nasal Decongestants/Non-Opioid And Compound Analgesics,December 2009
34040,3345611000001101,57074020,58,Oxytetracycline 250mg tablets (Accord-UK Ltd),Oxytetracycline dihydrate,250mg,Tablet,Oral,05010300/13060201,Tetracyclines/Oral Antibacterials For Acne,February 2009
77131,187245001000027100,73491020,3,Codanin Tablet (Wyeth Consumer Healthcare),Codeine Phosphate/Paracetamol,,Tablet,,04070100/04070200,Non-Opioid And Compound Analgesics/Opioid Analgesics,July 2019
58227,11755711000001100,93015020,2,Revlimid 10mg capsules (Bristol-Myers Squibb Pharmaceuticals Ltd),Lenalidomide,10mg,Capsule,Oral,08020405,Lenalidomide And Thalidomide,December 2013
86897,13970711000001108,05795020,0,Vibramycin-D 100mg dispersible tablets (DE Pharmaceuticals),Doxycycline monohydrate,100mg,Dispersible tablet,Oral,05010300/05040100/13060201,Tetracyclines/Antimalarials/Oral Antibacterials For Acne,October 2022
53524,18576711000001104,04822020,2,Epilim Chrono 300 tablets (DE Pharmaceuticals),Sodium valproate,300mg,Modified-release tablet,Oral,04080100,Control Of Epilepsy,January 2013
59131,15611011000001104,04324020,1,Co-codamol 8mg/500mg capsules (Bayer Plc),Codeine phosphate/Paracetamol,8mg + 500mg,Capsule,Oral,04070100/04070200,Non-Opioid And Compound Analgesics/Opioid Analgesics,March 2014
2127,2285001000027103,48276020,81,Aureomycin 250mg Capsule (Wyeth Pharmaceuticals),Chlortetracycline Hydrochloride,250mg,Capsule,Oral,05010300,Tetracyclines,February 2009
30777,31925001000027104,51967020,134,Vitamin Capsule (Actavis UK Ltd),Vitamin D/Ascorbic acid/Nicotinamide/Riboflavin/Thiamine hydrochloride/Vitamin A,300unit + 15mg + 7.5mg + 500microgram + 1mg + 2500unit,Capsule,Oral,09060700,Multivitamin And Multimineral Preparations,February 2009
37571,12659211000001100,94287020,3,Beechams Active Cold Relief caplets (Haleon UK Ltd),Paracetamol/Caffeine/Phenylephrine hydrochloride,500mg + 25mg + 5mg,Tablet,Oral,03095000,Miscellaneous Cough & Cold Preparations,February 2009
5608,221895001000027100,83024020,3111,Vitamin c with vitamins & minerals capsules,Calcium Carbonate/Magnesium Oxide/Nicotinamide/Cyanocobalamin/Pyridoxine Hydrochloride/Thiamine Hydrochloride/Vitamin A/Vitamin D/Ferrous Sulphate/Ascorbic Acid/Riboflavin/Alpha Tocopherol/Folic Acid,,Capsules,Oral,09010101/09060300,Oral Iron/Vitamin C,February 2009
49581,21020311000001108,44137020,2444,Forceval Soluble Junior tablets (Alliance Pharmaceuticals Ltd),Magnesium/Vitamin A/Molybdenum/Chromium/Selenium/Manganese/Zinc/Potassium/Iodine/Alpha tocopheryl acetate/Copper/Ergocalciferol/Thiamine/Riboflavin/Pyridoxine/Cyanocobalamin/Ascorbic acid/Biotin/Nicotinamide/Pantothenic acid/Phytomenadione/Folic acid/Iron,1mg + 1250unit + 50microgram + 50microgram + 25microgram + 1.3mg + 5mg + 96mg + 75microgram + 5mg + 1mg + 200unit + 1.5mg + 1mg + 1mg + 2microgram + 25mg + 50microgram + 7.5mg + 2mg + 25microgram + 100microgram + 5mg,Tablet,Oral,09040251,Nutritional Supplements,January 2013
26133,4929511000001109,57125020,22,Panadol Extra tablets (Haleon UK Ltd),Paracetamol/Caffeine,500mg + 65mg,Tablet,Oral,04070100,Non-Opioid And Compound Analgesics,February 2009
56006,15990111000001108,04296020,0,Co-codamol 8mg/500mg tablets (Bristol Laboratories Ltd),Codeine phosphate/Paracetamol,8mg + 500mg,Tablet,Oral,04070100/04070200,Non-Opioid And Compound Analgesics/Opioid Analgesics,August 2013
9239,218935001000027100,82144020,163,Paracetamol 120 mg capsule,Paracetamol,120mg,Capsules,Oral,04070100,Non-Opioid And Compound Analgesics,February 2009
46633,13367311000001108,74959020,3,Co-codamol 8mg/500mg capsules (A A H Pharmaceuticals Ltd),Codeine phosphate/Paracetamol,8mg + 500mg,Capsule,Oral,04070100/04070200,Non-Opioid And Compound Analgesics/Opioid Analgesics,January 2012
76999,17592311000001102,06840020,7,Restandol 40mg Testocaps (Sigma Pharmaceuticals Plc),Testosterone undecanoate,40mg,Capsule,Oral,06040200,Male Sex Hormones And Antagonists,July 2019
36472,136905001000027100,66011020,16,Paracetamol 500 mg+ pentazocine 15mg tablet,Paracetamol/Pentazocine Hydrochloride,500mg + 15mg,Tablets,Oral,04070100/04070200,Non-Opioid And Compound Analgesics/Opioid Analgesics,February 2009
61545,22519811000001104,16440021,34,Mercaptopurine 50mg tablets (Aspen Pharma Trading Ltd),Mercaptopurine,50mg,Tablet,Oral,01050300/08010300,Products Affecting The Immune Response In Chronic Bowel Problems/Antimetabolites,November 2014
12322,294711000001103,48751020,13941,Cordarone X 100 tablets (Zentiva Pharma UK Ltd),Amiodarone hydrochloride,100mg,Tablet,Oral,02030201,Supraventricular & Ventricular Arrhythmias,February 2009
42201,558911000001105,69522020,68,Paracetamol 500mg capsules (A A H Pharmaceuticals Ltd),Paracetamol,500mg,Capsule,Oral,04070100,Non-Opioid And Compound Analgesics,April 2010
51381,4934311000001102,14677020,0,Generic Solpadeine Plus capsules,Codeine phosphate/Caffeine/Paracetamol,8mg + 30mg + 500mg,Capsule,Oral,04070100/04070200,Non-Opioid And Compound Analgesics/Opioid Analgesics,January 2013
44159,18075611000001104,98449020,1373,Solpadeine Max soluble tablets (Omega Pharma Ltd),Caffeine/Codeine phosphate/Paracetamol,30mg + 12.8mg + 500mg,Effervescent tablet,Oral,04070100/04070200,Non-Opioid And Compound Analgesics/Opioid Analgesics,December 2010
47071,299475001000027100,00547021,24,Co-dydramol (dihydrocodeine and paracetamol) 10mg with 500mg/5ml oral suspension,Dihydrocodeine Tartrate/Paracetamol,10mg + 500mg/5ml,Oral Suspension,Oral,04070100/04070200,Non-Opioid And Compound Analgesics/Opioid Analgesics,April 2012
24000,317611000001109,84195020,313,Mandanol 500mg tablets (M & A Pharmachem Ltd),Paracetamol,500mg,Tablet,Oral,04070100,Non-Opioid And Compound Analgesics,February 2009
34667,549811000001105,56463020,58,Co-codamol 30mg/500mg tablets (A A H Pharmaceuticals Ltd),Codeine phosphate/Paracetamol,30mg + 500mg,Tablet,Oral,04070100/04070200,Non-Opioid And Compound Analgesics/Opioid Analgesics,February 2009
27785,855111000001101,49337020,342,Co-codamol 30mg/500mg tablets (Zentiva Pharma UK Ltd),Codeine phosphate/Paracetamol,30mg + 500mg,Tablet,Oral,04070100/04070200,Non-Opioid And Compound Analgesics/Opioid Analgesics,February 2009
69555,11146711000001104,29090020,1,Valproic acid 125mg gastro-resistant capsules,Valproate semisodium,125mg,Gastro-resistant capsule,Oral,04080100,Control Of Epilepsy,May 2017
9562,217925001000027100,81855020,905,Remedeine 30mg+500mg Effervescent tablet (Napp Pharmaceuticals Ltd),Dihydrocodeine Tartrate/Paracetamol,30mg+500mg,Effervescent Tablet,Oral,04070100/04070200,Non-Opioid And Compound Analgesics/Opioid Analgesics,February 2009
3350,322957006,69071020,506184,Sodium valproate 500mg gastro-resistant tablets,Sodium valproate,500mg,Gastro-resistant tablet,Oral,04080100,Control Of Epilepsy,February 2009
62088,25884811000001100,27273021,187,Paracetamol 500mg caplets (Icarus Pharmaceuticals Ltd),Paracetamol,500mg,Tablet,Oral,04070100,Non-Opioid And Compound Analgesics,January 2015
21770,136595001000027100,65981020,184,Paracetamol 200mg with aspirin 300mg dispersible tablet,Paracetamol/Aspirin,200mg + 300mg,Dispersible Tablet,Oral,04070100,Non-Opioid And Compound Analgesics,February 2009
34815,244711000001106,63355020,34,Co-codamol 8mg/500mg tablets (Kent Pharma (UK) Ltd),Codeine phosphate/Paracetamol,8mg + 500mg,Tablet,Oral,04070100/04070200,Non-Opioid And Compound Analgesics/Opioid Analgesics,February 2009
53135,20562711000001104,41927020,0,Vibramycin-D 100mg dispersible tablets (Waymade Healthcare Plc),Doxycycline monohydrate,100mg,Dispersible tablet,Oral,05010300/05040100/13060201,Tetracyclines/Antimalarials/Oral Antibacterials For Acne,January 2013
53823,17383411000001104,37428020,13,Solgar Niacin 500mg capsules (Solgar Vitamin and Herb),Nicotinic acid,500mg,Capsule,Oral,09060200,Vitamin B Group,February 2013
9131,41948011000001104,62250020,18217,Demeclocycline 150mg capsules,Demeclocycline hydrochloride,150mg,Capsule,Oral,05010300/06050200,Tetracyclines/Posterior Pituitary Hormones And Antagonists,February 2009
71227,34792111000001108,78284021,142,Syndol Headache Relief tablets (Dendron Brands Ltd),Caffeine/Codeine phosphate/Paracetamol,30mg + 8mg + 500mg,Tablet,Oral,04070100/04070200,Non-Opioid And Compound Analgesics/Opioid Analgesics,January 2018
10509,11855001000027104,49523020,511,Fortagesic Tablet (Sanofi-Synthelabo Ltd),Paracetamol/Pentazocine Hydrochloride,,Tablet,Oral,04070100/04070200,Non-Opioid And Compound Analgesics/Opioid Analgesics,February 2009
77075,3792911000001106,59903020,1,Isoniazid 100mg tablets (A A H Pharmaceuticals Ltd),Isoniazid,100mg,Tablet,Oral,05010900,Antituberculosis Drugs,July 2019
6396,39710311000001104,78870020,44395,Doxycycline 100mg dispersible tablets sugar free,Doxycycline monohydrate,100mg,Dispersible tablet,Oral,05010300/05040100/13060201,Tetracyclines/Antimalarials/Oral Antibacterials For Acne,February 2009
3435,68111000001102,68283020,48414,Tylex 30mg/500mg effervescent tablets (UCB Pharma Ltd),Codeine phosphate/Paracetamol,30mg + 500mg,Effervescent tablet,Oral,04070100/04070200,Non-Opioid And Compound Analgesics/Opioid Analgesics,February 2009
26967,8043011000001105,79858020,76,Alka-Seltzer XS effervescent tablets (Bayer Plc),Paracetamol/Aspirin/Caffeine/Citric acid/Sodium bicarbonate,133mg + 267mg + 40mg + 954mg + 1.606gram,Effervescent tablet,Oral,04070500,Other Non Opioid Analgesics,February 2009
12211,41987111000001104,55690020,7644,Nicotinic acid 50mg tablets,Nicotinic acid,50mg,Tablet,Oral,02120500,Nicotinic Acid Group,February 2009
37446,10726511000001104,91239020,11,Benylin Cold & Flu Max Strength capsules (McNeil Products Ltd),Caffeine/Phenylephrine hydrochloride/Paracetamol,25mg + 6.1mg + 500mg,Capsule,Oral,03095000,Miscellaneous Cough & Cold Preparations,February 2009
41551,307111000001104,56022020,122,Amiodarone 100mg tablets (IVAX Pharmaceuticals UK Ltd),Amiodarone hydrochloride,100mg,Tablet,Oral,02030201,Supraventricular & Ventricular Arrhythmias,March 2010
24126,2852511000001100,53670020,2524,Doxycycline 100mg capsules (IVAX Pharmaceuticals UK Ltd),Doxycycline hyclate,100mg,Capsule,Oral,05010300/05040100,Tetracyclines/Antimalarials,February 2009
46938,522511000001101,56572020,35,Amiodarone 200mg tablets (Actavis UK Ltd),Amiodarone hydrochloride,200mg,Tablet,Oral,02030201,Supraventricular & Ventricular Arrhythmias,March 2012
35747,11475911000001106,93467020,12896,Episenta 300mg modified-release capsules (Desitin Pharma Ltd),Sodium valproate,300mg,Modified-release capsule,Oral,04080100,Control Of Epilepsy,February 2009
45271,51185001000027104,54408020,1,Tetracycline 250mg Tablet (Numark Management Ltd),Tetracycline hydrochloride,250mg,Tablet,Oral,05010300/13060201,Tetracyclines/Oral Antibacterials For Acne,May 2011
16613,3722011000001101,84602020,98,Ledermycin 150mg capsules (Mercury Pharma Group Ltd),Demeclocycline hydrochloride,150mg,Capsule,Oral,05010300,Tetracyclines,February 2009
72547,41951011000001104,31389021,5,Isoniazid 300mg tablets,Isoniazid,300mg,Tablet,Oral,05010900,Antituberculosis Drugs,July 2018
38118,50835001000027104,54372020,5,Achromycin 1% Ear drops (Wyeth Pharmaceuticals),Tetracycline Hydrochloride,1%,Ear Drops,Auricular,12010100,Drugs Acting On The Ear - Otitis Externa,February 2009
82173,29757711000001104,52317021,0,Acitretin 25mg capsules (Sigma Pharmaceuticals Plc),Acitretin,25mg,Capsule,Oral,13050201,Oral Retinoids For Psoriasis,November 2020
39896,41741111000001104,96748020,1077,Isotretinoin 10mg capsules,Isotretinoin,10mg,Capsule,Oral,13060203,Oral Retinoids For Acne,August 2009
21229,9553311000001108,89742020,608,Co-dydramol 7.46mg/500mg effervescent tablets sugar free,Dihydrocodeine tartrate/Paracetamol,7.46mg + 500mg,Effervescent tablet,Oral,04070100,Non-Opioid And Compound Analgesics,February 2009
69006,11612011000001108,29394020,0,Co-dydramol 10mg/500mg/5ml oral suspension sugar free,Dihydrocodeine tartrate/Paracetamol,2mg/1ml + 100mg/1ml,Oral suspension,Oral,04070100,Non-Opioid And Compound Analgesics,March 2017
31678,41772911000001104,68670020,42,Zidovudine 100mg capsules,Zidovudine,100mg,Capsule,Oral,05030150,Nucleoside Reverse Transcriptase Inhibitors,February 2009
24534,289111000001102,63276020,58,Anadin Paracetamol 500mg tablets (Haleon UK Ltd),Paracetamol,500mg,Tablet,Oral,04070100,Non-Opioid And Compound Analgesics,February 2009
22305,4911611000001102,73531020,16,Disprin Extra dispersible tablets (Reckitt Benckiser Healthcare (UK) Ltd),Aspirin/Paracetamol,300mg + 200mg,Dispersible tablet,Oral,04070100,Non-Opioid And Compound Analgesics,February 2009
57239,8663611000001102,20475020,851,Mercaptopurine 20mg/ml oral suspension,Mercaptopurine,20mg/1ml,Oral suspension,Oral,08010300,Antimetabolites,September 2013
28211,71985001000027110,57215020,50,Paracetamol 250mg/5ml oral suspension sugar free,Paracetamol,250mg/5ml,Oral Suspension,Oral,04070100,Non-Opioid And Compound Analgesics,February 2009
9231,4335001000027108,48520020,32174,Calpol infant 120mg/5ml Oral suspension (McNeil Products Ltd),Paracetamol,120mg/5ml,Oral Suspension,Oral,04070100,Non-Opioid And Compound Analgesics,February 2009
48129,332011000001109,76615020,4,Paracetamol 120mg/5ml oral suspension paediatric sugar free (Vantage),Paracetamol,24mg/1ml,Oral suspension,Oral,04070100,Non-Opioid And Compound Analgesics,December 2012
36985,10495811000001100,93910020,585,"Retinol 150,000units/ml oral drops",Vitamin A,150000unit/1ml,Oral drops,Oral,09060100,Vitamin A,February 2009
8694,108785001000027100,62251020,166,Demeclocycline 300mg tablets,Demeclocycline Hydrochloride,300mg,Tablets,Oral,05010300/06050200,Tetracyclines/Posterior Pituitary Hormones And Antagonists,February 2009
56046,21837011000001104,47325020,1,Paracetamol 500mg capsules (Waymade Healthcare Plc),Paracetamol,500mg,Capsule,Oral,04070100,Non-Opioid And Compound Analgesics,August 2013
32926,112411000001101,49347020,8311,Co-dydramol 10mg/500mg tablets (Actavis UK Ltd),Dihydrocodeine tartrate/Paracetamol,10mg + 500mg,Tablet,Oral,04070100/04070200,Non-Opioid And Compound Analgesics/Opioid Analgesics,February 2009
21746,24625001000027104,51087020,1,Pharmidone Tablet (Pharmacia Ltd),Caffeine/Codeine Phosphate/Paracetamol/Diphenhydramine Hydrochloride,,Tablet,Oral,03040102/04070100,Sedating Antihistamines/Non-Opioid And Compound Analgesics,February 2009
75188,142605001000027100,66872020,26,Sodium valproate CR 300mg Tablet (Hillcross Pharmaceuticals Ltd),Sodium Valproate,300mg,Tablet,,04080100,Control Of Epilepsy,March 2019
54152,18248711000001104,99269020,32,Acnamino MR 100mg capsules (Almus Pharmaceuticals Ltd),Minocycline hydrochloride,100mg,Modified-release capsule,Oral,05010300/05011000/13060201,Tetracyclines/Antileprotic Drugs/Oral Antibacterials For Acne,March 2013
32178,219385001000027100,82242020,1,Paracetamol 133mg with aspirin 267mg & caffeine 40mg effervescent tablet,Caffeine/Paracetamol/Aspirin,133mg + 267mg +40mg,Effervescent Tablet,Oral,04070100,Non-Opioid And Compound Analgesics,February 2009
7439,16775001000027104,50144020,239,Ledermycin 150mg Capsule (Wyeth Pharmaceuticals),Demeclocycline hydrochloride,150mg,Capsule,Oral,05010300/06050200,Tetracyclines/Posterior Pituitary Hormones And Antagonists,February 2009
82800,36724111000001104,85473021,12,Altridexamol 1000mg effervescent tablets (TriOn Pharma Ltd),Paracetamol,1gram,Effervescent tablet,Oral,04070100,Non-Opioid And Compound Analgesics,January 2021
15071,174785001000027100,71455020,8506,Nordox 100mg Capsule (Sankyo Pharma UK Ltd),Doxycycline hyclate,100mg,Capsule,Oral,05010300/05040100,Tetracyclines/Antimalarials,February 2009
19626,165975001000027100,70247020,37,Triogesic Tablet (Novartis Consumer Health UK Ltd),Paracetamol/Phenylpropanolamine Hydrochloride,,Tablet,Oral,03090200/04070100,Demulcent And Expectorant Cough Preparations/Non-Opioid And Compound Analgesics,February 2009
4303,41741411000001110,63769020,924,Isotretinoin 5mg capsules,Isotretinoin,5mg,Capsule,Oral,13060203,Oral Retinoids For Acne,February 2009
81409,37848611000001104,90630021,42,Co-dydramol 10mg/500mg tablets (M & A Pharmachem Ltd),Dihydrocodeine tartrate/Paracetamol,10mg + 500mg,Tablet,Oral,04070100/04070200,Non-Opioid And Compound Analgesics/Opioid Analgesics,August 2020
20094,41795411000001104,67097020,687,Tioguanine 40mg tablets,Tioguanine,40mg,Tablet,Oral,08010300,Antimetabolites,February 2009
34554,10915001000027106,49368020,4962,Co-proxamol 32.5/325 Tablet (C P Pharmaceuticals Ltd),Dextropropoxyphene hydrochloride/Paracetamol,32.5mg + 325mg,Tablet,Oral,04070100/04070200,Non-Opioid And Compound Analgesics/Opioid Analgesics,February 2009
15407,53635001000027104,54740020,296,Achromycin v 250mg Capsule (Wyeth Pharmaceuticals),Tetracycline hydrochloride,250mg,Capsule,Oral,05010300/13060201,Tetracyclines/Oral Antibacterials For Acne,February 2009
44718,13718911000001108,98813020,391,Sodium valproate 750mg modified-release granules sachets sugar free,Sodium valproate,750mg,Modified-release granules,Oral,04080100,Control Of Epilepsy,February 2011
59599,16431211000001100,77700020,5,Paracetamol 500mg tablets (Wockhardt UK Ltd),Paracetamol,500mg,Tablet,Oral,04070100,Non-Opioid And Compound Analgesics,April 2014
14785,136665001000027100,65987020,6527,Paracetamol500mg with codeine phosphate 15mg tablet,Codeine Phosphate/Paracetamol,500mg + 15mg,Tablets,Oral,04070100/04070200,Non-Opioid And Compound Analgesics/Opioid Analgesics,February 2009
3618,3364611000001109,53401020,43396,Ketovite liquid (Rosemont Pharmaceuticals Ltd),Vitamin A/Ergocalciferol/Choline chloride/Cyanocobalamin,500unit/1ml + 80unit/1ml + 30mg/1ml + 2.5microgram/1ml,Oral emulsion,Oral,09060700,Multivitamin And Multimineral Preparations,February 2009
46729,19200211000001108,00469021,253458,Co-codamol 15mg/500mg capsules,Paracetamol/Codeine phosphate,500mg + 15mg,Capsule,Oral,04070100/04070200,Non-Opioid And Compound Analgesics/Opioid Analgesics,February 2012
810,42009711000001110,80054020,1859431,Co-codamol 30mg/500mg effervescent tablets,Codeine phosphate/Paracetamol,30mg + 500mg,Effervescent tablet,Oral,04070100/04070200,Non-Opioid And Compound Analgesics/Opioid Analgesics,February 2009
7063,8427711000001105,89000020,3389,Co-dydramol 10mg/500mg/5ml oral suspension,Dihydrocodeine tartrate/Paracetamol,2mg/1ml + 100mg/1ml,Oral suspension,Oral,04070100/04070200,Non-Opioid And Compound Analgesics/Opioid Analgesics,February 2009
83497,4195011000001105,13776020,48,Generic Berocca effervescent tablets sugar free,Pantothenic acid/Ascorbic acid/Cyanocobalamin/Zinc/Magnesium/Pyridoxine/Nicotinic acid/Riboflavin/Thiamine/Folic acid/Calcium/Biotin,22.7mg + 476mg + 8.6microgram + 9mg + 95mg + 7.1mg + 45.3mg + 13.6mg + 10.4mg + 366microgram + 95mg + 130microgram,Effervescent tablet,Oral,09040251,Nutritional Supplements,April 2021
39629,3993411000001104,96365020,60,Sudafed Non-Drowsy Dual Relief capsules (McNeil Products Ltd),Paracetamol/Caffeine/Phenylephrine hydrochloride,300mg + 25mg + 5mg,Capsule,Oral,03095000,Miscellaneous Cough & Cold Preparations,May 2009
65607,23640111000001104,21301021,0,Capecitabine 150mg tablets (A A H Pharmaceuticals Ltd),Capecitabine,150mg,Tablet,Oral,08010300,Antimetabolites,March 2016
11961,137075001000027100,66031020,22,Veganin Tablet (Pfizer Consumer Healthcare Ltd),Codeine Phosphate/Paracetamol/Aspirin,,Tablet,Oral,04070100,Non-Opioid And Compound Analgesics,February 2009
71784,41767711000001104,20046021,0,Pomalidomide 1mg capsules,Pomalidomide,1mg,Capsule,Oral,08020400,Other Immunomodulating Drugs,April 2018
28780,800311000001100,49353020,2129,Co-dydramol 10mg/500mg tablets (A A H Pharmaceuticals Ltd),Dihydrocodeine tartrate/Paracetamol,10mg + 500mg,Tablet,Oral,04070100/04070200,Non-Opioid And Compound Analgesics/Opioid Analgesics,February 2009
19583,4921911000001101,69940020,16,Concavit capsules (Wallace Manufacturing Chemists Ltd),Vitamin A/Ergocalciferol/Ascorbic acid/Thiamine nitrate/Riboflavin/Pyridoxine hydrochloride/Nicotinamide/Calcium pantothenate/Alpha tocopheryl acetate,5000unit + 500unit + 40mg + 2.5mg + 2.5mg + 1mg + 20mg + 5mg + 2unit,Capsule,Oral,09060700,Multivitamin And Multimineral Preparations,February 2009
33995,10885001000027100,49365020,2061,Co-proxamol 32.5/325 Tablet (Berk Pharmaceuticals Ltd),Dextropropoxyphene hydrochloride/Paracetamol,32.5mg + 325mg,Tablet,Oral,04070100/04070200,Non-Opioid And Compound Analgesics/Opioid Analgesics,February 2009
21837,199735001000027100,76058020,139,Cyclomin 50mg Tablet (Berk Pharmaceuticals Ltd),Minocycline hydrochloride,50mg,Tablet,Oral,05010300/13060201,Tetracyclines/Oral Antibacterials For Acne,February 2009
3156,341211000001105,73728020,604098,Solpadol 30mg/500mg caplets (Sanofi Consumer Healthcare),Codeine phosphate/Paracetamol,30mg + 500mg,Tablet,Oral,04070100/04070200,Non-Opioid And Compound Analgesics/Opioid Analgesics,February 2009
65035,9788711000001108,71382020,1,Co-dydramol 10mg/500mg tablets (Almus Pharmaceuticals Ltd),Dihydrocodeine tartrate/Paracetamol,10mg + 500mg,Tablet,Oral,04070100/04070200,Non-Opioid And Compound Analgesics/Opioid Analgesics,December 2015
37847,13326711000001104,94609020,2946,Restandol 40mg Testocaps (Organon Pharma (UK) Ltd),Testosterone undecanoate,40mg,Capsule,Oral,06040200,Male Sex Hormones And Antagonists,February 2009
41414,111405001000027100,62610020,15,Paracetamol 120mg/5ml Oral suspension (Co-Pharma Ltd),Paracetamol,120mg/5ml,Oral Suspension,Oral,04070100,Non-Opioid And Compound Analgesics,March 2010
483,86345001000027100,58898020,41756,Co-proxamol (dextropropoxyphene and paracetamol) 32.5mg with 325mg/5ml oral suspension sugar free,Dextropropoxyphene Hydrochloride/Paracetamol,32.5mg + 325mg/5ml,Suspension Sugar-Free,Oral,04070100/04070200,Non-Opioid And Compound Analgesics/Opioid Analgesics,February 2009
17824,61405001000027104,55689020,267,Nicotinic acid 25mg Tablet,Nicotinic Acid,25mg,Tablet,Oral,02120500,Nicotinic Acid Group,February 2009
47920,13630111000001108,86109020,1,Flu Relief with Decongestant capsules (Galpharm International Ltd),Phenylephrine hydrochloride/Paracetamol,12.18mg + 500mg,Capsule,Oral,03095000,Miscellaneous Cough & Cold Preparations,October 2012
40391,2848611000001102,53669020,206,Doxycycline 50mg capsules (IVAX Pharmaceuticals UK Ltd),Doxycycline hyclate,50mg,Capsule,Oral,05010300/05040100,Tetracyclines/Antimalarials,September 2009
32972,18430611000001104,87339020,295,Mercaptopurine 10mg tablets,Mercaptopurine,10mg,Tablet,Oral,01050300/08010300,Products Affecting The Immune Response In Chronic Bowel Problems/Antimetabolites,February 2009
76600,4393711000001103,98673020,2,Retrovir 100mg capsules (ViiV Healthcare UK Ltd),Zidovudine,100mg,Capsule,Oral,05030150,Nucleoside Reverse Transcriptase Inhibitors,June 2019
65092,30029611000001104,53444021,1858,Co-codamol 30mg/500mg caplets (Mawdsley-Brooks & Company Ltd),Codeine phosphate/Paracetamol,30mg + 500mg,Tablet,Oral,04070100/04070200,Non-Opioid And Compound Analgesics/Opioid Analgesics,December 2015
9516,737111000001106,53131020,263556,Kapake 30mg/500mg capsules (Galen Ltd),Codeine phosphate/Paracetamol,30mg + 500mg,Capsule,Oral,04070100/04070200,Non-Opioid And Compound Analgesics/Opioid Analgesics,February 2009
34597,471711000001108,62331020,4601,Co-proxamol 32.5mg/325mg tablets (Kent Pharma (UK) Ltd),Dextropropoxyphene hydrochloride/Paracetamol,32.5mg + 325mg,Tablet,Oral,04070100,Non-Opioid And Compound Analgesics,February 2009
34669,573411000001105,50181020,593,Paracetamol 500mg capsules (Zentiva Pharma UK Ltd),Paracetamol,500mg,Capsule,Oral,04070100,Non-Opioid And Compound Analgesics,February 2009
45298,17307811000001108,61772020,1,Paracetamol 500mg tablets (Galpharm International Ltd),Paracetamol,500mg,Tablet,Oral,04070100,Non-Opioid And Compound Analgesics,May 2011
625,42010011000001104,60973020,1195477,Co-codamol 8mg/500mg capsules,Codeine phosphate/Paracetamol,8mg + 500mg,Capsule,Oral,04070100/04070200,Non-Opioid And Compound Analgesics/Opioid Analgesics,February 2009
16592,43635001000027104,53495020,23,Parahypon Tablet (Wellcome Consumer),Caffeine/Codeine Phosphate/Paracetamol,,Tablet,Oral,04070100/04070200,Non-Opioid And Compound Analgesics/Opioid Analgesics,February 2009
30556,18067711000001108,62877020,136,Co-codamol 8mg/500mg effervescent tablets (Fannin (UK) Ltd),Codeine phosphate/Paracetamol,8mg + 500mg,Effervescent tablet,Oral,04070100,Non-Opioid And Compound Analgesics,February 2009
65650,4923111000001103,83524020,0,Dolvan tablets (Norma Chemicals Ltd),Paracetamol/Diphenhydramine hydrochloride/Caffeine/Ephedrine hydrochloride,300mg + 7.5mg + 30mg + 7.5mg,Tablet,Oral,03095000,Miscellaneous Cough & Cold Preparations,March 2016
33104,218975001000027100,82151020,1,Paraclear 500mg Soluble tablet (Roche Consumer Health),Paracetamol,500mg,Effervescent tablet,Oral,04070100,Non-Opioid And Compound Analgesics,February 2009
73990,10854411000001100,04824020,247,Epilim Chrono 500 tablets (Waymade Healthcare Plc),Sodium valproate,500mg,Modified-release tablet,Oral,04080100,Control Of Epilepsy,December 2018
3316,522211000001104,57030020,791,Disprol Paracetamol 120mg soluble tablets (Reckitt Benckiser Healthcare (UK) Ltd),Paracetamol,120mg,Soluble tablet,Oral,04070100,Non-Opioid And Compound Analgesics,February 2009
74968,22388511000001104,15643021,0,Co-codamol 8mg/500mg tablets (Waymade Healthcare Plc),Codeine phosphate/Paracetamol,8mg + 500mg,Tablet,Oral,04070100/04070200,Non-Opioid And Compound Analgesics/Opioid Analgesics,February 2019
62025,14161611000001104,05785020,3,Doxycycline 100mg capsules (Healthcare Pharma Ltd),Doxycycline hyclate,100mg,Capsule,Oral,05010300/05040100/13060201,Tetracyclines/Antimalarials/Oral Antibacterials For Acne,January 2015
47116,9802611000001102,71562020,97,Paracetamol 500mg soluble tablets (Almus Pharmaceuticals Ltd),Paracetamol,500mg,Effervescent tablet,Oral,04070100,Non-Opioid And Compound Analgesics,May 2012
65299,29977111000001108,52735021,331,Paracetamol 500mg caplets (Sigma Pharmaceuticals Plc),Paracetamol,500mg,Tablet,Oral,04070100,Non-Opioid And Compound Analgesics,January 2016
60630,23344511000001104,20066021,25,Lenalidomide 2.5mg capsules,Lenalidomide,2.5mg,Capsule,Oral,08020405,Lenalidomide And Thalidomide,July 2014
33060,8334611000001100,59584020,1,Paracetamol Plus tablets (Zentiva Pharma UK Ltd),Paracetamol/Caffeine,500mg + 65mg,Tablet,Oral,04070100,Non-Opioid And Compound Analgesics,February 2009
80341,37573711000001104,89612021,903,Belvo 250mg gastro-resistant tablets (Consilient Health Ltd),Valproate semisodium,250mg,Gastro-resistant tablet,Oral,04020300/04070402,Products Used For Mania And Hypomania/Prophylaxis Of Migraine,April 2020
15687,220705001000027100,82676020,86,Minadex sugar free Oral drops (Seven Seas Ltd),Vitamin A/Vitamin D/Ascorbic Acid,,Oral Drops,Oral,09060700,Multivitamin And Multimineral Preparations,February 2009
12778,125905001000027100,64645020,425,Metoclopramide with paracetamol 5mg + 500mg Tablet,Metoclopramide Hydrochloride/Paracetamol,5mg + 500mg,Tablet,Oral,04065500/04070401,Products Used Against Nausea And Vertigo - Domperidone & Metoclopramide/Acute Migraine,February 2009
42834,16655311000001108,97920020,94,Panadol OA 1000mg tablets (Haleon UK Ltd),Paracetamol,1gram,Tablet,Oral,04070100,Non-Opioid And Compound Analgesics,July 2010
19255,219395001000027100,82243020,5,Paracetamol 200mg with aspirin 300mg & caffeine 45mg tablet,Caffeine/Paracetamol/Aspirin,200mg + 300mg +45mg,Tablets,Oral,04070100,Non-Opioid And Compound Analgesics,February 2009
4203,175915001000027100,71664020,87,Medised Liquid (SSL International Plc),Paracetamol/Promethazine Hydrochloride,,Liquid,Oral,03040102/04070100,Sedating Antihistamines/Non-Opioid And Compound Analgesics,February 2009
47834,7291211000001106,67565020,23,Paracetamol 500mg soluble tablets (Actavis UK Ltd),Paracetamol,500mg,Effervescent tablet,Oral,04070100,Non-Opioid And Compound Analgesics,September 2012
82264,217305001000027100,81703020,1,Paracetamol with promethazine & dextromethorphan capsule,Dextromethorphan Hydrobromide/Paracetamol/Promethazine Hydrochloride,,,,03040102/04070100,Sedating Antihistamines/Non-Opioid And Compound Analgesics,January 2021
55817,7937011000001104,04264020,23,Lloydspharmacy Paracetamol 120mg/5ml oral suspension sugar free (Lloyds Pharmacy Ltd),Paracetamol,24mg/1ml,Oral suspension,Oral,04070100,Non-Opioid And Compound Analgesics,August 2013
18482,136845001000027100,66005020,8957,Paracetamol 325mg with dextropropoxyphene 32.5mg tablet,Dextropropoxyphene Hydrochloride/Paracetamol,325mg + 32.5mg,Tablets,Oral,04070100/04070200,Non-Opioid And Compound Analgesics/Opioid Analgesics,February 2009
64074,23855911000001104,21372021,0,Co-dydramol 10mg/500mg tablets (DE Pharmaceuticals),Dihydrocodeine tartrate/Paracetamol,10mg + 500mg,Tablet,Oral,04070100/04070200,Non-Opioid And Compound Analgesics/Opioid Analgesics,August 2015
19693,66615001000027104,56391020,2826,Sustamycin 250mg Capsule (Boehringer Mannheim UK Ltd),Tetracycline Hydrochloride,250mg,Capsule,Oral,05010300/13060201,Tetracyclines/Oral Antibacterials For Acne,February 2009
27459,668711000001105,60155020,22819,Paracetamol 500mg caplets (Zentiva Pharma UK Ltd),Paracetamol,500mg,Tablet,Oral,04070100,Non-Opioid And Compound Analgesics,February 2009
85887,38998111000001104,95224021,11,Dyzantil 200mg modified-release tablets (Aspire Pharma Ltd),Sodium valproate,200mg,Modified-release tablet,Oral,04080100,Control Of Epilepsy,March 2022
5955,42010811000001104,76478020,648218,Co-dydramol 30mg/500mg tablets,Dihydrocodeine tartrate/Paracetamol,30mg + 500mg,Tablet,Oral,04070100/04070200,Non-Opioid And Compound Analgesics/Opioid Analgesics,February 2009
74026,10854011000001104,04811020,436,Epilim Chrono 200 tablets (Waymade Healthcare Plc),Sodium valproate,200mg,Modified-release tablet,Oral,04080100,Control Of Epilepsy,December 2018
88418,40764111000001104,02541022,8,Aa BPC Vitamin capsules (Essential-Healthcare Ltd),Vitamin D/Ascorbic acid/Nicotinamide/Riboflavin/Thiamine hydrochloride/Vitamin A,300unit + 15mg + 7.5mg + 500microgram + 1mg + 2500unit,Capsule,Oral,09060700,Multivitamin And Multimineral Preparations,July 2023
43204,186905001000027100,73433020,3,Paracetamol 500mg with phenylephrine 6.1mg & caffeine 25mg tablet,Caffeine/Paracetamol/Phenylephrine Hydrochloride,500mg + 6.1mg + 25mg,Capsules,Oral,03100000/04070100,Systemic Nasal Decongestants/Non-Opioid And Compound Analgesics,August 2010
28792,222435001000027100,83233020,6,Medised colour and sf 120mg+1.5mg/5ml Liquid (SSL International Plc),Paracetamol/Promethazine Hydrochloride,120mg+1.5mg/5ml,Liquid,Oral,03040102/04070100,Sedating Antihistamines/Non-Opioid And Compound Analgesics,February 2009
84337,428811000001107,04274020,4,Paracetamol 250mg/5ml oral suspension sugar free (The Boots Company Plc),Paracetamol,50mg/1ml,Oral suspension,Oral,04070100,Non-Opioid And Compound Analgesics,August 2021
35755,11475311000001104,93461020,2954,Sodium valproate 500mg modified-release granules sachets sugar free,Sodium valproate,500mg,Modified-release granules,Oral,04080100,Control Of Epilepsy,February 2009
48178,18677911000001108,99604020,22,Panadol Extra Advance 500mg/65mg tablets (Haleon UK Ltd),Paracetamol/Caffeine,500mg + 65mg,Tablet,Oral,04070100,Non-Opioid And Compound Analgesics,December 2012
40624,4342211000001106,96482020,49,Benylin Four Flu tablets (McNeil Products Ltd),Paracetamol/Pseudoephedrine hydrochloride/Diphenhydramine hydrochloride,500mg + 22.5mg + 12.5mg,Tablet,Oral,03095000,Miscellaneous Cough & Cold Preparations,October 2009
3403,42325001000027104,53317020,3045,Rifinah 150 Tablet (Aventis Pharma),Rifampicin/Isoniazid,150mg + 100mg,Tablet,Oral,05010900,Antituberculosis Drugs,February 2009
48526,8801011000001103,20981020,1743,Paracetamol 1g suppositories,Paracetamol,1gram,Suppository,Rectal,04070100,Non-Opioid And Compound Analgesics,January 2013
82726,30072111000001100,53907021,1,Paracetamol 500mg/5ml oral suspension sugar free (DE Pharmaceuticals),Paracetamol,100mg/1ml,Oral suspension,Oral,04070100,Non-Opioid And Compound Analgesics,January 2021
4950,110795001000027100,62545020,45138,Dihydrocodeine with paracetamol 30mg+500mg tablets,Dihydrocodeine Tartrate/Paracetamol,30mg + 500mg,Tablets,Oral,04070100/04070200,Non-Opioid And Compound Analgesics/Opioid Analgesics,February 2009
21865,921111000001105,74877020,1182,Blemix 50mg tablets (Ashbourne Pharmaceuticals Ltd),Minocycline hydrochloride,50mg,Tablet,Oral,05010300/05011000/13060201,Tetracyclines/Antileprotic Drugs/Oral Antibacterials For Acne,February 2009
10003,207435001000027100,78336020,47,Menopace Capsule (Vitabiotics Ltd),Pantothenic Acid/Biotin/Ascorbic Acid/Aminobenzoic Acid/Copper Sulphate/Folic Acid/Ferrous Fumarate/Magnesium Oxide/Manganese Sulphate/Nicotinic Acid/Potassium Iodide/Riboflavin/Pyridoxine/Vitamin A/Zinc Sulphate/Alpha Tocopheryl Hydrogen Succi,,Capsule,Oral,09060750,-,February 2009
77373,242111000001102,04315020,508,Co-codamol 8mg/500mg effervescent tablets (Alliance Healthcare (Distribution) Ltd),Codeine phosphate/Paracetamol,8mg + 500mg,Effervescent tablet,Oral,04070100/04070200,Non-Opioid And Compound Analgesics/Opioid Analgesics,August 2019
17467,3348811000001106,51885020,10382,Terramycin 250mg tablets (Pfizer Ltd),Oxytetracycline dihydrate,250mg,Tablet,Oral,05010300/13060201,Tetracyclines/Oral Antibacterials For Acne,February 2009
18583,206575001000027100,78071020,10,Paracetamol 500mg with pseudoephedrine 30mg & pholcodine 5mg capsule,Paracetamol/Pholcodine/Pseudoephedrine Hydrochloride,500mg + 30mg + 5mg,Capsules,Oral,03090100/04070100,Cough Suppressants/Non-Opioid And Compound Analgesics,February 2009
16973,7499811000001107,87846020,674,Striant SR 30mg muco-adhesive buccal tablets (The Urology Company Ltd),Testosterone,30mg,Muco-adhesive buccal tablet,Buccal,06040200,Male Sex Hormones And Antagonists,February 2009
46544,16455411000001102,77039020,8,Paracetamol 500mg capsules (Wockhardt UK Ltd),Paracetamol,500mg,Capsule,Oral,04070100,Non-Opioid And Compound Analgesics,December 2011
56136,10854211000001100,04817020,184,Epilim Chrono 300 tablets (Waymade Healthcare Plc),Sodium valproate,300mg,Modified-release tablet,Oral,04080100,Control Of Epilepsy,August 2013
76267,4394011000001103,98675020,9,Retrovir 250mg capsules (ViiV Healthcare UK Ltd),Zidovudine,250mg,Capsule,Oral,05030150,Nucleoside Reverse Transcriptase Inhibitors,May 2019
17035,8665711000001107,90161020,319,Methotrexate 2.5mg/5ml oral suspension,Methotrexate,500microgram/1ml,Oral suspension,Oral,01050300/08010300/10010302/13050300,Products Affecting The Immune Response In Chronic Bowel Problems/Antimetabolites/Drugs Affecting The Immune Response In Rheumatic Disease/Drugs Affecting The Immune Response For Eczema And Psoriasis,February 2009
22125,22565001000027108,50848020,3,Lemsip cold and flu combined relief 300mg+5mg+25mg Capsule (Reckitt Benckiser Healthcare (UK) Ltd),Caffeine/Paracetamol/Phenylephrine Hydrochloride,300mg+5mg+25mg,Capsule,Oral,03100000/04070100,Systemic Nasal Decongestants/Non-Opioid And Compound Analgesics,February 2009
63685,18576911000001100,04829020,1,Epilim Chrono 500 tablets (DE Pharmaceuticals),Sodium valproate,500mg,Modified-release tablet,Oral,04080100,Control Of Epilepsy,July 2015
65107,16062811000001106,04249020,2,Paracetamol 500mg capsules (Bristol Laboratories Ltd),Paracetamol,500mg,Capsule,Oral,04070100,Non-Opioid And Compound Analgesics,January 2016
48444,677311000001101,04262020,13747,Calpol Infant 120mg/5ml oral suspension sugar free (McNeil Products Ltd),Paracetamol,24mg/1ml,Oral suspension,Oral,04070100,Non-Opioid And Compound Analgesics,January 2013
18070,41787811000001104,62016020,38,Fluorouracil 250mg capsules,Fluorouracil,250mg,Capsule,Oral,08010000,Cytotoxic Drugs,February 2009
55845,245635001000027100,92489020,16,Amiodarone oral solution,Amiodarone Hydrochloride,,,,02030201,Supraventricular & Ventricular Arrhythmias,August 2013
4305,3992211000001109,53957020,4058,Roaccutane 20mg capsules (Roche Products Ltd),Isotretinoin,20mg,Capsule,Oral,13060203,Oral Retinoids For Acne,February 2009
64459,21376311000001108,45235020,0,Tramadol 37.5mg / Paracetamol 325mg tablets (A A H Pharmaceuticals Ltd),Paracetamol/Tramadol hydrochloride,325mg + 37.5mg,Tablet,Oral,04070200,Opioid Analgesics,October 2015
4556,4656111000001106,50988020,356,Paramol tablets (Reckitt Benckiser Healthcare (UK) Ltd),Dihydrocodeine tartrate/Paracetamol,7.46mg + 500mg,Tablet,Oral,04070100/04070200,Non-Opioid And Compound Analgesics/Opioid Analgesics,February 2009
32965,44725001000027104,53635020,11,Vitamin Capsule (Approved Prescription Services Ltd),Vitamin D/Ascorbic acid/Nicotinamide/Riboflavin/Thiamine hydrochloride/Vitamin A,300unit + 15mg + 7.5mg + 500microgram + 1mg + 2500unit,Capsule,Oral,09060700,Multivitamin And Multimineral Preparations,February 2009
42371,16665611000001108,97918020,5699,Paracetamol 1g tablets,Paracetamol,1gram,Tablet,Oral,04070100,Non-Opioid And Compound Analgesics,May 2010
9476,571711000001100,85106020,12095,Domperamol tablets (Servier Laboratories Ltd),Paracetamol/Domperidone maleate,500mg + 10mg,Tablet,Oral,00000000,Unknown,February 2009
7881,101765001000027100,61282020,120,Chlortetracycline 250mg capsules,Chlortetracycline Hydrochloride,250mg,Capsules,Oral,05010300,Tetracyclines,February 2009
80597,37982411000001104,91237021,5965,Syonell 250mg gastro-resistant tablets (Lupin Healthcare (UK) Ltd),Valproate semisodium,250mg,Gastro-resistant tablet,Oral,04020300/04070402,Products Used For Mania And Hypomania/Prophylaxis Of Migraine,April 2020
17152,504711000001108,75353020,1899,Orlept 200mg gastro-resistant tablets (Wockhardt UK Ltd),Sodium valproate,200mg,Gastro-resistant tablet,Oral,04080100,Control Of Epilepsy,February 2009
23580,166095001000027100,70266020,12,Codeine phosphate with diphenhydramine with paracetamol with phenylephrine with caffeine with vitamin c tablets,Caffeine/Codeine Phosphate/Paracetamol/Phenylephrine Hydrochloride/Ascorbic Acid/Diphenhydramine Hydrochloride,,Tablets,Oral,03040102/04070100,Sedating Antihistamines/Non-Opioid And Compound Analgesics,February 2009
23052,222425001000027100,83231020,7,Promethazine hydrochloride 1.5mg with paracetamol 120mg/5ml oral solution colour free and sugar free,Paracetamol/Promethazine Hydrochloride,120mg+1.5mg/5ml,Suspension Sugar-Free,Oral,03040102/04070100,Sedating Antihistamines/Non-Opioid And Compound Analgesics,February 2009
61522,24585211000001108,26746021,1038,Paracetamol 500mg caplets (Numark Ltd),Paracetamol,500mg,Tablet,Oral,04070100,Non-Opioid And Compound Analgesics,October 2014
31651,20225001000027104,50574020,35,Mynah 250 Tablet (Wyeth Pharmaceuticals),Ethambutol Hydrochloride/Isoniazid,,Tablet,Oral,05010900,Antituberculosis Drugs,February 2009
43387,252695001000027100,95356020,5,Sodium valproate with valproic acid 50mg modified release granules,Sodium Valproate,50mg,Modified Release Granules,Oral,04080100,Control Of Epilepsy,September 2010
40383,754011000001103,57049020,212,Minocycline 100mg tablets (Accord-UK Ltd),Minocycline hydrochloride,100mg,Tablet,Oral,05010300/05011000/13060201,Tetracyclines/Antileprotic Drugs/Oral Antibacterials For Acne,September 2009
66583,28415311000001104,44806021,7,Mercaptopurine 75mg tablets,Mercaptopurine,75mg,Tablet,Oral,01050300/08010300,Products Affecting The Immune Response In Chronic Bowel Problems/Antimetabolites,June 2016
75967,24407611000001108,24090021,2,Capecitabine 300mg tablets,Capecitabine,300mg,Tablet,Oral,08010300,Antimetabolites,April 2019
76964,21900611000001104,47365020,31,Sodium valproate 200mg gastro-resistant tablets (Waymade Healthcare Plc),Sodium valproate,200mg,Gastro-resistant tablet,Oral,04080100,Control Of Epilepsy,July 2019
60342,23164211000001104,17495021,1,Berocca effervescent tablets tropical (Bayer Plc),Pantothenic acid/Ascorbic acid/Cyanocobalamin/Zinc/Magnesium/Pyridoxine/Nicotinic acid/Riboflavin/Thiamine/Folic acid/Calcium/Biotin,22.7mg + 476mg + 8.6microgram + 9mg + 95mg + 7.1mg + 45.3mg + 13.6mg + 10.4mg + 366microgram + 95mg + 130microgram,Effervescent tablet,Oral,09040251,Nutritional Supplements,July 2014
72389,34710111000001104,78032021,0,Co-codamol 15mg/500mg capsules (Alliance Healthcare (Distribution) Ltd),Paracetamol/Codeine phosphate,500mg + 15mg,Capsule,Oral,04070100/04070200,Non-Opioid And Compound Analgesics/Opioid Analgesics,June 2018
1068,258011000001103,74892020,569216,Calpol Paediatric 120mg/5ml oral suspension sugar free (McNeil Products Ltd),Paracetamol,24mg/1ml,Oral suspension,Oral,04070100,Non-Opioid And Compound Analgesics,February 2009
16076,237275001000027100,87620020,1152,Paracetamol 325mg with tramadol 37.5 mg tablet,Paracetamol/Tramadol Hydrochloride,325mg + 37.5mg,Tablets,Oral,04070100/04070200,Non-Opioid And Compound Analgesics/Opioid Analgesics,February 2009
22236,222415001000027100,83229020,11,Paracetamol with promethazine hydrochloride 120mg+1.5mg/5ml suspension sugar free colour free,Paracetamol/Promethazine Hydrochloride,120mg+1.5mg/5ml,Suspension Sugar-Free,Oral,03040102/04070100,Sedating Antihistamines/Non-Opioid And Compound Analgesics,February 2009
70518,34625311000001100,77572021,13,Co-codamol 60mg/1000mg tablets,Paracetamol/Codeine phosphate,1gram + 60mg,Tablet,Oral,04070100/04070200,Non-Opioid And Compound Analgesics/Opioid Analgesics,October 2017
43233,2832111000001108,65583020,98,Paracetamol 500mg capsules (Kent Pharma (UK) Ltd),Paracetamol,500mg,Capsule,Oral,04070100,Non-Opioid And Compound Analgesics,August 2010
3731,162715001000027100,69791020,559876,Epilim ec 200mg Gastro-resistant tablet (Sanofi),Sodium valproate,200mg,Gastro-resistant tablet,Oral,04080100,Control Of Epilepsy,February 2009
4579,4548811000001106,54663020,2691,Achromycin 250mg capsules (Wyeth Pharmaceuticals),Tetracycline hydrochloride,250mg,Capsule,Oral,05010300/13060201,Tetracyclines/Oral Antibacterials For Acne,February 2009
6028,225105001000027100,83970020,2303,Multivitamins with iron Chewable tablet,Stearic Acid (E570)/Magnesium Stearate (E572)/Pyridoxine Hydrochloride/Thiamine Nitrate/Vitamin A/Ferrous Sulphate/Ascorbic Acid/Riboflavin/Colecalciferol/Dicalcium  Phosphate/Folic Acid,,Chewable Tablet,Oral,09060750,-,February 2009
14984,9361611000001108,89328020,458,Acnamino MR 100mg capsules (Dexcel-Pharma Ltd),Minocycline hydrochloride,100mg,Modified-release capsule,Oral,05010300/05011000/13060201,Tetracyclines/Antileprotic Drugs/Oral Antibacterials For Acne,February 2009
24547,225925001000027100,84150020,41,Abacavir 300mg / zidovudine 300mg / lamivudine 150mg tablets,Lamivudine/Zidovudine/Abacavir Sulphate,300mg + 300mg + 150mg,Tablets,Oral,05030150,Nucleoside Reverse Transcriptase Inhibitors,February 2009
42125,92915001000027100,59829020,12,Paracetamol 120mg Suppository (Distriphar (UK)),Paracetamol,120mg,Suppository,Rectal,04070100,Non-Opioid And Compound Analgesics,April 2010
59792,22737111000001104,17268021,0,Vitamins capsules (DE Pharmaceuticals),Vitamin D/Ascorbic acid/Nicotinamide/Riboflavin/Thiamine hydrochloride/Vitamin A,300unit + 15mg + 7.5mg + 500microgram + 1mg + 2500unit,Capsule,Oral,09060700,Multivitamin And Multimineral Preparations,May 2014
60577,17962811000001100,05776020,0,Tetracycline 250mg tablets (Almus Pharmaceuticals Ltd),Tetracycline hydrochloride,250mg,Tablet,Oral,05010300/13060201,Tetracyclines/Oral Antibacterials For Acne,July 2014
25562,9444711000001104,77285020,1,Lemsip Max Sinus capsules (Reckitt Benckiser Healthcare (UK) Ltd),Caffeine/Phenylephrine hydrochloride/Paracetamol,25mg + 6.1mg + 500mg,Capsule,Oral,03095000,Miscellaneous Cough & Cold Preparations,February 2009
78357,4009511000001107,13582020,0,Generic Beechams Cold & Flu capsules,Paracetamol/Caffeine/Phenylephrine hydrochloride,300mg + 25mg + 5mg,Capsule,Oral,03095000,Miscellaneous Cough & Cold Preparations,November 2019
7,322236009,58932020,35949004,Paracetamol 500mg tablets,Paracetamol,500mg,Tablet,Oral,04070100,Non-Opioid And Compound Analgesics,February 2009
26776,118935001000027100,63663020,7,Isoniazid with rifampicin 100mg + 150mg Tablet,Isoniazid/Rifampicin,100mg + 150mg,Tablet,Oral,05010900,Antituberculosis Drugs,February 2009
43648,252205001000027100,95245020,20,Sodium valproate oral solution,Sodium Valproate,,Oral Liquid,Oral,04080100,Control Of Epilepsy,October 2010
43536,59145001000027104,55415020,4,Co-proxamol 32.5/325 Tablet (Numark Management Ltd),Dextropropoxyphene hydrochloride/Paracetamol,32.5mg + 325mg,Tablet,Oral,04070100/04070200,Non-Opioid And Compound Analgesics/Opioid Analgesics,September 2010
43199,839411000001108,55869020,6,Paracetamol 250mg/5ml oral suspension sugar free (Vantage),Paracetamol,50mg/1ml,Oral suspension,Oral,04070100,Non-Opioid And Compound Analgesics,August 2010
65239,30845011000001108,57308021,82,Paracetamol 500mg caplets (Mawdsley-Brooks & Company Ltd),Paracetamol,500mg,Tablet,Oral,04070100,Non-Opioid And Compound Analgesics,January 2016
34858,47865001000027104,54029020,21,Paracetamol Capsule (Co-operative),Paracetamol,500mg,Capsule,Oral,04070100,Non-Opioid And Compound Analgesics,February 2009
52456,9548911000001100,21639020,5,Cold and Flu Relief tablets (The Boots Company Plc),Paracetamol/Ascorbic acid/Caffeine anhydrous/Phenylephrine hydrochloride,400mg + 50mg + 30mg + 5mg,Tablet,Oral,03095000,Miscellaneous Cough & Cold Preparations,January 2013
8832,269511000001109,48752020,34828,Cordarone X 200 tablets (Zentiva Pharma UK Ltd),Amiodarone hydrochloride,200mg,Tablet,Oral,02030201,Supraventricular & Ventricular Arrhythmias,February 2009
41409,341011000001100,56084020,41,Paracetamol 500mg suppositories (Martindale Pharmaceuticals Ltd),Paracetamol,500mg,Suppository,Rectal,04070100,Non-Opioid And Compound Analgesics,March 2010
58857,21523811000001108,46104020,1,Lemsip Max Blackcurrant Flavour tablets (Reckitt Benckiser Healthcare (UK) Ltd),Paracetamol/Phenylephrine hydrochloride,500mg + 6.1mg,Tablet,Oral,03095000,Miscellaneous Cough & Cold Preparations,February 2014
2555,18505001000027100,50340020,137873,Dihydrocodeine with paracetamol 10mg+500mg tablets,Dihydrocodeine Tartrate/Paracetamol,10mg + 500mg,Tablets,Oral,04070100/04070200,Non-Opioid And Compound Analgesics/Opioid Analgesics,February 2009
44472,13718611000001104,98809020,1331,Sodium valproate 100mg modified-release granules sachets sugar free,Sodium valproate,100mg,Modified-release granules,Oral,04080100,Control Of Epilepsy,January 2011
14899,124811000001103,58884020,453,Alvedon 250mg suppositories (Esteve Pharmaceuticals Ltd),Paracetamol,250mg,Suppository,Rectal,04070100,Non-Opioid And Compound Analgesics,February 2009
85329,36922011000001104,86515021,0,Paracetamol 500mg tablets (Relonchem Ltd),Paracetamol,500mg,Tablet,Oral,04070100,Non-Opioid And Compound Analgesics,December 2021
68110,32876211000001100,69789021,47,Doxycycline 100mg/5ml oral suspension,Doxycycline hyclate,20mg/1ml,Oral suspension,Oral,05010300/05040100/13060201,Tetracyclines/Antimalarials/Oral Antibacterials For Acne,November 2016
45276,108685001000027100,62237020,39,Co-proxamol 32.5mg+325mg Tablet (Sigma Pharmaceuticals Plc),Dextropropoxyphene hydrochloride/Paracetamol,32.5mg + 325mg,Tablet,Oral,04070100/04070200,Non-Opioid And Compound Analgesics/Opioid Analgesics,May 2011
58743,23487211000001108,20197021,5077,Paracetamol 500mg tablets (Accord-UK Ltd),Paracetamol,500mg,Tablet,Oral,04070100,Non-Opioid And Compound Analgesics,February 2014
82511,16563811000001100,10714020,118,Niaspan 500mg modified-release tablets (Mawdsley-Brooks & Company Ltd),Nicotinic acid,500mg,Modified-release tablet,Oral,02120500,Nicotinic Acid Group,January 2021
59048,41767811000001104,20048021,2,Pomalidomide 2mg capsules,Pomalidomide,2mg,Capsule,Oral,08020400,Other Immunomodulating Drugs,March 2014
36720,4872311000001102,48921020,3,Resolve Extra effervescent granules sachets (G.R. Lane Health Products Ltd),Sodium bicarbonate/Paracetamol/Caffeine,1.408gram + 1gram + 60mg,Effervescent granules,Oral,01010100,Antacids And Simeticone,February 2009
46958,221775001000027100,82999020,7,Ascorbic acid with other vitamins tablets,Betacarotene/Biotin/Cyanocobalamin/Thiamine Nitrate/Vitamin A/Vitamin D/Ascorbic Acid/Riboflavin/Alpha Tocopherol/Selenium/Nicotinic Acid/Folic Acid,,Tablets,Oral,09060700,Multivitamin And Multimineral Preparations,March 2012
58303,14962511000001108,07338020,3,Methotrexate 2.5mg tablets (Orion Pharma (UK) Ltd),Methotrexate,2.5mg,Tablet,Oral,01050300/08010300/10010302/13050300,Products Affecting The Immune Response In Chronic Bowel Problems/Antimetabolites/Drugs Affecting The Immune Response In Rheumatic Disease/Drugs Affecting The Immune Response For Eczema And Psoriasis,December 2013
42056,41765111000001110,93007020,20,Lenalidomide 5mg capsules,Lenalidomide,5mg,Capsule,Oral,08020405,Lenalidomide And Thalidomide,April 2010
54214,625311000001105,05775020,5,Tetracycline 250mg tablets (Alliance Healthcare (Distribution) Ltd),Tetracycline hydrochloride,250mg,Tablet,Oral,05010300/13060201,Tetracyclines/Oral Antibacterials For Acne,March 2013
55951,8004111000001100,18308020,0,Generic Beechams All-In-One tablets,Paracetamol/Guaifenesin/Phenylephrine hydrochloride,250mg + 100mg + 5mg,Tablet,Oral,03095000,Miscellaneous Cough & Cold Preparations,August 2013
82296,28037011000001100,40659021,3,Sodium valproate 300mg modified-release tablets (Ennogen Healthcare Ltd),Sodium valproate,300mg,Modified-release tablet,Oral,04080100,Control Of Epilepsy,January 2021
48330,4957511000001101,14742020,742,Paracetamol 250mg/5ml oral suspension 5ml sachets sugar free,Paracetamol,50mg/1ml,Oral suspension,Oral,04070100,Non-Opioid And Compound Analgesics,January 2013
16467,228045001000027100,84870020,3974,Codeine phosphate 30mg with paracetamol 500mg effervescent tablets,Codeine Phosphate/Paracetamol,30mg + 500mg,Effervescent Tablet,Oral,04070100/04070200,Non-Opioid And Compound Analgesics/Opioid Analgesics,February 2009
14378,4920611000001102,73500020,31,Feminax tablets (Bayer Plc),Paracetamol/Codeine phosphate/Hyoscine hydrobromide/Caffeine hydrate,500mg + 8mg + 100microgram + 54.64mg,Tablet,Oral,00000000,Unknown,February 2009
2999,39700711000001104,64763020,126707,Minocycline 50mg tablets,Minocycline hydrochloride,50mg,Tablet,Oral,05010300/05011000/13060201,Tetracyclines/Antileprotic Drugs/Oral Antibacterials For Acne,February 2009
48095,2847811000001102,56946020,0,Doxycycline 50mg capsules (Accord-UK Ltd),Doxycycline hyclate,50mg,Capsule,Oral,05010300/05040100/13060201,Tetracyclines/Antimalarials/Oral Antibacterials For Acne,December 2012
39934,9802911000001108,69562020,3060,Paracetamol 500mg caplets (Almus Pharmaceuticals Ltd),Paracetamol,500mg,Tablet,Oral,04070100,Non-Opioid And Compound Analgesics,August 2009
34700,13625211000001108,61580020,274,Paracetamol 250mg/5ml oral suspension sugar free (Pinewood Healthcare),Paracetamol,50mg/1ml,Oral suspension,Oral,04070100,Non-Opioid And Compound Analgesics,February 2009
15513,53065001000027104,54662020,3315,Achromycin 250mg Tablet (Wyeth Pharmaceuticals),Tetracycline hydrochloride,250mg,Tablet,Oral,05010300/13060201,Tetracyclines/Oral Antibacterials For Acne,February 2009
11665,75011000001100,79880020,2844973,Zapain 30mg/500mg tablets (Advanz Pharma),Codeine phosphate/Paracetamol,30mg + 500mg,Tablet,Oral,04070100/04070200,Non-Opioid And Compound Analgesics/Opioid Analgesics,February 2009
35471,11475111000001108,93457020,4812,Sodium valproate 150mg modified-release capsules,Sodium valproate,150mg,Modified-release capsule,Oral,04080100,Control Of Epilepsy,February 2009
40422,474911000001108,49361020,125,Co-dydramol 10mg/500mg tablets (Zentiva Pharma UK Ltd),Dihydrocodeine tartrate/Paracetamol,10mg + 500mg,Tablet,Oral,04070100/04070200,Non-Opioid And Compound Analgesics/Opioid Analgesics,September 2009
77272,93885001000027100,59955020,56,Sodium valproate 500mg Tablet (Sterwin Medicines),Sodium valproate,500mg,Gastro-resistant tablet,Oral,04080100,Control Of Epilepsy,July 2019
30444,831711000001101,59024020,51,Co-dydramol 10mg/500mg tablets (Viatris UK Healthcare Ltd),Dihydrocodeine tartrate/Paracetamol,10mg + 500mg,Tablet,Oral,04070100,Non-Opioid And Compound Analgesics,February 2009
44210,17572011000001108,98853020,1290,Kapake 15mg/500mg tablets (Galen Ltd),Codeine phosphate/Paracetamol,15mg + 500mg,Tablet,Oral,04070100/04070200,Non-Opioid And Compound Analgesics/Opioid Analgesics,December 2010
10293,218445001000027100,81992020,65,Sinutab Tablet (Pfizer Consumer Healthcare Ltd),Paracetamol/Phenylpropanolamine Hydrochloride,,Tablet,Oral,03090200/04070100,Demulcent And Expectorant Cough Preparations/Non-Opioid And Compound Analgesics,February 2009
20085,221695001000027100,82966020,1363,Sanatogen classic Tablet (Roche Consumer Health),Betacarotene/Cyanocobalamin/Iron/Ginkgo Biloba/Ginseng/Pyridoxine Hydrochloride/Thiamine Hydrochloride/Vitamin A/Vitamin D/Pantothenic Acid/Ascorbic Acid/Riboflavin/Potassium/Alpha Tocopherol/Copper/Nicotinic Acid/Folic Acid,,Tablet,Oral,09010101/09060700,Oral Iron/Multivitamin And Multimineral Preparations,February 2009
65629,28366311000001108,44200021,1,Mercaptopurine 30mg capsules,Mercaptopurine,30mg,Capsule,Oral,01050300/08010300,Products Affecting The Immune Response In Chronic Bowel Problems/Antimetabolites,March 2016
33653,809211000001101,49328020,1251,Co-codamol 8mg/500mg tablets (IVAX Pharmaceuticals UK Ltd),Codeine phosphate/Paracetamol,8mg + 500mg,Tablet,Oral,04070100,Non-Opioid And Compound Analgesics,February 2009
65360,17894611000001104,05793020,0,Doxycycline 50mg capsules (Phoenix Healthcare Distribution Ltd),Doxycycline hyclate,50mg,Capsule,Oral,05010300/05040100/13060201,Tetracyclines/Antimalarials/Oral Antibacterials For Acne,February 2016
7011,195395001000027100,74929020,19898,Sodium valproate with valproic acid 300mg modified release tablets,Sodium Valproate,300mg,Modified Release Tablet,Oral,04080100,Control Of Epilepsy,February 2009
30334,235355001000027100,86780020,7,Vitamins a & d with cyanocobalamin chloride emulsion,Choline Chloride/Cyanocobalamin/Vitamin A/Vitamin D,,Oral Emulsion,Oral,09060700,Multivitamin And Multimineral Preparations,February 2009
38949,448711000001102,95815020,280802,Epilim 500 gastro-resistant tablets (Sanofi),Sodium valproate,500mg,Gastro-resistant tablet,Oral,04080100,Control Of Epilepsy,February 2009
60159,23880711000001108,21392021,0,Doxycycline 100mg capsules (DE Pharmaceuticals),Doxycycline hyclate,100mg,Capsule,Oral,05010300/05040100/13060201,Tetracyclines/Antimalarials/Oral Antibacterials For Acne,June 2014
36318,11475411000001104,93463020,751,Sodium valproate 1g modified-release granules sachets sugar free,Sodium valproate,1gram,Modified-release granules,Oral,04080100,Control Of Epilepsy,February 2009
26502,4200711000001102,67100020,15,Lanvis 40mg tablets (Aspen Pharma Trading Ltd),Tioguanine,40mg,Tablet,Oral,08010300,Antimetabolites,February 2009
49417,617911000001105,04204020,4224,Paracetamol 500mg caplets (Kent Pharma (UK) Ltd),Paracetamol,500mg,Tablet,Oral,04070100,Non-Opioid And Compound Analgesics,January 2013
65080,30073511000001104,53439021,4,Paracetamol 250mg/5ml oral suspension sugar free (DE Pharmaceuticals),Paracetamol,50mg/1ml,Oral suspension,Oral,04070100,Non-Opioid And Compound Analgesics,December 2015
1999,322278003,73000020,26211,Paracetamol 125mg suppositories,Paracetamol,125mg,Suppository,Rectal,04070100,Non-Opioid And Compound Analgesics,February 2009
8359,19185001000027108,50438020,516,Neotigason 10mg Capsule (Roche Products Ltd),Acitretin,10mg,Capsule,Oral,13050200,Preparations For Psoriasis,February 2009
2724,3289311000001106,53381020,129842,Dalivit oral drops (Dendron Brands Ltd),Ergocalciferol/Thiamine/Riboflavin/Pyridoxine/Vitamin A/Ascorbic acid/Nicotinamide,667iu/1ml + 1667microgram/1ml + 667microgram/1ml + 833microgram/1ml + 8333iu/1ml + 83mg/1ml + 8.3mg/1ml,Oral drops,Oral,09060700,Multivitamin And Multimineral Preparations,February 2009
71621,292411000001102,73093020,155,Sodium valproate 200mg gastro-resistant tablets (Zentiva Pharma UK Ltd),Sodium valproate,200mg,Gastro-resistant tablet,Oral,04080100,Control Of Epilepsy,February 2018
33223,11854311000001102,82171020,9,Seven Seas Vitamin & Mineral tonic (Seven Seas Ltd),Vitamin A/Manganese sulfate/Colecalciferol/Copper sulfate/Calcium glycerophosphate/Potassium glycerophosphate/Iron,130unit/1ml + 76microgram/1ml + 13unit/1ml + 100microgram/1ml + 2.25mg/1ml + 225microgram/1ml + 2.4mg/1ml,Oral emulsion,Oral,09040251,Nutritional Supplements,February 2009
58033,18456511000001100,00829020,0,Amiodarone 100mg tablets (Accord-UK Ltd),Amiodarone hydrochloride,100mg,Tablet,Oral,02030201,Supraventricular & Ventricular Arrhythmias,December 2013
26173,38215001000027104,52809020,3,Zidovudine 300mg tablets,Zidovudine,300mg,Tablets,Oral,05030150,Nucleoside Reverse Transcriptase Inhibitors,February 2009
67755,9788911000001104,69582020,68,Co-proxamol 32.5mg/325mg tablets (Almus Pharmaceuticals Ltd),Dextropropoxyphene hydrochloride/Paracetamol,32.5mg + 325mg,Tablet,Oral,04070100,Non-Opioid And Compound Analgesics,October 2016
10122,240395001000027100,89018020,79,Dihydrocodeine 10mg with paracetamol 500mg/5ml oral suspension sugar free,Dihydrocodeine Tartrate/Paracetamol,10mg + 500mg/5ml,Suspension Sugar-Free,Oral,04070100/04070200,Non-Opioid And Compound Analgesics/Opioid Analgesics,February 2009
34044,3345011000001108,50171020,1059,Oxytetracycline 250mg tablets (A A H Pharmaceuticals Ltd),Oxytetracycline dihydrate,250mg,Tablet,Oral,05010300/13060201,Tetracyclines/Oral Antibacterials For Acne,February 2009
68780,19731311000001104,38484020,0,Amiodarone 200mg tablets (Medreich Plc),Amiodarone hydrochloride,200mg,Tablet,Oral,02030201,Supraventricular & Ventricular Arrhythmias,February 2017
2256,7405001000027103,48929020,54266,Deteclo 300mg Tablet (Wyeth Pharmaceuticals),Chlortetracycline Hydrochloride/Tetracycline Hydrochloride/Demeclocycline Hydrochloride,300mg,Tablet,Oral,05010300/13060201,Tetracyclines/Oral Antibacterials For Acne,February 2009
63347,8562711000001106,20179020,22,Isoniazid 50mg/5ml oral suspension,Isoniazid,10mg/1ml,Oral suspension,Oral,05010900,Antituberculosis Drugs,June 2015
79619,11753811000001104,14218020,1,Decongestant with Paracetamol tablets (The Boots Company Plc),Paracetamol/Pseudoephedrine hydrochloride,500mg + 60mg,Tablet,Oral,03095000,Miscellaneous Cough & Cold Preparations,January 2020
1548,3390011000001107,56220020,304939,Abidec Multivitamin drops (Omega Pharma Ltd),Vitamin A palmitate/Ergocalciferol/Thiamine hydrochloride/Riboflavin/Pyridoxine hydrochloride/Nicotinamide/Ascorbic acid,2222iu/1ml + 667iu/1ml + 1.67mg/1ml + 1333microgram/1ml + 1333microgram/1ml + 1333microgram/1ml + 66.7mg/1ml,Oral drops,Oral,09060700,Multivitamin And Multimineral Preparations,February 2009
7544,4993911000001105,87155020,2398,Niaspan 750mg modified-release tablets (Abbott Laboratories Ltd),Nicotinic acid,750mg,Modified-release tablet,Oral,02120500,Nicotinic Acid Group,February 2009
14964,10068111000001106,89792020,4649,Solpadeine Plus soluble tablets (Omega Pharma Ltd),Codeine phosphate/Paracetamol/Caffeine,8mg + 500mg + 30mg,Soluble tablet,Oral,04070100/04070200,Non-Opioid And Compound Analgesics/Opioid Analgesics,February 2009
77370,687111000001105,04219020,611,Paracetamol 500mg soluble tablets (Alliance Healthcare (Distribution) Ltd),Paracetamol,500mg,Effervescent tablet,Oral,04070100,Non-Opioid And Compound Analgesics,August 2019
9457,136725001000027100,65992020,30160,Paracetamol 500mg with codeine phosphate 8mg tablet,Codeine Phosphate/Paracetamol,500mg + 8mg,Tablets,Oral,04070100/04070200,Non-Opioid And Compound Analgesics/Opioid Analgesics,February 2009
30295,162505001000027100,69749020,115,Dihydrocodeine with paracetamol 7.46mg+500mg tablets,Dihydrocodeine Tartrate/Paracetamol,7.46mg + 500mg,Tablets,Oral,04070100/04070200,Non-Opioid And Compound Analgesics/Opioid Analgesics,February 2009
41682,93835001000027100,59950020,21,Co-codamol 30mg+500mg Effervescent tablet (Roche Consumer Health),Codeine phosphate/Paracetamol,30mg + 500mg,Effervescent tablet,Oral,04070100/04070200,Non-Opioid And Compound Analgesics/Opioid Analgesics,March 2010
63806,21232111000001104,44404020,5,Lymecycline 408mg capsules (A A H Pharmaceuticals Ltd),Lymecycline,408mg,Capsule,Oral,05010300,Tetracyclines,July 2015
429,39700611000001104,53942020,36347,Minocycline 50mg capsules,Minocycline hydrochloride,50mg,Capsule,Oral,05010300/05011000/13060201,Tetracyclines/Antileprotic Drugs/Oral Antibacterials For Acne,February 2009
46830,18067611000001100,96746020,7,Beechams Max Strength All In One capsules (Haleon UK Ltd),Phenylephrine hydrochloride/Paracetamol/Guaifenesin,6.1mg + 500mg + 100mg,Capsule,Oral,03095000,Miscellaneous Cough & Cold Preparations,February 2012
27804,112495001000027100,62750020,39,Benylin four flu Tablet (Pfizer Consumer Healthcare Ltd),Paracetamol/Pseudoephedrine Hydrochloride/Diphenhydramine Hydrochloride,,Tablet,Oral,03040102/04070100,Sedating Antihistamines/Non-Opioid And Compound Analgesics,February 2009
34423,92035001000027100,59687020,47,Doxycycline 100mg Capsule (PLIVA Pharma Ltd),Doxycycline hyclate,100mg,Capsule,Oral,05010300/05040100,Tetracyclines/Antimalarials,February 2009
65440,9326411000001108,71808020,2715,Co-codamol 30mg/500mg tablets (Viatris UK Healthcare Ltd),Codeine phosphate/Paracetamol,30mg + 500mg,Tablet,Oral,04070100,Non-Opioid And Compound Analgesics,February 2016
23819,199515001000027100,76012020,30,Doxycycline (as hyclate) 50mg capsules with microgranules,Doxycycline Hyclate,50mg,Capsules Containing Spherical Coated Microgranules,Oral,05010300/05040100,Tetracyclines/Antimalarials,February 2009
56205,17849211000001104,14678020,4,Boots Paracetamol and Codeine Extra capsules (The Boots Company Plc),Codeine phosphate/Caffeine/Paracetamol,8mg + 30mg + 500mg,Capsule,Oral,04070100/04070200,Non-Opioid And Compound Analgesics/Opioid Analgesics,August 2013
44537,15886111000001100,99003020,96,Sudafed Blocked Nose & Headache capsules (McNeil Products Ltd),Paracetamol/Caffeine/Phenylephrine hydrochloride,300mg + 25mg + 5mg,Capsule,Oral,03095000,Miscellaneous Cough & Cold Preparations,February 2011
74482,15536811000001104,36430020,1,Valproic acid 250mg/5ml oral suspension,Valproate semisodium,50mg/1ml,Oral suspension,Oral,04020300/04080100,Products Used For Mania And Hypomania/Control Of Epilepsy,January 2019
28253,61005001000027104,55651020,56,Co-proxamol 32.5/325 Oral suspension (Rosemont Pharmaceuticals Ltd),Dextropropoxyphene Hydrochloride/Paracetamol,32.5/325,Oral Suspension,Oral,04070100/04070200,Non-Opioid And Compound Analgesics/Opioid Analgesics,February 2009
27064,744411000001105,66022020,103,Paldesic paracetamol 120mg/5ml oral suspension (Rosemont Pharmaceuticals Ltd),Paracetamol,24mg/1ml,Oral suspension,Oral,04070100,Non-Opioid And Compound Analgesics,February 2009
30165,110855001000027100,62554020,58,Co-dydramol (dihydrocodeine and paracetamol) 7.46mg with 500mg tablets,Dihydrocodeine Tartrate/Paracetamol,7.46mg + 500mg,Tablets,Oral,04070100/04070200,Non-Opioid And Compound Analgesics/Opioid Analgesics,February 2009
27474,99245001000027100,60895020,74,Ethambutol with Isoniazid 250mg with 100mg tablets,Ethambutol Hydrochloride/Isoniazid,250mg + 100mg,Tablets,Oral,05010900,Antituberculosis Drugs,February 2009
46823,39702111000001104,98708020,18,Pazopanib 400mg tablets,Pazopanib hydrochloride,400mg,Tablet,Oral,08010551,Protein Kinase Inhibitors,February 2012
139,322280009,65977020,2575090,Paracetamol 500mg capsules,Paracetamol,500mg,Capsule,Oral,04070100,Non-Opioid And Compound Analgesics,February 2009
1147,70775001000027104,57016020,573703,Paracetamol 120mg/5ml oral suspension,Paracetamol,120mg/5ml,Oral Suspension Paediatric,Oral,04070100,Non-Opioid And Compound Analgesics,February 2009
34765,7432211000001109,59013020,2,Doxycycline 50mg capsules (Viatris UK Healthcare Ltd),Doxycycline hyclate,50mg,Capsule,Oral,05010300/05040100,Tetracyclines/Antimalarials,February 2009
74500,7937811000001105,04277020,3,Lloydspharmacy Paracetamol Six Plus 250mg/5ml oral suspension sugar free (Lloyds Pharmacy Ltd),Paracetamol,50mg/1ml,Oral suspension,Oral,04070100,Non-Opioid And Compound Analgesics,January 2019
51120,706911000001103,07335020,0,Methotrexate 2.5mg tablets (Alliance Healthcare (Distribution) Ltd),Methotrexate,2.5mg,Tablet,Oral,01050300/08010300/10010302/13050300,Products Affecting The Immune Response In Chronic Bowel Problems/Antimetabolites/Drugs Affecting The Immune Response In Rheumatic Disease/Drugs Affecting The Immune Response For Eczema And Psoriasis,January 2013
258,526111000001109,54171020,401,Panadol 500mg tablets (Haleon UK Ltd),Paracetamol,500mg,Tablet,Oral,04070100,Non-Opioid And Compound Analgesics,February 2009
87005,38485611000001104,93054021,1,Codasolve 8mg/500mg/30mg effervescent tablets (Kent Pharma (UK) Ltd),Caffeine/Codeine phosphate/Paracetamol,30mg + 8mg + 500mg,Effervescent tablet,Oral,04070100/04070200,Non-Opioid And Compound Analgesics/Opioid Analgesics,November 2022
35752,8666111000001100,92601020,181,Methotrexate 7.5mg/5ml oral suspension,Methotrexate,1.5mg/1ml,Oral suspension,Oral,01050300/08010300/10010302/13050300,Products Affecting The Immune Response In Chronic Bowel Problems/Antimetabolites/Drugs Affecting The Immune Response In Rheumatic Disease/Drugs Affecting The Immune Response For Eczema And Psoriasis,February 2009
51751,19665211000001104,78712020,210,Sodium valproate 200mg gastro-resistant tablets (Wockhardt UK Ltd),Sodium valproate,200mg,Gastro-resistant tablet,Oral,04080100,Control Of Epilepsy,January 2013
14961,4186111000001101,82697020,500,Berocca effervescent tablets orange (Bayer Plc),Pantothenic acid/Ascorbic acid/Cyanocobalamin/Zinc/Magnesium/Pyridoxine/Nicotinic acid/Riboflavin/Thiamine/Folic acid/Calcium/Biotin,22.7mg + 476mg + 8.6microgram + 9mg + 95mg + 7.1mg + 45.3mg + 13.6mg + 10.4mg + 366microgram + 95mg + 130microgram,Effervescent tablet,Oral,09040251,Nutritional Supplements,February 2009
56340,22393711000001104,15644021,3040,Co-codamol 30mg/500mg caplets (J M McGill Ltd),Codeine phosphate/Paracetamol,30mg + 500mg,Tablet,Oral,04070100/04070200,Non-Opioid And Compound Analgesics/Opioid Analgesics,August 2013
54353,4932411000001102,14651020,0,Generic Anadin Extra soluble tablets sugar free,Aspirin/Paracetamol/Caffeine,300mg + 200mg + 45mg,Soluble tablet,Oral,04070500,Other Non Opioid Analgesics,March 2013
82365,13385911000001100,75059020,0,Demeclocycline 150mg capsules (Advanz Pharma),Demeclocycline hydrochloride,150mg,Capsule,Oral,05010300/06050200,Tetracyclines/Posterior Pituitary Hormones And Antagonists,January 2021
33838,186735001000027100,73401020,1,Doans extra strength Tablet (Novartis Consumer Health UK Ltd),Paracetamol/Sodium salicylate,150mg + 100mg,Tablet,Oral,04070100,Non-Opioid And Compound Analgesics,February 2009
39930,13666611000001108,95358020,3002,Epilim Chronosphere MR 50mg granules sachets (Sanofi),Sodium valproate,50mg,Modified-release granules,Oral,04080100,Control Of Epilepsy,August 2009
86615,8562511000001101,20175020,1,Isoniazid 150mg/5ml oral suspension,Isoniazid,30mg/1ml,Oral suspension,Oral,05010900,Antituberculosis Drugs,August 2022
2578,36565111000001104,53941020,462460,Minocycline 100mg modified-release capsules,Minocycline hydrochloride,100mg,Modified-release capsule,Oral,05010300/05011000/13060201,Tetracyclines/Antileprotic Drugs/Oral Antibacterials For Acne,February 2009
6183,201665001000027100,76663020,144,"Vitamin a, c & d oral drops",Vitamin A/Vitamin D/Ascorbic Acid,,Oral Drops,Oral,09060700,Multivitamin And Multimineral Preparations,February 2009
6699,322258006,82137020,6452,Paracetamol 60mg suppositories,Paracetamol,60mg,Suppository,Rectal,04070100,Non-Opioid And Compound Analgesics,February 2009
16112,9544111000001108,89744020,225,Paramol soluble tablets (SSL International Plc),Dihydrocodeine tartrate/Paracetamol,7.46mg + 500mg,Effervescent tablet,Oral,04070100,Non-Opioid And Compound Analgesics,February 2009
57174,21796511000001104,47527020,0,Methotrexate 10mg tablets (Waymade Healthcare Plc),Methotrexate,10mg,Tablet,Oral,01050300/08010300/10010302/13050300,Products Affecting The Immune Response In Chronic Bowel Problems/Antimetabolites/Drugs Affecting The Immune Response In Rheumatic Disease/Drugs Affecting The Immune Response For Eczema And Psoriasis,September 2013
25926,92775001000027100,59800020,26,Methyltestosterone 5mg Tablet,Methyltestosterone,5mg,Tablet,Oral,06040200,Male Sex Hormones And Antagonists,February 2009
9785,62915001000027104,55874020,97539,Remedeine 30mg+500mg Tablet (Napp Pharmaceuticals Ltd),Dihydrocodeine tartrate/Paracetamol,30mg + 500mg,Tablet,Oral,04070100/04070200,Non-Opioid And Compound Analgesics/Opioid Analgesics,February 2009
72191,17462011000001108,98712020,2,Votrient 400mg tablets (Novartis Pharmaceuticals UK Ltd),Pazopanib hydrochloride,400mg,Tablet,Oral,08010551,Protein Kinase Inhibitors,May 2018
62533,41948111000001104,31382021,123,Demeclocycline 150mg tablets,Demeclocycline hydrochloride,150mg,Tablet,Oral,05010300/06050200,Tetracyclines/Posterior Pituitary Hormones And Antagonists,March 2015
9193,225555001000027100,84058020,25,Paracetamol 500mg with sodium bicarbonate 1342 mg effervescent tablet,Paracetamol/Sodium Bicarbonate,500mg + 1342mg,Effervescent Tablet,Oral,04070100,Non-Opioid And Compound Analgesics,February 2009
3983,39722911000001104,54342020,114703,Vitamins A and D capsules BPC 1973,Vitamin A/Vitamin D,4000unit + 400unit,Capsule,Oral,09060100/09060400,Vitamin A/Vitamin D,February 2009
71823,41768011000001104,20052021,15,Pomalidomide 4mg capsules,Pomalidomide,4mg,Capsule,Oral,08020400,Other Immunomodulating Drugs,April 2018
11986,183925001000027100,72974020,129,Medinol 120mg/5ml Oral suspension (SSL International Plc),Paracetamol,120mg/5ml,Oral Suspension,Oral,04070100,Non-Opioid And Compound Analgesics,February 2009
9129,136625001000027100,65984020,136,Paracetamol 250mg with aspirin 250mg & codeine 6.8mg tablet,Codeine Phosphate/Paracetamol/Aspirin,250mg+250mg+6.8mg,Tablets,Oral,04070100,Non-Opioid And Compound Analgesics,February 2009
36993,9626911000001108,71989020,11539,Co-codamol 30mg/500mg capsules (Teva UK Ltd),Codeine phosphate/Paracetamol,30mg + 500mg,Capsule,Oral,04070100/04070200,Non-Opioid And Compound Analgesics/Opioid Analgesics,February 2009
2846,136745001000027100,65994020,31103,Paracetamol 500mg with codeine phosphate 30mg effervescent tablet,Codeine Phosphate/Paracetamol,500mg + 30mg,Effervescent Tablet,Oral,04070100/04070200,Non-Opioid And Compound Analgesics/Opioid Analgesics,February 2009
38508,13665711000001108,95362020,5520,Epilim Chronosphere MR 250mg granules sachets (Sanofi),Sodium valproate,250mg,Modified-release granules,Oral,04080100,Control Of Epilepsy,February 2009
8139,2844511000001108,62452020,26937,Midrid 325mg/65mg capsules (DHP Healthcare Ltd),Paracetamol/Isometheptene mucate,325mg + 65mg,Capsule,Oral,04070100,Non-Opioid And Compound Analgesics,February 2009
45419,13718811000001104,98807020,333,Sodium valproate 50mg modified-release granules sachets sugar free,Sodium valproate,50mg,Modified-release granules,Oral,04080100,Control Of Epilepsy,June 2011
53117,17962811000001100,78607020,0,Tetracycline 250mg tablets (Almus Pharmaceuticals Ltd),Tetracycline hydrochloride,250mg,Tablet,Oral,00000000,Unknown,January 2013
9931,201675001000027100,76666020,305,Mothers and children's vitamin Oral drops (SSL International Plc),Vitamin A/Vitamin D/Ascorbic Acid,,Oral Drops,Oral,09060700,Multivitamin And Multimineral Preparations,February 2009
3185,154925001000027100,68499020,141119,Paracetamol 500mg with codeine phosphate 30mg capsule,Codeine Phosphate/Paracetamol,500mg + 30mg,Capsules,Oral,04070100/04070200,Non-Opioid And Compound Analgesics/Opioid Analgesics,February 2009
78297,14963911000001108,07340020,0,Methotrexate 10mg tablets (Orion Pharma (UK) Ltd),Methotrexate,10mg,Tablet,Oral,01050300/08010300/10010302/13050300,Products Affecting The Immune Response In Chronic Bowel Problems/Antimetabolites/Drugs Affecting The Immune Response In Rheumatic Disease/Drugs Affecting The Immune Response For Eczema And Psoriasis,November 2019
5498,176535001000027100,71764020,106,Propain caplet (Sankyo Pharma UK Ltd),Caffeine/Codeine Phosphate/Paracetamol/Diphenhydramine Hydrochloride,400mg+10mg+5mg+50mg,Tablet,Oral,03040102/04070100,Sedating Antihistamines/Non-Opioid And Compound Analgesics,February 2009
46774,84011000001105,59989020,187,Sodium valproate 500mg gastro-resistant tablets (Teva UK Ltd),Sodium valproate,500mg,Gastro-resistant tablet,Oral,04080100,Control Of Epilepsy,February 2012
15367,4915111000001107,73478020,276,Anadin Extra tablets (Haleon UK Ltd),Aspirin/Paracetamol/Caffeine,300mg + 200mg + 45mg,Tablet,Oral,04070500,Other Non Opioid Analgesics,February 2009
9101,143035001000027100,66919020,75,Testosterone 10mg tablets,Testosterone,10mg,Tablets,Oral,06040200,Male Sex Hormones And Antagonists,February 2009
77514,19664811000001104,38533020,11,Sodium valproate 500mg gastro-resistant tablets (Wockhardt UK Ltd),Sodium valproate,500mg,Gastro-resistant tablet,Oral,04080100,Control Of Epilepsy,August 2019
46807,11404211000001106,75447020,12,Doxycycline 100mg capsules (Almus Pharmaceuticals Ltd),Doxycycline hyclate,100mg,Capsule,Oral,05010300/05040100/13060201,Tetracyclines/Antimalarials/Oral Antibacterials For Acne,February 2012
42190,216255001000027100,81334020,2,Nicotinic acid with colecalciferol and calcium gluconate Tablet,Calcium Gluconate/Colecalciferol/Nicotinic Acid,,Tablet,Oral,02060400,Peripheral Vasodilators And Related Products,April 2010
35024,11475211000001102,93459020,27186,Sodium valproate 300mg modified-release capsules,Sodium valproate,300mg,Modified-release capsule,Oral,04080100,Control Of Epilepsy,February 2009
48354,39024711000001104,04259020,297532,Paracetamol 120mg/5ml oral suspension paediatric sugar free,Paracetamol,24mg/1ml,Oral suspension,Oral,04070100,Non-Opioid And Compound Analgesics,January 2013
84308,200611000001103,04260020,36,Paracetamol 120mg/5ml oral suspension paediatric sugar free (Approved Prescription Services Ltd),Paracetamol,24mg/1ml,Oral suspension,Oral,04070100,Non-Opioid And Compound Analgesics,August 2021
72045,24135711000001100,23122021,0,Methotrexate 10mg tablets (Morningside Healthcare Ltd),Methotrexate,10mg,Tablet,Oral,01050300/08010300/10010302/13050300,Products Affecting The Immune Response In Chronic Bowel Problems/Antimetabolites/Drugs Affecting The Immune Response In Rheumatic Disease/Drugs Affecting The Immune Response For Eczema And Psoriasis,April 2018
63551,18870211000001108,04321020,43,Co-codamol 8mg/500mg effervescent tablets (Vantage),Codeine phosphate/Paracetamol,8mg + 500mg,Effervescent tablet,Oral,04070100/04070200,Non-Opioid And Compound Analgesics/Opioid Analgesics,July 2015
34414,93865001000027100,59953020,6,Sodium valproate 200mg Tablet (Sterwin Medicines),Sodium valproate,200mg,Gastro-resistant tablet,Oral,04080100,Control Of Epilepsy,February 2009
52606,14709211000001104,07336020,0,Methotrexate 2.5mg tablets (Sigma Pharmaceuticals Plc),Methotrexate,2.5mg,Tablet,Oral,01050300/08010300/10010302/13050300,Products Affecting The Immune Response In Chronic Bowel Problems/Antimetabolites/Drugs Affecting The Immune Response In Rheumatic Disease/Drugs Affecting The Immune Response For Eczema And Psoriasis,January 2013
3450,41791811000001104,64427020,111668,Mercaptopurine 50mg tablets,Mercaptopurine,50mg,Tablet,Oral,01050300/08010300,Products Affecting The Immune Response In Chronic Bowel Problems/Antimetabolites,February 2009
7818,266211000001102,63678020,7788,Rifater tablets (Sanofi),Pyrazinamide/Rifampicin/Isoniazid,300mg + 120mg + 50mg,Tablet,Oral,05010900,Antituberculosis Drugs,February 2009
57839,22033611000001108,14608021,1,Co-codamol 15mg/500mg tablets (Waymade Healthcare Plc),Codeine phosphate/Paracetamol,15mg + 500mg,Tablet,Oral,04070100/04070200,Non-Opioid And Compound Analgesics/Opioid Analgesics,December 2013
42082,4334111000001107,79077020,29,VFEND 50mg tablets (Pfizer Ltd),Voriconazole,50mg,Tablet,Oral,05020100,Triazole Antifungals,April 2010
13008,17315001000027108,50201020,8369,Adult multivitamins and minerals Capsule (BioCare Ltd),Pantothenic Acid/Biotin/Zinc Citrate/Magnesium Ascorbate/Pyridoxal-5-Phosphate/Calcium Citrate/Silica/Aminobenzoic Acid/Manganese Ascorbate/Vitamin A Acetate/Chromium Polynicotinate/Potassium Molybdate/Selenomethionine/Folic Acid/Hydroxocobalam,,Capsule,Oral,09060700,Multivitamin And Multimineral Preparations,February 2009
78304,19495011000001108,09973020,2,Isotretinoin 40mg capsules (Viatris UK Healthcare Ltd),Isotretinoin,40mg,Capsule,Oral,13060203,Oral Retinoids For Acne,November 2019
12447,21755001000027104,50754020,30,Norgesic Tablet (3M Health Care Ltd),Paracetamol/Orphenadrine Hydrochloride,,Tablet,Oral,10020200,Skeletal Muscle Relaxants,February 2009
28346,118775001000027100,63637020,5124,Paracetamol 500mg Tablet (M & A Pharmachem Ltd),Paracetamol,500mg,Tablet,Oral,04070100,Non-Opioid And Compound Analgesics,February 2009
34939,62565001000027104,55837020,12,Co-dydramol 10mg+500mg Tablet (Duncan Flockhart Ltd),Dihydrocodeine tartrate/Paracetamol,10mg + 500mg,Tablet,Oral,04070100/04070200,Non-Opioid And Compound Analgesics/Opioid Analgesics,February 2009
60515,10496011000001102,28355020,50,"Arovit 150,000units/ml drops (Imported (Italy))",Vitamin A,150000unit/1ml,Oral drops,Oral,09060100,Vitamin A,July 2014
39039,39108211000001104,96128020,55832,Sodium valproate 200mg modified-release tablets,Sodium valproate,200mg,Modified-release tablet,Oral,04080100,Control Of Epilepsy,February 2009
4718,18955001000027104,50406020,6528,Migraleve - 1 Tablet (Pfizer Consumer Healthcare Ltd),Buclizine Hydrochloride/Codeine Phosphate/Paracetamol,,Tablet,Oral,03040102/04070401,Sedating Antihistamines/Acute Migraine,February 2009
62169,5020311000001105,65245020,1,Co-codamol 8mg/500mg tablets (Vantage),Codeine phosphate/Paracetamol,8mg + 500mg,Tablet,Oral,04070100,Non-Opioid And Compound Analgesics,January 2015
69534,134011000001106,04306020,35,Co-proxamol 32.5mg/325mg tablets (Alliance Healthcare (Distribution) Ltd),Dextropropoxyphene hydrochloride/Paracetamol,32.5mg + 325mg,Tablet,Oral,04070100,Non-Opioid And Compound Analgesics,May 2017
59542,14758011000001100,05796020,203,Vibramycin-D 100mg dispersible tablets (Sigma Pharmaceuticals Plc),Doxycycline monohydrate,100mg,Dispersible tablet,Oral,05010300/05040100/13060201,Tetracyclines/Antimalarials/Oral Antibacterials For Acne,April 2014
8295,99255001000027100,60896020,13,Ethambutol with Isoniazid 300mg with 100mg tablets,Ethambutol Hydrochloride/Isoniazid,300mg + 100mg,Tablets,Oral,05010900,Antituberculosis Drugs,February 2009
77663,225711000001107,04273020,3,Paracetamol 250mg/5ml oral suspension sugar free (Kent Pharma (UK) Ltd),Paracetamol,50mg/1ml,Oral suspension,Oral,04070100,Non-Opioid And Compound Analgesics,August 2019
49219,298211000001104,04239020,2685,Calpol Infant Original 120mg/5ml oral suspension (McNeil Products Ltd),Paracetamol,24mg/1ml,Oral suspension,Oral,04070100,Non-Opioid And Compound Analgesics,January 2013
3107,739111000001100,74925020,1051347,Epilim Chrono 500 tablets (Sanofi),Sodium valproate,500mg,Modified-release tablet,Oral,04080100,Control Of Epilepsy,February 2009
16737,2873211000001106,56158020,11383,HealthAid Multivitamin capsules (Pharmadass Ltd),Vitamin D/Ascorbic acid/Nicotinamide/Riboflavin/Thiamine hydrochloride/Vitamin A,300unit + 15mg + 7.5mg + 500microgram + 1mg + 2500unit,Capsule,Oral,09060700,Multivitamin And Multimineral Preparations,February 2009
81667,36866311000001104,86449021,12,Voriconazole 100mg tablets,Voriconazole,100mg,Tablet,Oral,05020100,Triazole Antifungals,September 2020
34266,72625001000027100,57285020,4,Tixymol 120mg/5ml Oral suspension (Novartis Consumer Health UK Ltd),Paracetamol,120mg/5ml,Oral Suspension,Oral,04070100,Non-Opioid And Compound Analgesics,February 2009
45645,262155001000027100,99126020,110,Medinol for children 120mg/5ml Oral suspension (SSL International Plc),Paracetamol,120mg/5ml,Oral Suspension,Oral,04070100,Non-Opioid And Compound Analgesics,July 2011
268,2854011000001102,52259020,156552,Vibramycin 100mg capsules (Pfizer Ltd),Doxycycline hyclate,100mg,Capsule,Oral,05010300/05040100,Tetracyclines/Antimalarials,February 2009
58636,8990311000001104,69515020,793,Co-codamol 8mg/500mg effervescent tablets (Teva UK Ltd),Codeine phosphate/Paracetamol,8mg + 500mg,Effervescent tablet,Oral,04070100/04070200,Non-Opioid And Compound Analgesics/Opioid Analgesics,January 2014
9014,31305001000027108,51899020,23168,Tetrabid-organon 250mg Capsule (Organon Laboratories Ltd),Tetracycline hydrochloride,250mg,Capsule,Oral,05010300/13060201,Tetracyclines/Oral Antibacterials For Acne,February 2009
9855,42010711000001104,66016020,417952,Co-dydramol 20mg/500mg tablets,Dihydrocodeine tartrate/Paracetamol,20mg + 500mg,Tablet,Oral,04070100/04070200,Non-Opioid And Compound Analgesics/Opioid Analgesics,February 2009
14676,205275001000027100,77683020,246,Paracetamol 500mg with codeine phosphate 8mg & caffeine 30mg effervescent tablet,Caffeine/Codeine Phosphate/Paracetamol,500mg+8mg+30mg,Effervescent Tablet,Oral,04070100/04070200,Non-Opioid And Compound Analgesics/Opioid Analgesics,February 2009
10178,4924611000001109,89794020,1226,Solpadeine Plus capsules (Omega Pharma Ltd),Codeine phosphate/Caffeine/Paracetamol,8mg + 30mg + 500mg,Capsule,Oral,04070100/04070200,Non-Opioid And Compound Analgesics/Opioid Analgesics,February 2009
8335,772811000001100,57693020,1022,Paracodol 8mg/500mg capsules (Bayer Plc),Codeine phosphate/Paracetamol,8mg + 500mg,Capsule,Oral,04070100/04070200,Non-Opioid And Compound Analgesics/Opioid Analgesics,February 2009
80337,37896911000001104,90529021,0,Doxycycline 100mg capsules (Dawa Ltd),Doxycycline hyclate,100mg,Capsule,Oral,05010300/05040100/13060201,Tetracyclines/Antimalarials/Oral Antibacterials For Acne,April 2020
7205,550611000001102,54172020,920,Panadol 500mg capsules (Haleon UK Ltd),Paracetamol,500mg,Capsule,Oral,04070100,Non-Opioid And Compound Analgesics,February 2009
28747,50615001000027104,54344020,344,Vitamins a & d high strength capsules,Vitamin A/Vitamin D,,Capsules High Strength,Oral,09060100/09060400,Vitamin A/Vitamin D,February 2009
64387,22636411000001108,16705021,0,Co-codamol 30mg/500mg tablets (DE Pharmaceuticals),Codeine phosphate/Paracetamol,30mg + 500mg,Tablet,Oral,04070100/04070200,Non-Opioid And Compound Analgesics/Opioid Analgesics,October 2015
41401,109935001000027100,62439020,190,Vitamin bpc Capsule (Select),Vitamin D/Ascorbic acid/Nicotinamide/Riboflavin/Thiamine hydrochloride/Vitamin A,300unit + 15mg + 7.5mg + 500microgram + 1mg + 2500unit,Capsule,Oral,09060700,Multivitamin And Multimineral Preparations,March 2010
61085,21796211000001108,47526020,1,Methotrexate 2.5mg tablets (Waymade Healthcare Plc),Methotrexate,2.5mg,Tablet,Oral,01050300/08010300/10010302/13050300,Products Affecting The Immune Response In Chronic Bowel Problems/Antimetabolites/Drugs Affecting The Immune Response In Rheumatic Disease/Drugs Affecting The Immune Response For Eczema And Psoriasis,September 2014
12891,225135001000027100,83973020,108,Superted multivitamins & iron Chewable tablet (Chefaro UK Ltd),Stearic Acid (E570)/Magnesium Stearate (E572)/Pyridoxine Hydrochloride/Thiamine Nitrate/Vitamin A/Ferrous Sulphate/Ascorbic Acid/Riboflavin/Colecalciferol/Dicalcium  Phosphate/Folic Acid,,Chewable Tablet,Oral,09060750,-,February 2009
65189,8485311000001109,19795020,7,Doxycycline 50mg/5ml oral suspension,Doxycycline hyclate,10mg/1ml,Oral suspension,Oral,05010300/05040100/13060201,Tetracyclines/Antimalarials/Oral Antibacterials For Acne,January 2016
34151,51765001000027104,54483020,29,Valproate sodium 500mg Gastro-resistant tablet (IVAX Pharmaceuticals UK Ltd),Sodium valproate,500mg,Gastro-resistant tablet,Oral,04080100,Control Of Epilepsy,February 2009
9107,25805001000027108,51231020,1471,Pregnavite Forte F Tablet (Goldshield Pharmaceuticals Ltd),Nicotinamide/Calcium Phosphate/Pyridoxine Hydrochloride/Thiamine Hydrochloride/Vitamin A/Vitamin D/Ferrous Sulphate/Ascorbic Acid/Riboflavin/Folic Acid,,Tablet,Oral,09010101,Oral Iron,February 2009
77195,28050211000001104,40660021,0,Sodium valproate 500mg modified-release tablets (DE Pharmaceuticals),Sodium valproate,500mg,Modified-release tablet,Oral,04080100,Control Of Epilepsy,July 2019
32387,241395001000027100,89626020,96,Adeks Drops (Scandipharm),Pantothenic Acid/Biotin/Ascorbic Acid/Nicotinic Acid/Phytomenadione/Riboflavin/Pyridoxine/Alpha Tocopherol/Vitamin A/Zinc Sulphate/Colecalciferol/Beta Carotene/Thiamine/Vitamin B12,,Drops,Oral,09060750,-,February 2009
39793,684311000001103,96395020,399,Neotigason 25mg capsules (Teva UK Ltd),Acitretin,25mg,Capsule,Oral,13050201,Oral Retinoids For Psoriasis,July 2009
40796,36564611000001104,97281020,15690,Doxycycline 40mg modified-release capsules,Doxycycline monohydrate,40mg,Modified-release capsule,Oral,05010300/13060000,Tetracyclines/Acne And Rosacea,November 2009
78552,143355001000027100,66957020,4,Tetracycline 250mg modified release capsules,Tetracycline Hydrochloride,,,,05010300/13060201,Tetracyclines/Oral Antibacterials For Acne,November 2019
6875,41951111000001104,56024020,3801,Isoniazid 50mg tablets,Isoniazid,50mg,Tablet,Oral,05010900,Antituberculosis Drugs,February 2009
24075,67111000001103,56741020,1762,Mandanol 500mg caplets (M & A Pharmachem Ltd),Paracetamol,500mg,Tablet,Oral,04070100,Non-Opioid And Compound Analgesics,February 2009
3413,621011000001105,57785020,18983,Minocin 100mg tablets (Wyeth Pharmaceuticals),Minocycline hydrochloride,100mg,Tablet,Oral,05010300/05011000/13060201,Tetracyclines/Antileprotic Drugs/Oral Antibacterials For Acne,February 2009
6886,103805001000027100,61569020,14568,Codeine phosphate 30mg with paracetamol 500mg tablets,Codeine Phosphate/Paracetamol,30mg + 500mg,Tablets,Oral,04070100/04070200,Non-Opioid And Compound Analgesics/Opioid Analgesics,February 2009
83174,11005911000001106,78906020,1,Co-codamol 30mg/500mg capsules (Actavis UK Ltd),Codeine phosphate/Paracetamol,30mg + 500mg,Capsule,Oral,00000000,Unknown,March 2021
61851,17840611000001100,14144020,1,Boots Max Strength sinus relief capsules (The Boots Company Plc),Caffeine/Phenylephrine hydrochloride/Paracetamol,25mg + 6.1mg + 500mg,Capsule,Oral,03095000,Miscellaneous Cough & Cold Preparations,December 2014
41815,221745001000027100,82991020,844,Vitamins a & d with other vitamins capsules,Nicotinamide/Cyanocobalamin/Pyridoxine Hydrochloride/Thiamine Nitrate/Vitamin A/Vitamin D/Pantothenic Acid/Ascorbic Acid/Riboflavin/Alpha Tocopherol/Folic Acid/Eicosapentaenoic Acid/Docosahexaenoic Acid,,Capsules,Oral,09060700,Multivitamin And Multimineral Preparations,April 2010
58214,21676411000001108,46638020,1,Lemsip Cough Max for Mucus Cough & Cold 500mg/100mg/6.1mg capsules (Reckitt Benckiser Healthcare (UK) Ltd),Phenylephrine hydrochloride/Paracetamol/Guaifenesin,6.1mg + 500mg + 100mg,Capsule,Oral,03095000,Miscellaneous Cough & Cold Preparations,December 2013
32093,16743011000001104,50184020,223,Paracetamol 250mg/5ml oral suspension (Rosemont Pharmaceuticals Ltd),Paracetamol,50mg/1ml,Oral suspension,Oral,04070100,Non-Opioid And Compound Analgesics,February 2009
25529,205245001000027100,77680020,22,Paracetamol 500mg with codeine phosphate 8mg & caffeine 30mg tablet,Caffeine/Codeine Phosphate/Paracetamol,500mg+8mg+30mg,Tablets,Oral,04070100/04070200,Non-Opioid And Compound Analgesics/Opioid Analgesics,February 2009
21860,232135001000027100,85889020,94,Cyclodox 100mg Capsule (Berk Pharmaceuticals Ltd),Doxycycline hyclate,100mg,Capsule,Oral,05010300/05040100,Tetracyclines/Antimalarials,February 2009
38088,154935001000027100,68500020,151,Paracetamol 500mg with codeine phosphate 30 mg tablet,Codeine Phosphate/Paracetamol,500mg + 30mg,Tablets,Oral,04070100/04070200,Non-Opioid And Compound Analgesics/Opioid Analgesics,February 2009
19239,180595001000027100,72393020,27,Multivitamins with minerals and trace elements Tablet,Biotin/Sodium Molybdate/Ascorbic Acid/Calcium Pantothenate/Copper Sulphate/Folic Acid/Ferrous Fumarate/Magnesium Oxide/Manganese Sulphate/Nicotinamide/Potassium Chloride/Potassium Iodide/Riboflavin/Pyridoxine/Alpha Tocopherol/Vitamin A/Vitamin,,Tablet,Oral,09060750,-,February 2009
48295,39024611000001104,04271020,556360,Paracetamol 250mg/5ml oral suspension sugar free,Paracetamol,50mg/1ml,Oral suspension,Oral,04070100,Non-Opioid And Compound Analgesics,January 2013
68690,30123211000001108,53522021,0,Doxycycline 100mg capsules (Mawdsley-Brooks & Company Ltd),Doxycycline hyclate,100mg,Capsule,Oral,05010300/05040100/13060201,Tetracyclines/Antimalarials/Oral Antibacterials For Acne,January 2017
55245,18106711000001100,04309020,0,Co-proxamol 32.5mg/325mg tablets (Phoenix Healthcare Distribution Ltd),Dextropropoxyphene hydrochloride/Paracetamol,32.5mg + 325mg,Tablet,Oral,04070100,Non-Opioid And Compound Analgesics,May 2013
30954,526911000001107,51142020,1624,Co-proxamol 32.5mg/325mg tablets (Actavis UK Ltd),Dextropropoxyphene hydrochloride/Paracetamol,32.5mg + 325mg,Tablet,Oral,04070100,Non-Opioid And Compound Analgesics,February 2009
38032,10275111000001100,72716020,3,Paracetamol 500mg capsules (Teva UK Ltd),Paracetamol,500mg,Capsule,Oral,04070100,Non-Opioid And Compound Analgesics,February 2009
77505,27008211000001104,29689021,2,Paracetamol 500mg / Dihydrocodeine 20mg tablets (Icarus Pharmaceuticals Ltd),Dihydrocodeine tartrate/Paracetamol,20mg + 500mg,Tablet,Oral,04070100/04070200,Non-Opioid And Compound Analgesics/Opioid Analgesics,August 2019
49524,85011000001109,04272020,5363,Paracetamol 250mg/5ml oral suspension sugar free (Alliance Healthcare (Distribution) Ltd),Paracetamol,50mg/1ml,Oral suspension,Oral,04070100,Non-Opioid And Compound Analgesics,January 2013
14127,228305001000027100,84980020,1367,Adeks Tablet (Scandipharm),Betacarotene/Zinc Oxide/Biotin/Cyanocobalamin/Phytomenadione/Pyridoxine/Thiamine/Vitamin A/Pantothenic Acid/Ascorbic Acid/Riboflavin/Alpha Tocopherol/Colecalciferol/Nicotinic Acid/Folic Acid,,Tablet,Oral,09060750,-,February 2009
83995,22450211000001108,15894021,20,Paracetamol 1g suppositories (DE Pharmaceuticals),Paracetamol,1gram,Suppository,Rectal,04070100,Non-Opioid And Compound Analgesics,June 2021
78143,33426011000001108,70398021,0,Voriconazole 50mg tablets (A A H Pharmaceuticals Ltd),Voriconazole,50mg,Tablet,Oral,05020100,Triazole Antifungals,October 2019
42213,12872711000001106,75096020,54,Co-codamol 8mg/500mg capsules (Actavis UK Ltd),Codeine phosphate/Paracetamol,8mg + 500mg,Capsule,Oral,04070100,Non-Opioid And Compound Analgesics,May 2010
1689,159925001000027100,69387020,1211309,Paracetamol 120mg/5ml oral suspension sugar free,Paracetamol,120mg/5ml,Oral Suspension Paediatric Sugar-Free,Oral,04070100,Non-Opioid And Compound Analgesics,February 2009
58326,21933211000001100,47434020,0,Doxycycline 50mg capsules (Sovereign Medical Ltd),Doxycycline hyclate,50mg,Capsule,Oral,05010300/05040100/13060201,Tetracyclines/Antimalarials/Oral Antibacterials For Acne,December 2013
4,39690311000001104,58897020,14711055,Co-proxamol 32.5mg/325mg tablets,Dextropropoxyphene hydrochloride/Paracetamol,32.5mg + 325mg,Tablet,Oral,04070100,Non-Opioid And Compound Analgesics,February 2009
63900,22637011000001100,16703021,0,Co-codamol 8mg/500mg tablets (DE Pharmaceuticals),Codeine phosphate/Paracetamol,8mg + 500mg,Tablet,Oral,04070100/04070200,Non-Opioid And Compound Analgesics/Opioid Analgesics,July 2015
78305,8992011000001103,69497020,2,Isotretinoin 20mg capsules (Alliance Pharmaceuticals Ltd),Isotretinoin,20mg,Capsule,Oral,13060203,Oral Retinoids For Acne,November 2019
49376,19730911000001104,38483020,0,Amiodarone 100mg tablets (Medreich Plc),Amiodarone hydrochloride,100mg,Tablet,Oral,02030201,Supraventricular & Ventricular Arrhythmias,January 2013
34926,254511000001104,54134020,27,Minocycline 100mg tablets (A A H Pharmaceuticals Ltd),Minocycline hydrochloride,100mg,Tablet,Oral,05010300/05011000/13060201,Tetracyclines/Antileprotic Drugs/Oral Antibacterials For Acne,February 2009
24583,36031611000001104,87149020,1391,Nicotinic acid 750mg modified-release tablets,Nicotinic acid,750mg,Modified-release tablet,Oral,00000000,Unknown,February 2009
32092,67385001000027104,56498020,9,Flutamide 250mg Tablet (Orion Pharma (UK) Ltd),Flutamide,250mg,Tablet,Oral,08030402,Prostate Cancer,February 2009
30739,10724511000001104,54616020,662,Doxycycline 100mg capsules (Teva UK Ltd),Doxycycline hyclate,100mg,Capsule,Oral,05010300/05040100/13060201,Tetracyclines/Antimalarials/Oral Antibacterials For Acne,February 2009
29456,128811000001106,59557020,33,Amiodarone 200mg tablets (Sandoz Ltd),Amiodarone hydrochloride,200mg,Tablet,Oral,02030201,Supraventricular & Ventricular Arrhythmias,February 2009
53679,7382511000001107,04328020,237,Co-codamol 30mg/500mg effervescent tablets (A A H Pharmaceuticals Ltd),Codeine phosphate/Paracetamol,30mg + 500mg,Effervescent tablet,Oral,04070100/04070200,Non-Opioid And Compound Analgesics/Opioid Analgesics,February 2013
25607,167945001000027100,70477020,30,Paracetamol 500mg with methionine 250 mg tablet,Methionine/Paracetamol,500mg + 250mg,Tablets,Oral,04070100,Non-Opioid And Compound Analgesics,February 2009
41640,27245001000027108,51410020,63,Isoniazid 100mg Tablet (UCB Pharma Ltd),Isoniazid,100mg,Tablet,Oral,05010900,Antituberculosis Drugs,March 2010
15198,10745001000027108,49344020,383,Co-dydramol 10mg+500mg Tablet (C P Pharmaceuticals Ltd),Dihydrocodeine tartrate/Paracetamol,10mg + 500mg,Tablet,Oral,04070100/04070200,Non-Opioid And Compound Analgesics/Opioid Analgesics,February 2009
6558,7386811000001106,87618020,159428,Tramadol 37.5mg / Paracetamol 325mg tablets,Paracetamol/Tramadol hydrochloride,325mg + 37.5mg,Tablet,Oral,04070200,Opioid Analgesics,February 2009
54224,463511000001106,56571020,4,Amiodarone 100mg tablets (Actavis UK Ltd),Amiodarone hydrochloride,100mg,Tablet,Oral,02030201,Supraventricular & Ventricular Arrhythmias,March 2013
28955,4621811000001105,79012020,230,Panadol ActiFast 500mg tablets (Haleon UK Ltd),Paracetamol,500mg,Tablet,Oral,04070100,Non-Opioid And Compound Analgesics,February 2009
21878,2852111000001109,51712020,1629,Demix 100 capsules (Ashbourne Pharmaceuticals Ltd),Doxycycline hyclate,100mg,Capsule,Oral,05010300/05040100,Tetracyclines/Antimalarials,February 2009
264,41948611000001110,76011020,361028,Doxycycline 50mg capsules,Doxycycline hyclate,50mg,Capsule,Oral,05010300/05040100/13060201,Tetracyclines/Antimalarials/Oral Antibacterials For Acne,February 2009
61124,24390111000001108,23714021,2985,Paracetamol 500mg caplets (Bristol Laboratories Ltd),Paracetamol,500mg,Tablet,Oral,04070100,Non-Opioid And Compound Analgesics,September 2014
45348,143825001000027100,67018020,3,Paracetamol 120mg/5ml Oral suspension (Nucare Plc),Paracetamol,120mg/5ml,Oral Suspension,Oral,04070100,Non-Opioid And Compound Analgesics,May 2011
32970,895411000001103,81823020,14,Paracets 500mg capsules (Sussex Pharmaceutical Ltd),Paracetamol,500mg,Capsule,Oral,04070100,Non-Opioid And Compound Analgesics,February 2009
47211,10299411000001104,73202020,1,Paracetamol 500mg capsules (Focus Pharmaceuticals Ltd),Paracetamol,500mg,Capsule,Oral,04070100,Non-Opioid And Compound Analgesics,May 2012
73633,9784311000001104,70943020,0,Amiodarone 200mg tablets (Almus Pharmaceuticals Ltd),Amiodarone hydrochloride,200mg,Tablet,Oral,02030201,Supraventricular & Ventricular Arrhythmias,November 2018
41585,34715001000027100,52306020,499,Methotrexate sodium 2.5mg Tablet (Wyeth Pharmaceuticals),Methotrexate,2.5mg,Tablet,Oral,01050300/08010300,Products Affecting The Immune Response In Chronic Bowel Problems/Antimetabolites,March 2010
53197,15175811000001104,04819020,4,Sodium valproate 300mg modified-release tablets (Sigma Pharmaceuticals Plc),Sodium valproate,300mg,Modified-release tablet,Oral,04080100,Control Of Epilepsy,January 2013
34594,119205001000027100,63696020,3,Doxycycline 100mg Capsule (Neo Laboratories Ltd),Doxycycline hyclate,100mg,Capsule,Oral,05010300/05040100,Tetracyclines/Antimalarials,February 2009
21453,155765001000027100,68665020,76,Retrovir 100mg Capsule (GlaxoSmithKline UK Ltd),Zidovudine,100mg,Capsule,Oral,05030150,Nucleoside Reverse Transcriptase Inhibitors,February 2009
15241,204775001000027100,77583020,236,Sudafed non-drowsy dual relief Capsule (Pfizer Consumer Healthcare Ltd),Caffeine/Paracetamol/Phenylephrine Hydrochloride,,Capsule,Oral,03100000/04070100,Systemic Nasal Decongestants/Non-Opioid And Compound Analgesics,February 2009
48535,14785311000001100,04213020,1679,Paracetamol 500mg caplets (Rusco Ltd),Paracetamol,500mg,Tablet,Oral,04070100,Non-Opioid And Compound Analgesics,January 2013
59479,11005911000001106,04337020,5,Co-codamol 30mg/500mg capsules (Actavis UK Ltd),Codeine phosphate/Paracetamol,30mg + 500mg,Capsule,Oral,04070100/04070200,Non-Opioid And Compound Analgesics/Opioid Analgesics,April 2014
33386,19575511000001104,51550020,259,Paracetamol 120mg/5ml oral suspension paediatric (A A H Pharmaceuticals Ltd),Paracetamol,24mg/1ml,Oral suspension,Oral,04070100,Non-Opioid And Compound Analgesics,February 2009
29375,86115001000027100,58862020,2,Pameton Tablet (GlaxoSmithKline UK Ltd),Methionine/Paracetamol,,Tablet,Oral,04070100,Non-Opioid And Compound Analgesics,February 2009
36488,9479611000001104,71799020,6,Co-codamol 30mg/500mg capsules (Viatris UK Healthcare Ltd),Codeine phosphate/Paracetamol,30mg + 500mg,Capsule,Oral,04070100,Non-Opioid And Compound Analgesics,February 2009
15251,209345001000027100,79108020,369,Pregnacare Capsule (Vitabiotics Ltd),Ascorbic Acid/Copper/Folic Acid/Iodine/Iron/Magnesium/Nicotinic Acid/Riboflavin/Pyridoxine/Soya Oil/Vitamin D/Zinc/Alpha Tocopheryl Hydrogen Succinate/Selenium/Beta Carotene/Vitamin K/Thiamine/Vitamin B12,,Capsule,Oral,09060750,-,February 2009
34077,7975911000001107,68208020,454,Minocycline 100mg modified-release capsules (A A H Pharmaceuticals Ltd),Minocycline hydrochloride,100mg,Modified-release capsule,Oral,05010300/05011000/13060201,Tetracyclines/Antileprotic Drugs/Oral Antibacterials For Acne,February 2009
3734,489711000001100,74923020,599999,Epilim Chrono 200 tablets (Sanofi),Sodium valproate,200mg,Modified-release tablet,Oral,04080100,Control Of Epilepsy,February 2009
81222,32807711000001104,69025021,0,Paracetamol 500mg tablets (Genesis Pharmaceuticals Ltd),Paracetamol,500mg,Tablet,Oral,04070100,Non-Opioid And Compound Analgesics,July 2020
75920,17886911000001102,04333020,196,Co-codamol 30mg/500mg effervescent tablets (Phoenix Healthcare Distribution Ltd),Codeine phosphate/Paracetamol,30mg + 500mg,Effervescent tablet,Oral,04070100/04070200,Non-Opioid And Compound Analgesics/Opioid Analgesics,April 2019
188,318187007,60110020,1709713,Amiodarone 200mg tablets,Amiodarone hydrochloride,200mg,Tablet,Oral,02030201,Supraventricular & Ventricular Arrhythmias,February 2009
24480,4923411000001108,81700020,67,Night Nurse capsules (Haleon UK Ltd),Dextromethorphan hydrobromide/Paracetamol/Promethazine hydrochloride,7.5mg + 500mg + 10mg,Capsule,Oral,03095000,Miscellaneous Cough & Cold Preparations,February 2009
81571,22154611000001104,14739021,22,Mercaptopurine 25mg capsules,Mercaptopurine,25mg,Capsule,Oral,01050300/08010300,Products Affecting The Immune Response In Chronic Bowel Problems/Antimetabolites,September 2020
23405,2853411000001108,75139020,100,Doxylar 100mg capsules (Sandoz Ltd),Doxycycline hyclate,100mg,Capsule,Oral,05010300/05040100,Tetracyclines/Antimalarials,February 2009
68252,21032311000001104,43837020,1,Co-codamol 30mg/500mg tablets (Bristol Laboratories Ltd),Codeine phosphate/Paracetamol,30mg + 500mg,Tablet,Oral,04070100/04070200,Non-Opioid And Compound Analgesics/Opioid Analgesics,November 2016
88447,40848511000001104,02979022,1,Parasolve 500mg effervescent tablets (Kent Pharma (UK) Ltd),Paracetamol,500mg,Effervescent tablet,Oral,04070100,Non-Opioid And Compound Analgesics,July 2023
14912,215605001000027100,81048020,3735,Codeine phosphate 8mg with Paracetamol 500mg capsules,Codeine Phosphate/Paracetamol,8mg+500mg,Capsules,Oral,04070100/04070200,Non-Opioid And Compound Analgesics/Opioid Analgesics,February 2009
34784,928611000001105,59364020,66,Co-codamol 8mg/500mg effervescent tablets (Sandoz Ltd),Codeine phosphate/Paracetamol,8mg + 500mg,Effervescent tablet,Oral,04070100,Non-Opioid And Compound Analgesics,February 2009
67753,18145611000001104,78630020,1,Co-codamol 8mg/500mg tablets (Wockhardt UK Ltd),Codeine phosphate/Paracetamol,8mg + 500mg,Tablet,Oral,04070100/04070200,Non-Opioid And Compound Analgesics/Opioid Analgesics,October 2016
70018,17849411000001108,04216020,48,Boots Paracetamol 500mg caplets (The Boots Company Plc),Paracetamol,500mg,Tablet,Oral,04070100,Non-Opioid And Compound Analgesics,September 2017
55530,17888211000001108,04305020,0,Co-dydramol 10mg/500mg tablets (Phoenix Healthcare Distribution Ltd),Dihydrocodeine tartrate/Paracetamol,10mg + 500mg,Tablet,Oral,04070100/04070200,Non-Opioid And Compound Analgesics/Opioid Analgesics,June 2013
41680,65035001000027104,56179020,8,Paracetamol 120mg/5ml Oral suspension sugar free (IVAX Pharmaceuticals UK Ltd),Paracetamol,120mg/5ml,Oral Suspension,Oral,04070100,Non-Opioid And Compound Analgesics,March 2010
31871,216205001000027100,81313020,32,Paracetamol 450mg with codeine phosphate 8.1mg tablet,Codeine Phosphate/Paracetamol,450mg + 8.1mg,Tablets,Oral,04070100/04070200,Non-Opioid And Compound Analgesics/Opioid Analgesics,February 2009
73654,14781211000001104,76387020,0,Isotretinoin 20mg capsules (Sandoz Ltd),Isotretinoin,20mg,Capsule,Oral,13060203,Oral Retinoids For Acne,November 2018
3074,35369011000001104,57015020,7192,Paracetamol 120mg soluble tablets sugar free,Paracetamol,120mg,Soluble tablet,Oral,00000000,Unknown,February 2009
72111,35107711000001108,79490021,721,Co-dydramol 20mg/500mg tablets (A A H Pharmaceuticals Ltd),Dihydrocodeine tartrate/Paracetamol,20mg + 500mg,Tablet,Oral,04070100/04070200,Non-Opioid And Compound Analgesics/Opioid Analgesics,May 2018
29373,137265001000027100,66052020,0,Pardale 400mg+9mg+10mg Tablet (Martindale Pharmaceuticals Ltd),Caffeine/Codeine Phosphate/Paracetamol,400mg+9mg+10mg,Tablet,Oral,04070100/04070200,Non-Opioid And Compound Analgesics/Opioid Analgesics,February 2009
28041,8665211000001100,91259020,138,Methotrexate 12.5mg/5ml oral suspension,Methotrexate,2.5mg/1ml,Oral suspension,Oral,01050300/08010300/10010302/13050300,Products Affecting The Immune Response In Chronic Bowel Problems/Antimetabolites/Drugs Affecting The Immune Response In Rheumatic Disease/Drugs Affecting The Immune Response For Eczema And Psoriasis,February 2009
55418,303935001000027140,78863020,0,Paracetamol 500mg Tablet (Almus Pharmaceuticals Ltd),Paracetamol,500mg,Tablet,Oral,04070100,Non-Opioid And Compound Analgesics,May 2013
11250,57085001000027104,55131020,2591,Migraleve - 2 8mg+500mg Tablet (Pfizer Consumer Healthcare Ltd),Codeine phosphate/Paracetamol,8mg + 500mg,Tablet,Oral,04070100/04070200,Non-Opioid And Compound Analgesics/Opioid Analgesics,February 2009
35967,13629811000001108,92507020,2,Paramed Extra Power Pain Control tablets (Galpharm International Ltd),Aspirin/Paracetamol/Caffeine,300mg + 200mg + 45mg,Tablet,Oral,04070500,Other Non Opioid Analgesics,February 2009
1856,14609411000001100,54355020,1355996,Vitamins capsules,Vitamin D/Ascorbic acid/Nicotinamide/Riboflavin/Thiamine hydrochloride/Vitamin A,300unit + 15mg + 7.5mg + 500microgram + 1mg + 2500unit,Capsule,Oral,09060700,Multivitamin And Multimineral Preparations,February 2009
81842,7929711000001108,04291020,1,Co-codamol 8mg/500mg tablets (Lloyds Pharmacy Ltd),Codeine phosphate/Paracetamol,8mg + 500mg,Tablet,Oral,04070100/04070200,Non-Opioid And Compound Analgesics/Opioid Analgesics,September 2020
67839,13003911000001104,33448020,5,Oxytetracycline 250mg/5ml oral suspension,Oxytetracycline dihydrate,50mg/1ml,Oral suspension,Oral,05010300/13060201,Tetracyclines/Oral Antibacterials For Acne,October 2016
30958,4871811000001102,73444020,1,Resolve effervescent granules 8.09g sachets (G.R. Lane Health Products Ltd),Sodium carbonate/Paracetamol/Citric acid anhydrous/Sodium bicarbonate/Ascorbic acid/Potassium bicarbonate,153mg + 1gram + 1.185gram + 808mg + 30mg + 715mg,Effervescent granules,Oral,01010000/04070000,Indigestion And GORD (Gastro-Oesophageal Reflux Disease)/Analgesics,February 2009
57592,10507011000001108,07584020,43,Drogenil 250mg tablets (Dowelhurst Ltd),Flutamide,250mg,Tablet,Oral,08030402,Prostate Cancer,October 2013
18424,200885001000027100,76401020,5169,Methotrexate sodium 2.5mg Tablet,Methotrexate,2.5mg,Tablet,Oral,01050300/08010300,Products Affecting The Immune Response In Chronic Bowel Problems/Antimetabolites,February 2009
7455,31165001000027100,51886020,906,Terramycin 250mg Capsule (Pfizer Ltd),Oxytetracycline Dihydrate,250mg,Capsule,Oral,05010300/13060201,Tetracyclines/Oral Antibacterials For Acne,February 2009
2344,322256005,72999020,28573,Paracetamol 120mg suppositories,Paracetamol,120mg,Suppository,Rectal,04070100,Non-Opioid And Compound Analgesics,February 2009
27837,7987611000001104,78747020,14,Beechams Decongestant Plus with Paracetamol capsules (Haleon UK Ltd),Paracetamol/Caffeine/Phenylephrine hydrochloride,300mg + 25mg + 5mg,Capsule,Oral,03095000,Miscellaneous Cough & Cold Preparations,February 2009
25752,130345001000027100,65210020,0,Nystatin with tetracycline hc Capsule,Nystatin/Tetracycline Hydrochloride,,Capsule,Oral,05010300,Tetracyclines,February 2009
30181,221905001000027100,83026020,9,Sanatogen teen Capsule (Roche Consumer Health),Calcium Carbonate/Magnesium Oxide/Nicotinamide/Cyanocobalamin/Pyridoxine Hydrochloride/Thiamine Hydrochloride/Vitamin A/Vitamin D/Ferrous Sulphate/Ascorbic Acid/Riboflavin/Alpha Tocopherol/Folic Acid,,Capsule,Oral,09010101/09060300,Oral Iron/Vitamin C,February 2009
61372,280011000001106,04300020,0,Co-dydramol 10mg/500mg tablets (Kent Pharma (UK) Ltd),Dihydrocodeine tartrate/Paracetamol,10mg + 500mg,Tablet,Oral,04070100/04070200,Non-Opioid And Compound Analgesics/Opioid Analgesics,October 2014
20054,31375001000027100,51906020,736,Tetralysal 408mg Capsule (Pharmacia Ltd),Lymecycline,408mg,Capsule,Oral,05010300,Tetracyclines,February 2009
30984,228811000001108,60442020,91,Paracetamol 250mg/5ml oral suspension (A A H Pharmaceuticals Ltd),Paracetamol,50mg/1ml,Oral suspension,Oral,04070100,Non-Opioid And Compound Analgesics,February 2009
37584,11476211000001108,93469020,7793,Episenta 500mg modified-release granules sachets (Desitin Pharma Ltd),Sodium valproate,500mg,Modified-release granules,Oral,04020300/04080100,Products Used For Mania And Hypomania/Control Of Epilepsy,February 2009
67784,19742711000001104,78866020,0,Paracetamol 500mg capsules (Almus Pharmaceuticals Ltd),Paracetamol,500mg,Capsule,Oral,00000000,Unknown,October 2016
83250,30073711000001108,53438021,18,Paracetamol 120mg/5ml oral suspension paediatric sugar free (DE Pharmaceuticals),Paracetamol,24mg/1ml,Oral suspension,Oral,04070100,Non-Opioid And Compound Analgesics,March 2021
68955,20310811000001100,40580020,3,Methotrexate 10mg tablets (Sandoz Ltd),Methotrexate,10mg,Tablet,Oral,01050300/08010300/10010302/13050300,Products Affecting The Immune Response In Chronic Bowel Problems/Antimetabolites/Drugs Affecting The Immune Response In Rheumatic Disease/Drugs Affecting The Immune Response For Eczema And Psoriasis,March 2017
61406,24580811000001104,26706021,72,Paracetamol 80mg suppositories,Paracetamol,80mg,Suppository,Rectal,04070100,Non-Opioid And Compound Analgesics,October 2014
72258,35110311000001104,79493021,1681,Co-dydramol 30mg/500mg tablets (Alliance Healthcare (Distribution) Ltd),Dihydrocodeine tartrate/Paracetamol,30mg + 500mg,Tablet,Oral,04070100/04070200,Non-Opioid And Compound Analgesics/Opioid Analgesics,May 2018
33743,241895001000027100,89813020,30,Dihydrocodeine with paracetamol 7.46mg with 500mg effervescent tablets,Dihydrocodeine Tartrate/Paracetamol,7.46mg + 500mg,Effervescent Tablet,Oral,04070100/04070200,Non-Opioid And Compound Analgesics/Opioid Analgesics,February 2009
29609,226425001000027100,84352020,35,Superted multivitamins & minerals Chewable tablet (Chefaro UK Ltd),Stearic Acid (E570)/Magnesium Stearate (E572)/Pyridoxine Hydrochloride/Thiamine Nitrate/Vitamin A/Ferrous Sulphate/Ascorbic Acid/Riboflavin/Colecalciferol/Dicalcium  Phosphate/Folic Acid,,Chewable Tablet,Oral,09060750,-,February 2009
53310,15083411000001100,05786020,0,Doxycycline 100mg capsules (Sigma Pharmaceuticals Plc),Doxycycline hyclate,100mg,Capsule,Oral,05010300/05040100/13060201,Tetracyclines/Antimalarials/Oral Antibacterials For Acne,January 2013
34718,71975001000027104,57214020,90,Paracetamol 120mg/5ml oral suspension sugar free,Paracetamol,120mg/5ml,Oral Suspension,Oral,04070100,Non-Opioid And Compound Analgesics,February 2009
2211,10411000001105,73727020,709273,Solpadol 30mg/500mg effervescent tablets (Sanofi Consumer Healthcare),Codeine phosphate/Paracetamol,30mg + 500mg,Effervescent tablet,Oral,04070100/04070200,Non-Opioid And Compound Analgesics/Opioid Analgesics,February 2009
19139,92935001000027100,59831020,3,Paracetamol 500mg Suppository (Distriphar (UK)),Paracetamol,500mg,Suppository,Rectal,04070100,Non-Opioid And Compound Analgesics,February 2009
4186,159935001000027100,69388020,691108,Paracetamol 250mg/5ml oral suspension sugar free,Paracetamol,250mg/5ml,Suspension Sugar-Free,Oral,04070100,Non-Opioid And Compound Analgesics,February 2009
78563,213705001000027100,80423020,33,Vitamins a & d with 5 minerals (combination 1) liquid,Copper Sulphate/Vitamin A/Potassium Glycerophosphate/Calcium Glycerophosphate/Vitamin D/Ferric Ammonium Citrate/Manganese Sulphate,,,,09060750,-,November 2019
43891,8427811000001102,92555020,80,Co-proxamol 32.5mg/325mg/5ml oral suspension,Paracetamol/Dextropropoxyphene hydrochloride,65mg/1ml + 6.5mg/1ml,Oral suspension,Oral,04070100,Non-Opioid And Compound Analgesics,November 2010
24030,76155001000027100,57741020,33,Anapolon 50 Tablet (Roche Products Ltd),Oxymetholone,50mg,Tablet,Oral,09010300,"Drugs Used In Hypoplastic, Haemolytic, And Renal Anaemias",February 2009
49096,7920911000001104,04208020,1675,Paracetamol 500mg caplets (Lloyds Pharmacy Ltd),Paracetamol,500mg,Tablet,Oral,04070100,Non-Opioid And Compound Analgesics,January 2013
80601,37982211000001104,91355021,7722,Syonell 500mg gastro-resistant tablets (Lupin Healthcare (UK) Ltd),Valproate semisodium,500mg,Gastro-resistant tablet,Oral,04020300/04070402,Products Used For Mania And Hypomania/Prophylaxis Of Migraine,April 2020
74354,17886711000001104,04341020,0,Co-codamol 30mg/500mg capsules (Phoenix Healthcare Distribution Ltd),Codeine phosphate/Paracetamol,30mg + 500mg,Capsule,Oral,04070100/04070200,Non-Opioid And Compound Analgesics/Opioid Analgesics,January 2019
26392,2853611000001106,76765020,141,Vibrox 100mg capsules (Kent Pharma (UK) Ltd),Doxycycline hyclate,100mg,Capsule,Oral,05010300/05040100/13060201,Tetracyclines/Antimalarials/Oral Antibacterials For Acne,February 2009
68434,111415001000027100,62611020,1,Paracetamol 250mg/5ml Liquid (Co-Pharma Ltd),Paracetamol,50mg/1ml,Oral suspension,Oral,04070100,Non-Opioid And Compound Analgesics,December 2016
59039,7611000001109,63746020,0,Minocycline 100mg tablets (Viatris UK Healthcare Ltd),Minocycline hydrochloride,100mg,Tablet,Oral,05010300/05011000/13060201,Tetracyclines/Antileprotic Drugs/Oral Antibacterials For Acne,March 2014
8528,41985711000001104,54339020,33679,Halibut-liver oil 4000unit capsules,Vitamin A,4000unit,Capsule,Oral,00000000,Unknown,February 2009
82307,21714811000001100,46894020,2,Tramadol 37.5mg / Paracetamol 325mg tablets (Teva UK Ltd),Paracetamol/Tramadol hydrochloride,325mg + 37.5mg,Tablet,Oral,04070200,Opioid Analgesics,January 2021
39276,251945001000027100,95191020,25,Sodium valproate with valproic acid 250mg modified release granules,Sodium Valproate,250mg,Modified Release Granules,Oral,04080100,Control Of Epilepsy,April 2009
9581,118885001000027100,63654020,3146,Isometheptene mucate with paracetamol 65mg+325mg Capsule,Paracetamol/Isometheptene Mucate,65mg+325mg,Capsule,Oral,04070100/04070401,Non-Opioid And Compound Analgesics/Acute Migraine,February 2009
18221,226655001000027100,84466020,6154,Codeine phosphate 15mg with paracetamol 500mg tablets,Codeine Phosphate/Paracetamol,15mg + 500mg,Tablets,Oral,04070100/04070200,Non-Opioid And Compound Analgesics/Opioid Analgesics,February 2009
85879,8562311000001107,20171020,2,Isoniazid 100mg/5ml oral suspension,Isoniazid,20mg/1ml,Oral suspension,Oral,05010900,Antituberculosis Drugs,March 2022
70641,41950711000001104,09432020,6,Generic Rifater tablets,Pyrazinamide/Rifampicin/Isoniazid,300mg + 120mg + 50mg,Tablet,Oral,05010900,Antituberculosis Drugs,November 2017
76159,21787511000001108,47432020,0,Tetracycline 250mg tablets (Waymade Healthcare Plc),Tetracycline hydrochloride,250mg,Tablet,Oral,05010300/13060201,Tetracyclines/Oral Antibacterials For Acne,May 2019
31577,727611000001100,56464020,2772,Co-codamol 30mg/500mg capsules (A A H Pharmaceuticals Ltd),Codeine phosphate/Paracetamol,30mg + 500mg,Capsule,Oral,04070100/04070200,Non-Opioid And Compound Analgesics/Opioid Analgesics,February 2009
4607,83695001000027100,58599020,83560,Co-proxamol 32.5/325 Tablet (Dista Products Ltd),Dextropropoxyphene hydrochloride/Paracetamol,32.5mg + 325mg,Tablet,Oral,04070100/04070200,Non-Opioid And Compound Analgesics/Opioid Analgesics,February 2009
37411,74811000001105,76381020,23,Paldesic paracetamol 250mg/5ml oral suspension (Rosemont Pharmaceuticals Ltd),Paracetamol,50mg/1ml,Oral suspension,Oral,04070100,Non-Opioid And Compound Analgesics,February 2009
21880,314111000001106,79879020,811353,Zapain 30mg/500mg capsules (Advanz Pharma),Codeine phosphate/Paracetamol,30mg + 500mg,Capsule,Oral,04070100/04070200,Non-Opioid And Compound Analgesics/Opioid Analgesics,February 2009
88563,21969411000001108,47760020,1,Xaluprine 20mg/ml oral suspension (Nova Laboratories Ltd),Mercaptopurine,20mg/1ml,Oral suspension,Oral,08010300,Antimetabolites,August 2023
52085,15969011000001100,04332020,1,Co-codamol 30mg/500mg effervescent tablets (Zanza Specials International Ltd),Codeine phosphate/Paracetamol,30mg + 500mg,Effervescent tablet,Oral,04070100/04070200,Non-Opioid And Compound Analgesics/Opioid Analgesics,January 2013
7499,139575001000027100,66452020,417,Calpol extra Tablet (Warner Lambert UK Ltd),Caffeine/Codeine Phosphate/Paracetamol,,Tablet,Oral,04070100/04070200,Non-Opioid And Compound Analgesics/Opioid Analgesics,February 2009
67086,18749411000001100,04252020,2,Paracetamol 500mg capsules (Galpharm International Ltd),Paracetamol,500mg,Capsule,Oral,04070100,Non-Opioid And Compound Analgesics,August 2016
15980,203925001000027100,77339020,11916,Centrum Tablet (Wyeth Consumer Healthcare),Biotin/Sodium Molybdate/Ascorbic Acid/Calcium Pantothenate/Copper Sulphate/Folic Acid/Ferrous Fumarate/Magnesium Oxide/Manganese Sulphate/Nicotinamide/Potassium Chloride/Potassium Iodide/Riboflavin/Pyridoxine/Alpha Tocopherol/Vitamin A/Vitamin,,Tablet,Oral,09060750,-,February 2009
38051,2873411000001105,66082020,1439,Vitamins capsules (Kent Pharma (UK) Ltd),Vitamin D/Ascorbic acid/Nicotinamide/Riboflavin/Thiamine hydrochloride/Vitamin A,300unit + 15mg + 7.5mg + 500microgram + 1mg + 2500unit,Capsule,Oral,09060700,Multivitamin And Multimineral Preparations,February 2009
73070,11403911000001104,75452020,0,Doxycycline 50mg capsules (Almus Pharmaceuticals Ltd),Doxycycline hyclate,50mg,Capsule,Oral,05010300/05040100/13060201,Tetracyclines/Antimalarials/Oral Antibacterials For Acne,September 2018
46205,11762911000001102,93011020,21,Lenalidomide 15mg capsules,Lenalidomide,15mg,Capsule,Oral,08020405,Lenalidomide And Thalidomide,October 2011
88407,12814811000001100,32977020,1,Methotrexate 20mg/5ml oral suspension,Methotrexate,4mg/1ml,Oral suspension,Oral,01050300/08010300/10010302/13050300,Products Affecting The Immune Response In Chronic Bowel Problems/Antimetabolites/Drugs Affecting The Immune Response In Rheumatic Disease/Drugs Affecting The Immune Response For Eczema And Psoriasis,July 2023
78727,217211000001104,56316020,12,Sodium valproate 500mg gastro-resistant tablets (Viatris UK Healthcare Ltd),Sodium valproate,500mg,Gastro-resistant tablet,Oral,04080100,Control Of Epilepsy,November 2019
83901,24388211000001104,23812021,1,Numark Max-Strength Cold and Flu capsules (Numark Ltd),Caffeine/Phenylephrine hydrochloride/Paracetamol,25mg + 6.1mg + 500mg,Capsule,Oral,03095000,Miscellaneous Cough & Cold Preparations,May 2021
70497,34626511000001100,77474021,0,Co-codamol 15mg/500mg capsules (A A H Pharmaceuticals Ltd),Paracetamol/Codeine phosphate,500mg + 15mg,Capsule,Oral,04070100/04070200,Non-Opioid And Compound Analgesics/Opioid Analgesics,October 2017
46906,91455001000027100,59611020,3,Co-codamol 8mg+500mg Effervescent tablet (Numark Management Ltd),Codeine phosphate/Paracetamol,8mg + 500mg,Effervescent tablet,Oral,04070100/04070200,Non-Opioid And Compound Analgesics/Opioid Analgesics,March 2012
65643,10193111000001108,28091020,0,Thalidomide 25mg tablets,Thalidomide,25mg,Tablet,Oral,05011000/08020405,Antileprotic Drugs/Lenalidomide And Thalidomide,March 2016
49314,3559811000001104,13347020,1669,Paracetamol 120mg/5ml oral suspension 5ml sachets sugar free,Paracetamol,24mg/1ml,Oral suspension,Oral,04070100,Non-Opioid And Compound Analgesics,January 2013
16106,39720511000001104,73703020,296,Paracetamol 500mg / Caffeine 65mg effervescent tablets sugar free,Paracetamol/Caffeine,500mg + 65mg,Effervescent tablet,Oral,04070100,Non-Opioid And Compound Analgesics,February 2009
6069,50695001000027104,54356020,19917,Vitamin bpc sugar-coated tablets,Nicotinamide/Thiamine Hydrochloride/Vitamin A/Vitamin D/Ascorbic Acid/Riboflavin,,Sugar-Coated Tablets,Oral,09060700,Multivitamin And Multimineral Preparations,February 2009
60452,19875711000001104,39311020,1103,Tetralysal 300 capsules (DE Pharmaceuticals),Lymecycline,408mg,Capsule,Oral,05010300,Tetracyclines,July 2014
19206,4660511000001106,66015020,1694,Co-dydramol 7.46mg/500mg tablets,Dihydrocodeine tartrate/Paracetamol,7.46mg + 500mg,Tablet,Oral,04070100/04070200,Non-Opioid And Compound Analgesics/Opioid Analgesics,February 2009
4019,50711000001106,71047020,693175,Forceval capsules (Forum Health Products Ltd),Zinc/Ascorbic acid/Biotin/Cyanocobalamin/Folic acid/Nicotinamide/Pantothenic acid/Pyridoxine/Riboflavin/Calcium/Chromium/Copper/Iodine/Iron/Ergocalciferol/Tocopheryl acetate/Selenium/Vitamin A/Thiamine/Magnesium/Manganese/Molybdenum/Potassium/Phosphorus,15mg + 60mg + 100microgram + 3microgram + 400microgram + 18mg + 4mg + 2mg + 1.6mg + 100mg + 200microgram + 2mg + 140microgram + 12mg + 400unit + 10mg + 50microgram + 2500unit + 1.2mg + 30mg + 3mg + 250microgram + 4mg + 77mg,Capsule,Oral,09060700,Multivitamin And Multimineral Preparations,February 2009
81608,191911000001102,56311020,978,Sodium valproate 500mg gastro-resistant tablets (IVAX Pharmaceuticals UK Ltd),Sodium valproate,500mg,Gastro-resistant tablet,Oral,04080100,Control Of Epilepsy,September 2020
56549,22032011000001108,14519021,1,Co-codamol 8mg/500mg effervescent tablets (Waymade Healthcare Plc),Codeine phosphate/Paracetamol,8mg + 500mg,Effervescent tablet,Oral,04070100/04070200,Non-Opioid And Compound Analgesics/Opioid Analgesics,August 2013
73536,29836111000001100,52261021,7,Doxycycline 50mg capsules (Sigma Pharmaceuticals Plc),Doxycycline hyclate,50mg,Capsule,Oral,05010300/05040100/13060201,Tetracyclines/Antimalarials/Oral Antibacterials For Acne,October 2018
38430,86135001000027100,58864020,4,Co-dydramol 10mg+500mg Tablet (Merck Generics (UK) Ltd),Dihydrocodeine tartrate/Paracetamol,10mg + 500mg,Tablet,Oral,04070100/04070200,Non-Opioid And Compound Analgesics/Opioid Analgesics,February 2009
39656,689311000001102,95887020,29,Medinol Under 6 paracetamol 120mg/5ml oral suspension (SSL International Plc),Paracetamol,24mg/1ml,Oral suspension,Oral,04070100,Non-Opioid And Compound Analgesics,May 2009
40379,4329311000001108,86392020,9,Targretin 75mg capsules (Eisai Ltd),Bexarotene,75mg,Capsule,Oral,08010500,Other Antineoplastic Drugs,September 2009
23432,2849311000001101,75140020,32,Doxylar 50mg capsules (Sandoz Ltd),Doxycycline hyclate,50mg,Capsule,Oral,05010300/05040100,Tetracyclines/Antimalarials,February 2009
22764,49085001000027104,54168020,9,Panadeine Tablet (GlaxoSmithKline UK Ltd),Codeine phosphate/Paracetamol,8mg + 500mg,Tablet,Oral,04070100/04070200,Non-Opioid And Compound Analgesics/Opioid Analgesics,February 2009
13428,644711000001108,64511020,10244,Maxtrex 2.5mg tablets (Pfizer Ltd),Methotrexate,2.5mg,Tablet,Oral,01050300/08010300/10010302/13050300,Products Affecting The Immune Response In Chronic Bowel Problems/Antimetabolites/Drugs Affecting The Immune Response In Rheumatic Disease/Drugs Affecting The Immune Response For Eczema And Psoriasis,February 2009
46895,19395911000001104,00287021,42,Sudafed Mucus Relief Triple Action Cold & Flu tablets (McNeil Products Ltd),Paracetamol/Guaifenesin/Phenylephrine hydrochloride,250mg + 100mg + 5mg,Tablet,Oral,03095000,Miscellaneous Cough & Cold Preparations,March 2012
33230,175955001000027100,71668020,1,Promethazine hydrochloride 1.5mg with paracetamol 120mg/5ml oral solution,Paracetamol/Promethazine Hydrochloride,120mg+1.5mg/5ml,Suspension,Oral,03040102/04070100,Sedating Antihistamines/Non-Opioid And Compound Analgesics,February 2009
28344,9471111000001100,71451020,7491,Paracetamol 500mg caplets (Wockhardt UK Ltd),Paracetamol,500mg,Tablet,Oral,04070100,Non-Opioid And Compound Analgesics,February 2009
34954,836511000001102,62938020,7,Paracetamol 500mg tablets (Aspar Pharmaceuticals Ltd),Paracetamol,500mg,Tablet,Oral,04070100,Non-Opioid And Compound Analgesics,February 2009
41139,11756511000001104,92919020,1,Revlimid 25mg capsules (Bristol-Myers Squibb Pharmaceuticals Ltd),Lenalidomide,25mg,Capsule,Oral,08020405,Lenalidomide And Thalidomide,February 2010
34396,28435001000027104,51557020,158,Paracetamol 500mg Tablet (Family Health),Paracetamol,500mg,Tablet,Oral,04070100,Non-Opioid And Compound Analgesics,February 2009
24947,4171411000001108,82368020,98,Co-methiamol 100mg/500mg tablets,Paracetamol,500mg,Tablet,Oral,04070100,Non-Opioid And Compound Analgesics,February 2009
65314,30772511000001104,57312021,7082,Co-codamol 8mg/500mg caplets (Accord-UK Ltd),Codeine phosphate/Paracetamol,8mg + 500mg,Tablet,Oral,04070100/04070200,Non-Opioid And Compound Analgesics/Opioid Analgesics,January 2016
33961,9480411000001108,71396020,1,Co-codamol 30mg/500mg capsules (IVAX Pharmaceuticals UK Ltd),Codeine phosphate/Paracetamol,30mg + 500mg,Capsule,Oral,04070100,Non-Opioid And Compound Analgesics,February 2009
44258,110015001000027100,62449020,1,Dichloralphenazone with paracetamol oral solution,Dichloralphenazone/Paracetamol,,Syrup,Oral,04070100,Non-Opioid And Compound Analgesics,January 2011
34319,776411000001101,49379020,2095,Co-proxamol 32.5mg/325mg tablets (Zentiva Pharma UK Ltd),Dextropropoxyphene hydrochloride/Paracetamol,32.5mg + 325mg,Tablet,Oral,04070100,Non-Opioid And Compound Analgesics,February 2009
41636,205211000001109,50708020,519,Tetracycline 250mg tablets (Accord-UK Ltd),Tetracycline hydrochloride,250mg,Tablet,Oral,05010300/13060201,Tetracyclines/Oral Antibacterials For Acne,March 2010
32963,218105001000027100,81927020,0,Lemsip lemcap Capsule (Reckitt Benckiser Healthcare (UK) Ltd),Caffeine/Paracetamol/Phenylephrine Hydrochloride,,Capsule,Oral,03100000/04070100,Systemic Nasal Decongestants/Non-Opioid And Compound Analgesics,February 2009
49105,3323811000001103,04207020,11349,Paracetamol 500mg caplets (Teva UK Ltd),Paracetamol,500mg,Tablet,Oral,04070100,Non-Opioid And Compound Analgesics,January 2013
34737,783711000001106,54661020,2551,Co-dydramol 10mg/500mg tablets (Teva UK Ltd),Dihydrocodeine tartrate/Paracetamol,10mg + 500mg,Tablet,Oral,04070100/04070200,Non-Opioid And Compound Analgesics/Opioid Analgesics,February 2009
38122,188595001000027100,73702020,10,Paracetamol 330mg with caffeine 30mg tablet,Caffeine/Paracetamol,330mg/30mg,Pill,Oral,04070100,Non-Opioid And Compound Analgesics,February 2009
32692,5911000001108,56462020,3499,Co-codamol 8mg/500mg effervescent tablets (A A H Pharmaceuticals Ltd),Codeine phosphate/Paracetamol,8mg + 500mg,Effervescent tablet,Oral,04070100/04070200,Non-Opioid And Compound Analgesics/Opioid Analgesics,February 2009
18728,147511000001107,75147020,2986,Aknemin 100mg capsules (Almirall Ltd),Minocycline hydrochloride,100mg,Capsule,Oral,05010300/05011000/13060201,Tetracyclines/Antileprotic Drugs/Oral Antibacterials For Acne,February 2009
74916,709211000001103,04317020,0,Co-codamol 8mg/500mg effervescent tablets (Kent Pharma (UK) Ltd),Codeine phosphate/Paracetamol,8mg + 500mg,Effervescent tablet,Oral,04070100/04070200,Non-Opioid And Compound Analgesics/Opioid Analgesics,February 2019
33679,929711000001105,49336020,803,Co-codamol 8mg/500mg tablets (Zentiva Pharma UK Ltd),Codeine phosphate/Paracetamol,8mg + 500mg,Tablet,Oral,04070100/04070200,Non-Opioid And Compound Analgesics/Opioid Analgesics,February 2009
14963,36031511000001110,87147020,3427,Nicotinic acid 500mg modified-release tablets,Nicotinic acid,500mg,Modified-release tablet,Oral,02120500,Nicotinic Acid Group,February 2009
2884,113395001000027100,62867020,5477,Doxycycline (as hyclate) 100mg dispersible tablets,Doxycycline Monohydrate,100mg,Dispersible Tablet,Oral,05010300/05040100,Tetracyclines/Antimalarials,February 2009
56461,188911000001105,04310020,6072,Co-codamol 30mg/500mg tablets (Kent Pharma (UK) Ltd),Codeine phosphate/Paracetamol,30mg + 500mg,Tablet,Oral,04070100/04070200,Non-Opioid And Compound Analgesics/Opioid Analgesics,August 2013
3713,137105001000027100,66034020,1,Medocodene Tablet (Manufacturer unknown),Codeine phosphate/Paracetamol,8mg + 500mg,Tablet,Oral,04070100/04070200,Non-Opioid And Compound Analgesics/Opioid Analgesics,February 2009
85636,24559811000001100,25441021,0,Capecitabine 150mg tablets (Viatris UK Healthcare Ltd),Capecitabine,150mg,Tablet,Oral,08010300,Antimetabolites,February 2022
41547,44645001000027104,53627020,286,Tetracycline 250mg Capsule (Berk Pharmaceuticals Ltd),Tetracycline hydrochloride,250mg,Capsule,Oral,05010300/13060201,Tetracyclines/Oral Antibacterials For Acne,March 2010
56171,4006711000001107,04334020,0,Co-codamol 30mg/500mg capsules (Kent Pharma (UK) Ltd),Codeine phosphate/Paracetamol,30mg + 500mg,Capsule,Oral,04070100/04070200,Non-Opioid And Compound Analgesics/Opioid Analgesics,August 2013
27128,221125001000027100,82794020,6,Paracets plus Capsule (Sussex Pharmaceutical Ltd),Caffeine/Paracetamol/Phenylephrine Hydrochloride,,Capsule,Oral,03100000/04070100,Systemic Nasal Decongestants/Non-Opioid And Compound Analgesics,February 2009
75210,301615001000027140,00697021,0,Pegaspargase 3750iu/5ml injection,Pegaspargase,,,,08010500,Other Antineoplastic Drugs,March 2019
55044,22010711000001100,47328020,5056,Co-codamol 30mg/500mg caplets (Waymade Healthcare Plc),Codeine phosphate/Paracetamol,30mg + 500mg,Tablet,Oral,04070100/04070200,Non-Opioid And Compound Analgesics/Opioid Analgesics,May 2013
69431,3868211000001104,59902020,0,Isoniazid 50mg tablets (A A H Pharmaceuticals Ltd),Isoniazid,50mg,Tablet,Oral,05010900,Antituberculosis Drugs,May 2017
46876,19507511000001100,99426020,2,Contac Non Drowsy Dual Relief tablets (Omega Pharma Ltd),Paracetamol/Pseudoephedrine hydrochloride,500mg + 30mg,Tablet,Oral,03095000,Miscellaneous Cough & Cold Preparations,March 2012
25071,143455001000027100,66967020,65,Tetracycline with nystatin capsules,Nystatin/Tetracycline Hydrochloride,,Capsules,Oral,05010300/05020000,Tetracyclines/Antifungals,February 2009
40880,243055001000027100,91103020,4,Vicks sinex decongestant Capsule (Procter & Gamble (Health & Beauty Care) Ltd),Phenylephrine hydrochloride/Paracetamol,12.18mg + 500mg,Capsule,Oral,03100000/04070100,Systemic Nasal Decongestants/Non-Opioid And Compound Analgesics,December 2009
34840,9788511000001104,67663020,49,Co-codamol 30mg/500mg tablets (Almus Pharmaceuticals Ltd),Codeine phosphate/Paracetamol,30mg + 500mg,Tablet,Oral,04070100/04070200,Non-Opioid And Compound Analgesics/Opioid Analgesics,February 2009
66807,182435001000027100,72731020,1,Paracetamol with codeine phosphate peadiatric elixir,Codeine Phosphate/Paracetamol,,,,04070100/04070200,Non-Opioid And Compound Analgesics/Opioid Analgesics,July 2016
10196,9482611000001106,87109020,47,Solpadeine Headache tablets (Haleon UK Ltd),Paracetamol/Caffeine,500mg + 65mg,Tablet,Oral,04070100,Non-Opioid And Compound Analgesics,February 2009
46638,18595211000001104,00124021,86,Paracetamol 500mg / Ibuprofen 200mg tablets,Ibuprofen/Paracetamol,200mg + 500mg,Tablet,Oral,04070100,Non-Opioid And Compound Analgesics,January 2012
6711,39108311000001104,76811020,130693,Sodium valproate 300mg modified-release tablets,Sodium valproate,300mg,Modified-release tablet,Oral,04080100,Control Of Epilepsy,February 2009
584,322956002,69070020,870615,Sodium valproate 200mg gastro-resistant tablets,Sodium valproate,200mg,Gastro-resistant tablet,Oral,04080100,Control Of Epilepsy,February 2009
27594,4922811000001102,69942020,28,Concavit drops (Wallace Manufacturing Chemists Ltd),Dexpanthenol/Pyridoxine hydrochloride/Nicotinamide/Riboflavin sodium phosphate/Thiamine hydrochloride/Vitamin A/Ergocalciferol/Ascorbic acid/Sodium ascorbate,4mg/1ml + 2mg/1ml + 25mg/1ml + 2mg/1ml + 4mg/1ml + 10000unit/1ml + 1000unit/1ml + 38.7mg/1ml + 68.88mg/1ml,Oral drops,Oral,09060700,Multivitamin And Multimineral Preparations,February 2009
79236,505411000001101,04261020,3,Paracetamol 120mg/5ml oral suspension paediatric sugar free (Kent Pharma (UK) Ltd),Paracetamol,24mg/1ml,Oral suspension,Oral,04070100,Non-Opioid And Compound Analgesics,December 2019
59685,22222311000001100,14811021,11,Methotrexate 2.5mg tablets (Teva UK Ltd),Methotrexate,2.5mg,Tablet,Oral,01050300/08010300/10010302/13050300,Products Affecting The Immune Response In Chronic Bowel Problems/Antimetabolites/Drugs Affecting The Immune Response In Rheumatic Disease/Drugs Affecting The Immune Response For Eczema And Psoriasis,April 2014
9062,831911000001104,51404020,485,Rimactazid 150 tablets (Movianto UK Ltd),Rifampicin/Isoniazid,150mg + 100mg,Tablet,Oral,05010900,Antituberculosis Drugs,February 2009
74810,10854611000001104,04810020,538,Epilim 500 gastro-resistant tablets (Waymade Healthcare Plc),Sodium valproate,500mg,Gastro-resistant tablet,Oral,04080100,Control Of Epilepsy,February 2019
48585,17429711000001104,37427020,398,Nicotinic acid 500mg capsules,Nicotinic acid,500mg,Capsule,Oral,09060200,Vitamin B Group,January 2013
21924,215725001000027100,81123020,19,Acetomenapthone 7mg / Nicotinic acid 25mg tablets,Nicotinic Acid/Acetomenaphthone,7mg + 25mg,Tablets,Oral,02060400,Peripheral Vasodilators And Related Products,February 2009
43178,251985001000027100,95197020,27,Sodium valproate with valproic acid 1000mg modified release granules,Sodium Valproate,1000mg,Modified Release Granules,Oral,04080100,Control Of Epilepsy,August 2010
62637,114811000001105,57117020,128,Sodium valproate 200mg gastro-resistant tablets (Actavis UK Ltd),Sodium valproate,200mg,Gastro-resistant tablet,Oral,04080100,Control Of Epilepsy,March 2015
71002,10538811000001108,07327020,0,Mercaptopurine 50mg tablets (Waymade Healthcare Plc),Mercaptopurine,50mg,Tablet,Oral,01050300/08010300,Products Affecting The Immune Response In Chronic Bowel Problems/Antimetabolites,December 2017
88114,36019811000001100,82685021,1,Paracetamol 500mg tablets (Medreich Plc),Paracetamol,500mg,Tablet,Oral,04070100,Non-Opioid And Compound Analgesics,May 2023
62116,414011000001100,00821020,0,Amiodarone 100mg tablets (Alliance Healthcare (Distribution) Ltd),Amiodarone hydrochloride,100mg,Tablet,Oral,02030201,Supraventricular & Ventricular Arrhythmias,January 2015
