prodcode,dmdcode,gemscriptcode,therapyevents,productname,ingredient,strength,formulation,routeofadministration,bnfchapter,bnftext,databasebuild,intdrug
34869,18645001000027100,50361020,16,Erythromycin 500mg Tablet (C P Pharmaceuticals Ltd),Erythromycin,500mg,Tablet,Oral,05010500/13060201,Macrolides/Oral Antibacterials For Acne,February 2009,1
63033,21854711000001104,47448020,1,Clarithromycin 250mg tablets (Waymade Healthcare Plc),Clarithromycin,250mg,Tablet,Oral,05010500,Macrolides,April 2015,1
59249,22604411000001108,16771021,8,Ciclosporin 50mg capsules (Colorama Pharmaceuticals Ltd),Ciclosporin,50mg,Capsule,Oral,08020200/10010302/13050300,Corticosteroids And Other Immunosuppressants/Drugs Affecting The Immune Response In Rheumatic Disease/Drugs Affecting The Immune Response For Eczema And Psoriasis,March 2014,1
28949,228245001000027100,84959020,55,Bi-carzem sr 120mg Modified-release capsule (Tillomed Laboratories Ltd),Diltiazem Hydrochloride,120mg,Modified-Release Capsule,Oral,02060200,Calcium-Channel Blockers,February 2009,1
26252,44225001000027104,53578020,40,Berkatens 160mg Tablet (Berk Pharmaceuticals Ltd),Verapamil hydrochloride,160mg,Tablet,Oral,02030202/02060200,Supraventricular Arrhythmias/Calcium-Channel Blockers,February 2009,1
47895,18290311000001104,99285020,414,Brilique 90mg tablets (AstraZeneca UK Ltd),Ticagrelor,90mg,Tablet,Oral,02090000,Antiplatelet Products,October 2012,1
67541,8276211000001100,18952020,96,Amiodarone 50mg/5ml oral suspension,Amiodarone hydrochloride,10mg/1ml,Oral suspension,Oral,02030201,Supraventricular & Ventricular Arrhythmias,September 2016,1
85859,29227011000001108,48866021,0,Ketoconazole 200mg tablets (A A H Pharmaceuticals Ltd),Ketoconazole,200mg,Tablet,Oral,06070000,Other Endocrine Drugs,March 2022,1
31937,617811000001100,55826020,4841,Warfarin 5mg tablets (Teva UK Ltd),Warfarin sodium,5mg,Tablet,Oral,02080200,Oral Anticoagulants,February 2009,1
36182,7961211000001109,88324020,1,VFEND 40mg/ml oral suspension (Pfizer Ltd),Voriconazole,40mg/1ml,Oral suspension,Oral,05020100,Triazole Antifungals,February 2009,1
82514,16564411000001104,10716020,57,Niaspan 1g modified-release tablets (Mawdsley-Brooks & Company Ltd),Nicotinic acid,1gram,Modified-release tablet,Oral,02120500,Nicotinic Acid Group,January 2021,1
55589,580111000001102,05853020,158,Erythromycin ethyl succinate 125mg/5ml oral suspension sugar free (Alliance Healthcare (Distribution) Ltd),Erythromycin ethyl succinate,25mg/1ml,Oral suspension,Oral,05010500,Macrolides,June 2013,1
82323,18159111000001104,08410020,0,Arava 10mg tablets (Mawdsley-Brooks & Company Ltd),Leflunomide,10mg,Tablet,Oral,10010302,Drugs Affecting The Immune Response In Rheumatic Disease,January 2021,1
5513,193215001000027100,74596020,22077,Dilzem sr 60mg Capsule (Elan Pharma),Diltiazem hydrochloride,60mg,Modified-release capsule,Oral,02060200,Calcium-Channel Blockers,February 2009,1
3089,320018007,57107020,254847,Ciprofibrate 100mg tablets,Ciprofibrate,100mg,Tablet,Oral,02120300,Fibrates,February 2009,1
38964,2885611000001102,95553020,18005,Adizem-SR 120mg tablets (Napp Pharmaceuticals Ltd),Diltiazem hydrochloride,120mg,Modified-release tablet,Oral,02060200,Calcium-Channel Blockers,February 2009,1
46696,103911000001104,59394020,1,Erythromycin ethyl succinate 250mg/5ml oral suspension (Sandoz Ltd),Erythromycin ethyl succinate,50mg/1ml,Oral suspension,Oral,05010500,Macrolides,January 2012,1
40757,39690011000001104,96686020,50,Darunavir 400mg tablets,Darunavir,400mg,Tablet,Oral,05030151,Protease Inhibitors,November 2009,1
57267,21854311000001100,47449020,0,Clarithromycin 125mg/5ml oral suspension (Waymade Healthcare Plc),Clarithromycin,25mg/1ml,Oral suspension,Oral,05010500,Macrolides,September 2013,1
66834,21966111000001108,47170020,1,Uard 240XL capsules (Ennogen Healthcare Ltd),Diltiazem hydrochloride,240mg,Modified-release capsule,Oral,02060200,Calcium-Channel Blockers,July 2016,1
825,10475001000027100,49314020,37297,Erythroped pi 125mg/5ml Oral suspension (Abbott Laboratories Ltd),Erythromycin ethyl succinate,25mg/1ml,Oral suspension,Oral,05010500,Macrolides,February 2009,1
3676,196435001000027100,75265020,33695,Dilzem xl mr 180mg Modified-release capsule (Elan Pharma),Diltiazem Hydrochloride,180mg,Modified-Release Capsule,Oral,02060200,Calcium-Channel Blockers,February 2009,1
62880,41771611000001104,26645021,18,Teriflunomide 14mg tablets,Teriflunomide,14mg,Tablet,Oral,08020400,Other Immunomodulating Drugs,April 2015,1
19690,36149211000001104,85865020,7452,Verapamil 180mg modified-release / Trandolapril 2mg capsules,Verapamil hydrochloride/Trandolapril,180mg + 2mg,Modified-release capsule,Oral,00000000,Unknown,February 2009,1
47552,39702011000001110,98706020,36,Pazopanib 200mg tablets,Pazopanib hydrochloride,200mg,Tablet,Oral,08010551,Protein Kinase Inhibitors,August 2012,1
27135,155305001000027100,68574020,760,Diltiazem sr 90mg Capsule (Hillcross Pharmaceuticals Ltd),Diltiazem hydrochloride,90mg,Modified-release capsule,Oral,02060200,Calcium-Channel Blockers,February 2009,1
12392,391811000001102,68478020,34728,Univer 180mg modified-release capsules (Teva UK Ltd),Verapamil hydrochloride,180mg,Modified-release capsule,Oral,02060200,Calcium-Channel Blockers,February 2009,1
33686,482311000001107,64160020,74,Erythromycin 250mg gastro-resistant capsules (A A H Pharmaceuticals Ltd),Erythromycin,250mg,Gastro-resistant capsule,Oral,05010500/13060201,Macrolides/Oral Antibacterials For Acne,February 2009,1
66570,21919511000001108,47181020,0,Warfarin 1mg tablets (Waymade Healthcare Plc),Warfarin sodium,1mg,Tablet,Oral,02080200,Oral Anticoagulants,June 2016,1
62466,433911000001109,56365020,0,Erythromycin ethyl succinate 500mg/5ml oral suspension sugar free (A A H Pharmaceuticals Ltd),Erythromycin ethyl succinate,100mg/1ml,Oral suspension,Oral,05010500,Macrolides,March 2015,1
66850,25711011000001108,27252021,6,Diltiazem 240mg modified-release capsules (Icarus Pharmaceuticals Ltd),Diltiazem hydrochloride,240mg,Modified-release capsule,Oral,02060200,Calcium-Channel Blockers,July 2016,1
44866,262485001000027100,99253020,448,Warfarin sodium 1mg/ml oral supension SF,Warfarin Sodium,1mg/ml,Oral Suspension Sugar-Free,Oral,02080200,Oral Anticoagulants,March 2011,1
49101,18251611000001108,06201020,3,Diflucan 150mg capsules (Necessity Supplies Ltd),Fluconazole,150mg,Capsule,Oral,05020100,Triazole Antifungals,January 2013,1
62309,622211000001107,02309020,0,Warfarin 500microgram tablets (Kent Pharma (UK) Ltd),Warfarin sodium,500microgram,Tablet,Oral,02080200,Oral Anticoagulants,February 2015,1
2811,71085001000027104,57067020,58021,Adizem sr 180mg Modified-release capsule (Napp Pharmaceuticals Ltd),Diltiazem Hydrochloride,180mg,Modified-Release Capsule,Oral,02060200,Calcium-Channel Blockers,February 2009,1
47415,203125001000027100,77105020,11,Diltiazem sr 60mg Capsule (Hillcross Pharmaceuticals Ltd),Diltiazem hydrochloride,60mg,Modified-release capsule,Oral,02060200,Calcium-Channel Blockers,June 2012,1
58381,16051311000001100,06196020,0,Fluconazole 150mg capsules (Bristol Laboratories Ltd),Fluconazole,150mg,Capsule,Oral,05020100,Triazole Antifungals,December 2013,1
60263,626611000001105,05860020,0,Erythromycin ethyl succinate 500mg/5ml oral suspension sugar free (Alliance Healthcare (Distribution) Ltd),Erythromycin ethyl succinate,100mg/1ml,Oral suspension,Oral,05010500,Macrolides,June 2014,1
34417,508311000001104,55825020,14521,Warfarin 3mg tablets (Teva UK Ltd),Warfarin sodium,3mg,Tablet,Oral,02080200,Oral Anticoagulants,February 2009,1
41604,18695001000027108,50367020,29,Erythromycin 500mg Tablet (Hillcross Pharmaceuticals Ltd),Erythromycin,500mg,Tablet,Oral,05010500/13060201,Macrolides/Oral Antibacterials For Acne,March 2010,1
49952,17902011000001108,05865020,0,Erythromycin 250mg gastro-resistant capsules (Phoenix Healthcare Distribution Ltd),Erythromycin,250mg,Gastro-resistant capsule,Oral,05010500/13060201,Macrolides/Oral Antibacterials For Acne,January 2013,1
32590,90311000001104,60639020,39,Verapamil 40mg tablets (Viatris UK Healthcare Ltd),Verapamil hydrochloride,40mg,Tablet,Oral,02060200,Calcium-Channel Blockers,February 2009,1
58902,17859811000001108,05911020,0,Clarithromycin 500mg tablets (Phoenix Healthcare Distribution Ltd),Clarithromycin,500mg,Tablet,Oral,05010500,Macrolides,February 2014,1
33482,41772711000001110,88322020,182,Voriconazole 200mg/5ml oral suspension,Voriconazole,40mg/1ml,Oral suspension,Oral,05020100,Triazole Antifungals,February 2009,1
48101,10307511000001104,70460020,0,Erythromycin ethyl succinate 125mg/5ml oral suspension sugar free (Focus Pharmaceuticals Ltd),Erythromycin ethyl succinate,25mg/1ml,Oral suspension,Oral,05010500,Macrolides,December 2012,1
44383,41794711000001104,83134020,7,Ritonavir 80mg/1ml oral solution sugar free,Ritonavir,80mg/1ml,Oral solution,Oral,05030151,Protease Inhibitors,January 2011,1
797,41789311000001104,69721020,341106,Itraconazole 100mg capsules,Itraconazole,100mg,Capsule,Oral,05020100,Triazole Antifungals,February 2009,1
71413,4773111000001108,01883020,29,Diltiazem 120mg modified-release capsules (A A H Pharmaceuticals Ltd),Diltiazem hydrochloride,120mg,Modified-release capsule,Oral,02060200,Calcium-Channel Blockers,January 2018,1
37238,41761111000001104,92344020,9,Dasatinib 20mg tablets,Dasatinib monohydrate,20mg,Tablet,Oral,08010551,Protein Kinase Inhibitors,February 2009,1
25278,29665001000027108,51705020,511,Rommix 500mg Tablet (Ashbourne Pharmaceuticals Ltd),Erythromycin,500mg,Tablet,Oral,05010500/13060201,Macrolides/Oral Antibacterials For Acne,February 2009,1
1970,19200811000001108,58794020,54363,Gyno-Daktarin 2% vaginal cream (Janssen-Cilag Ltd),Miconazole nitrate,20mg/1gram,Cream,Vaginal,07020100,Preparations For Vaginal And Vulval Changes,February 2009,1
12730,221665001000027100,82962020,267,"Vitamin c with vitamins, minerals & other ingredients tablets",Betacarotene/Cyanocobalamin/Iron/Ginkgo Biloba/Ginseng/Pyridoxine Hydrochloride/Thiamine Hydrochloride/Vitamin A/Vitamin D/Pantothenic Acid/Ascorbic Acid/Riboflavin/Potassium/Alpha Tocopherol/Copper/Nicotinic Acid/Folic Acid,,Tablets,Oral,09010101/09060700,Oral Iron/Multivitamin And Multimineral Preparations,February 2009,1
25751,224275001000027100,83701020,261,Erythromycin ethylsuccinate (coated) 250mg/5ml oral suspension sugar free,Erythromycin Ethyl Succinate,250mg/5ml,Oral Suspension Sugar-Free,Oral,05010500,Macrolides,February 2009,1
72439,13621311000001102,75489020,0,Erythromycin ethyl succinate 500mg/5ml oral suspension sugar free (Pinewood Healthcare),Erythromycin ethyl succinate,100mg/1ml,Oral suspension,Oral,05010500,Macrolides,July 2018,1
60805,21854911000001100,47450020,0,Clarithromycin 500mg tablets (Waymade Healthcare Plc),Clarithromycin,500mg,Tablet,Oral,05010500,Macrolides,August 2014,1
51426,20165811000001104,39857020,1,Clarithromycin 500mg tablets (Accord-UK Ltd),Clarithromycin,500mg,Tablet,Oral,05010500,Macrolides,January 2013,1
30197,39023211000001104,90599020,23446,Diltiazem 120mg modified-release capsules,Diltiazem hydrochloride,120mg,Modified-release capsule,Oral,02060200,Calcium-Channel Blockers,February 2009,1
80087,37280511000001104,88569021,230,Empagliflozin 25mg / Linagliptin 5mg tablets,Linagliptin/Empagliflozin,5mg + 25mg,Tablet,Oral,06010211,Gliflozins Plus Gliptins,March 2020,1
4067,3698311000001102,68085020,5941,Olbetam 250mg capsules (Pfizer Ltd),Acipimox,250mg,Capsule,Oral,02120500,Nicotinic Acid Group,February 2009,1
18460,404111000001101,76406020,66,Arava 100mg tablets (Sanofi),Leflunomide,100mg,Tablet,Oral,10010302,Drugs Affecting The Immune Response In Rheumatic Disease,February 2009,1
71099,20839511000001104,42225020,0,Leflunomide 10mg tablets (Aspire Pharma Ltd),Leflunomide,10mg,Tablet,Oral,10010302,Drugs Affecting The Immune Response In Rheumatic Disease,December 2017,1
62995,348611000001104,56172020,2,Erythromycin ethyl succinate 500mg/5ml oral suspension (A A H Pharmaceuticals Ltd),Erythromycin ethyl succinate,100mg/1ml,Oral suspension,Oral,05010500,Macrolides,April 2015,1
50223,16544311000001104,05848020,182,Erythrocin 500 tablets (Stephar (U.K.) Ltd),Erythromycin stearate,500mg,Tablet,Oral,05010500,Macrolides,January 2013,1
45870,13620911000001108,75482020,1,Erythromycin ethyl succinate 125mg/5ml oral suspension sugar free (Pinewood Healthcare),Erythromycin ethyl succinate,25mg/1ml,Oral suspension,Oral,05010500,Macrolides,August 2011,1
81960,4255511000001106,02439020,0,Fenofibrate micronised 200mg capsules (Alliance Healthcare (Distribution) Ltd),Fenofibrate micronised,200mg,Capsule,Oral,02120300,Fibrates,October 2020,1
3061,71725001000027104,57178020,76768,Diltiazem 12hr 180mg modified-release capsules,Diltiazem Hydrochloride,180mg,12 Hour Modified Release Capsules,Oral,02060200,Calcium-Channel Blockers,February 2009,1
42296,11020911000001106,69732020,1,Erythromycin 250mg gastro-resistant tablets (Dr Reddy's Laboratories (UK) Ltd),Erythromycin,250mg,Gastro-resistant tablet,Oral,05010500/13060201,Macrolides/Oral Antibacterials For Acne,May 2010,1
8067,126685001000027100,64736020,780,Miconazole Twin pack,Miconazole Nitrate,,Twin Pack,,13100200,"Antifungal Preparations (Topical, For Skin Conditions)",February 2009,1
22619,155475001000027100,68606020,1901,Britiazim 60mg Modified-release tablet (Thames Laboratories Ltd),Diltiazem hydrochloride,60mg,Modified-release tablet,Oral,02060200,Calcium-Channel Blockers,February 2009,1
73643,9753611000001100,71943020,66,Fluconazole 150mg capsules (Somex Pharma),Fluconazole,150mg,Capsule,Oral,05020100,Triazole Antifungals,November 2018,1
70642,31145211000001104,61251021,8,Generic Genvoya 150mg/150mg/200mg/10mg tablets,Tenofovir alafenamide/Emtricitabine/Elvitegravir/Cobicistat,10mg + 200mg + 150mg + 150mg,Tablet,Oral,05030150,Nucleoside Reverse Transcriptase Inhibitors,November 2017,1
78027,30790811000001100,60188021,14,Akynzeo 300mg/0.5mg capsules (Chugai Pharma UK Ltd),Netupitant/Palonosetron hydrochloride,300mg + 500microgram,Capsule,Oral,04065600,Products Used Against Nausea And Vertigo - 5 HT3 Antagonists,September 2019,1
35517,8275411000001105,92749020,463,Amiodarone 25mg/5ml oral suspension,Amiodarone hydrochloride,5mg/1ml,Oral suspension,Oral,02030201,Supraventricular & Ventricular Arrhythmias,February 2009,1
68795,32751111000001104,69461021,9,Warfarin 1mg capsules,Warfarin sodium,1mg,Capsule,Oral,02080200,Oral Anticoagulants,February 2017,1
50946,15080711000001102,05886020,1,Clarithromycin 250mg tablets (Sigma Pharmaceuticals Plc),Clarithromycin,250mg,Tablet,Oral,05010500,Macrolides,January 2013,1
8558,196015001000027100,75162020,150373,Adizem xl 120mg Capsule (Napp Pharmaceuticals Ltd),Diltiazem Hydrochloride,120mg,Capsule,Oral,02060200,Calcium-Channel Blockers,February 2009,1
4408,599811000001104,76295020,156285,Slozem 240mg capsules (Zentiva Pharma UK Ltd),Diltiazem hydrochloride,240mg,Modified-release capsule,Oral,02060200,Calcium-Channel Blockers,February 2009,1
86755,39296411000001110,97059021,5,Sofosbuvir 200mg / Velpatasvir 50mg tablets,Velpatasvir/Sofosbuvir,50mg + 200mg,Tablet,Oral,05030302,Chronic Hepatitis C,September 2022,1
73663,13620711000001106,70457020,0,Erythromycin ethyl succinate 500mg/5ml oral suspension (Pinewood Healthcare),Erythromycin ethyl succinate,100mg/1ml,Oral suspension,Oral,05010500,Macrolides,November 2018,1
58760,18257511000001104,05843020,0,Erythroped A 500mg tablets (Necessity Supplies Ltd),Erythromycin ethyl succinate,500mg,Tablet,Oral,05010500,Macrolides,February 2014,1
57660,17965211000001106,05889020,0,Clarithromycin 250mg tablets (Almus Pharmaceuticals Ltd),Clarithromycin,250mg,Tablet,Oral,05010500,Macrolides,October 2013,1
56652,17462311000001108,98710020,2,Votrient 200mg tablets (Novartis Pharmaceuticals UK Ltd),Pazopanib hydrochloride,200mg,Tablet,Oral,08010551,Protein Kinase Inhibitors,August 2013,1
15221,199355001000027100,75963020,8,Dilcardia xl 180mg Modified-release capsule (Generics (UK) Ltd),Diltiazem Hydrochloride,180mg,Modified-Release Capsule,Oral,02060200,Calcium-Channel Blockers,February 2009,1
46009,887611000001108,63423020,4,Verapamil 120mg tablets (Kent Pharma (UK) Ltd),Verapamil hydrochloride,120mg,Tablet,Oral,02060200,Calcium-Channel Blockers,August 2011,1
48017,234065001000027100,86346020,1,Erythoden 125mg/5ml Liquid (Stevenden Healthcare),Erythromycin ethyl succinate,25mg/1ml,Oral suspension,Oral,05010500,Macrolides,November 2012,1
82951,15004411000001104,76231020,1,Fenofibrate micronised 67mg capsules (Accord-UK Ltd),Fenofibrate micronised,67mg,Capsule,Oral,02120300,Fibrates,February 2021,1
66172,21965911000001104,47169020,2,Uard 180XL capsules (Ennogen Healthcare Ltd),Diltiazem hydrochloride,180mg,Modified-release capsule,Oral,02060200,Calcium-Channel Blockers,May 2016,1
54098,16172811000001108,05840020,13,Erythroped A 500mg tablets (Lexon (UK) Ltd),Erythromycin ethyl succinate,500mg,Tablet,Oral,05010500,Macrolides,March 2013,1
4204,41743011000001104,69616020,250413,Miconazole 20mg/g oromucosal gel sugar free,Miconazole,20mg/1gram,Oromucosal gel,Oromucosal/Oral,12030200,Oropharyngeal Anti-Infective Drugs,February 2009,1
19457,3634111000001100,84468020,27,Ranvera MR 240mg tablets (Ranbaxy (UK) Ltd),Verapamil hydrochloride,240mg,Modified-release tablet,Oral,02060200,Calcium-Channel Blockers,February 2009,1
50241,8274611000001107,18929020,53,Amiodarone 200mg/5ml oral suspension,Amiodarone hydrochloride,40mg/1ml,Oral suspension,Oral,02030201,Supraventricular & Ventricular Arrhythmias,January 2013,1
21918,527711000001108,85943020,356,Optil 60mg modified-release tablets (Opus Pharmaceuticals Ltd),Diltiazem hydrochloride,60mg,Modified-release tablet,Oral,02060200,Calcium-Channel Blockers,February 2009,1
34864,729811000001109,55897020,2074,Warfarin 5mg tablets (IVAX Pharmaceuticals UK Ltd),Warfarin sodium,5mg,Tablet,Oral,02080200,Oral Anticoagulants,February 2009,1
32037,8159311000001101,87724020,2,Reyataz 100mg capsules (Bristol-Myers Squibb Pharmaceuticals Ltd),Atazanavir sulfate,100mg,Capsule,Oral,05030151,Protease Inhibitors,February 2009,1
38372,39686811000001104,93139020,5,Darunavir 300mg tablets,Darunavir ethanolate,300mg,Tablet,Oral,00000000,Unknown,February 2009,1
64312,13620511000001100,70454020,3,Erythromycin ethyl succinate 250mg/5ml oral suspension (Pinewood Healthcare),Erythromycin ethyl succinate,50mg/1ml,Oral suspension,Oral,05010500,Macrolides,September 2015,1
65636,29955211000001108,52683021,1,Adizem-XL 120mg capsules (Lexon (UK) Ltd),Diltiazem hydrochloride,120mg,Modified-release capsule,Oral,02060200,Calcium-Channel Blockers,March 2016,1
9583,232705001000027100,86014020,1736,Klaricid 250mg/5ml Oral suspension (Abbott Laboratories Ltd),Clarithromycin,50mg/1ml,Oral suspension,Oral,05010500,Macrolides,February 2009,1
14261,4880011000001107,78206020,5288,Canesten Thrush Oral 150mg capsules (Bayer Plc),Fluconazole,150mg,Capsule,Oral,05020100,Triazole Antifungals,February 2009,1
54897,13745611000001100,05883020,0,Clarithromycin 250mg tablets (Tillomed Laboratories Ltd),Clarithromycin,250mg,Tablet,Oral,05010500,Macrolides,May 2013,1
80319,37280311000001110,88567021,146,Empagliflozin 10mg / Linagliptin 5mg tablets,Linagliptin/Empagliflozin,5mg + 10mg,Tablet,Oral,06010211,Gliflozins Plus Gliptins,April 2020,1
59100,21976211000001108,47440020,0,Erythromycin 250mg gastro-resistant tablets (Waymade Healthcare Plc),Erythromycin,250mg,Gastro-resistant tablet,Oral,05010500/13060201,Macrolides/Oral Antibacterials For Acne,March 2014,1
79142,34814111000001104,78628021,5,Ribociclib 200mg tablets,Ribociclib succinate,200mg,Tablet,Oral,08010551,Protein Kinase Inhibitors,December 2019,1
47192,19376911000001104,00118021,789,Capsorin 100mg capsules (Morningside Healthcare Ltd),Ciclosporin,100mg,Capsule,Oral,08020200/10010302/13050300,Corticosteroids And Other Immunosuppressants/Drugs Affecting The Immune Response In Rheumatic Disease/Drugs Affecting The Immune Response For Eczema And Psoriasis,May 2012,1
60620,23929811000001108,21730021,0,Adizem-XL 240mg capsules (Waymade Healthcare Plc),Diltiazem hydrochloride,240mg,Modified-release capsule,Oral,02060200,Calcium-Channel Blockers,July 2014,1
57208,21864811000001104,47167020,5,Diltiazem 120mg modified-release capsules (Cubic Pharmaceuticals Ltd),Diltiazem hydrochloride,120mg,Modified-release capsule,Oral,02060200,Calcium-Channel Blockers,September 2013,1
973,456811000001107,74679020,129850,Neoral 100mg capsules (Novartis Pharmaceuticals UK Ltd),Ciclosporin,100mg,Capsule,Oral,08020200/10010302/13050300,Corticosteroids And Other Immunosuppressants/Drugs Affecting The Immune Response In Rheumatic Disease/Drugs Affecting The Immune Response For Eczema And Psoriasis,February 2009,1
18772,200655001000027100,76339020,16,Dumicoat 5% Denture lacquer (Actavis UK Ltd),Miconazole,5%,Denture Lacquer,Oromucosal,05020000/12030200,Antifungals/Oropharyngeal Anti-Infective Drugs,February 2009,1
45630,17175011000001108,98463020,231,Ritonavir 100mg tablets,Ritonavir,100mg,Tablet,Oral,05030151,Protease Inhibitors,July 2011,1
34751,478411000001109,60016020,3,Amiodarone 200mg tablets (Zentiva Pharma UK Ltd),Amiodarone hydrochloride,200mg,Tablet,Oral,02030201,Supraventricular & Ventricular Arrhythmias,February 2009,1
70606,34713411000001108,78181021,1240,Ticagrelor 90mg orodispersible tablets sugar free,Ticagrelor,90mg,Orodispersible tablet,Oral,02090000,Antiplatelet Products,November 2017,1
7551,4994211000001103,87157020,7647,Niaspan 1g modified-release tablets (Abbott Laboratories Ltd),Nicotinic acid,1gram,Modified-release tablet,Oral,02120500,Nicotinic Acid Group,February 2009,1
602,39020211000001104,64208020,919363,Bezafibrate 400mg modified-release tablets,Bezafibrate,400mg,Modified-release tablet,Oral,02120300,Fibrates,February 2009,1
23153,68411000001107,64747020,251,Liparol 400 XL tablets (Ashbourne Pharmaceuticals Ltd),Bezafibrate,400mg,Modified-release tablet,Oral,02120300,Fibrates,February 2009,1
43112,39691711000001104,98192020,33917,Dronedarone 400mg tablets,Dronedarone hydrochloride,400mg,Tablet,Oral,02030202,Supraventricular Arrhythmias,August 2010,1
77947,12027311000001108,30485020,3,Diltiazem 120mg/5ml oral solution,Diltiazem hydrochloride,24mg/1ml,Oral solution,Oral,02060200,Calcium-Channel Blockers,September 2019,1
793,196035001000027100,75164020,221336,Adizem xl 240mg Capsule (Napp Pharmaceuticals Ltd),Diltiazem hydrochloride,240mg,Modified-release capsule,Oral,02060200,Calcium-Channel Blockers,February 2009,1
64147,28320411000001104,44223021,55,Harvoni 90mg/400mg tablets (Gilead Sciences Ltd),Ledipasvir/Sofosbuvir,90mg + 400mg,Tablet,Oral,05030302,Chronic Hepatitis C,September 2015,1
67975,580011000001103,00832020,1,Amiodarone 200mg tablets (Alliance Healthcare (Distribution) Ltd),Amiodarone hydrochloride,200mg,Tablet,Oral,02030201,Supraventricular & Ventricular Arrhythmias,October 2016,1
76421,35574011000001100,81382021,2,Colchicine 400micrograms/5ml oral suspension,Colchicine,80microgram/1ml,Oral suspension,Oral,10010450,Acute Attacks Of Gout,May 2019,1
50948,17902311000001104,05871020,2,Erythromycin ethyl succinate 125mg/5ml oral suspension (Phoenix Healthcare Distribution Ltd),Erythromycin ethyl succinate,25mg/1ml,Oral suspension,Oral,05010500,Macrolides,January 2013,1
59250,22604011000001104,16770021,5,Ciclosporin 100mg capsules (Colorama Pharmaceuticals Ltd),Ciclosporin,100mg,Capsule,Oral,08020200/10010302/13050300,Corticosteroids And Other Immunosuppressants/Drugs Affecting The Immune Response In Rheumatic Disease/Drugs Affecting The Immune Response For Eczema And Psoriasis,March 2014,1
2215,383511000001102,58844020,19158,Lopid 300mg capsules (Pfizer Ltd),Gemfibrozil,300mg,Capsule,Oral,02120300,Fibrates,February 2009,1
60589,10305211000001108,72795020,103,Warfarin 500microgram tablets (Accord-UK Ltd),Warfarin sodium,500microgram,Tablet,Oral,02080200,Oral Anticoagulants,July 2014,1
67157,17905511000001104,02449020,0,Fenofibrate micronised 200mg capsules (Phoenix Healthcare Distribution Ltd),Fenofibrate micronised,200mg,Capsule,Oral,02120300,Fibrates,August 2016,1
59863,16158811000001108,01895020,134,Dilzem XL 240 capsules (Lexon (UK) Ltd),Diltiazem hydrochloride,240mg,Modified-release capsule,Oral,02060200,Calcium-Channel Blockers,May 2014,1
78757,34878311000001100,78707021,2,Generic Symtuza 800mg/150mg/200mg/10mg tablets,Tenofovir alafenamide fumarate/Emtricitabine/Darunavir ethanolate/Cobicistat,10mg + 200mg + 800mg + 150mg,Tablet,Oral,05030100,HIV Infection,November 2019,1
54529,204945001000027100,77628020,0,Clarithromycin 500mg Modified-release tablet (Hillcross Pharmaceuticals Ltd),Clarithromycin,500mg,Modified-release tablet,Oral,05010500,Macrolides,April 2013,1
13075,254911000001106,87834020,97448,Dilzem XL 180 capsules (Teva UK Ltd),Diltiazem hydrochloride,180mg,Modified-release capsule,Oral,02060200,Calcium-Channel Blockers,February 2009,1
70609,33408311000001104,70575021,19,Zepatier 50mg/100mg tablets (Merck Sharp & Dohme (UK) Ltd),Elbasvir/Grazoprevir,50mg + 100mg,Tablet,Oral,05030302,Chronic Hepatitis C,November 2017,1
62796,22588711000001104,16416021,0,Amiodarone 100mg tablets (DE Pharmaceuticals),Amiodarone hydrochloride,100mg,Tablet,Oral,02030201,Supraventricular & Ventricular Arrhythmias,April 2015,1
30618,220415001000027100,82582020,165,Estroven Tablet (Estroven Ltd),Calcium/Folic Acid/Iodine/Nicotinic Acid/Riboflavin/Pyridoxine/Soya Oil/Alpha Tocopherol/Arrowroot/Selenium/Thiamine/Vitamin B12,,Tablet,Oral,09060750,-,February 2009,1
13033,75111000001104,86668020,42962,Angitil XL 240 capsules (Ethypharm UK Ltd),Diltiazem hydrochloride,240mg,Modified-release capsule,Oral,02060200,Calcium-Channel Blockers,February 2009,1
62760,25238811000001108,29552021,2688,Jardiance 10mg tablets (Boehringer Ingelheim Ltd),Empagliflozin,10mg,Tablet,Oral,06010205,SGLT2 Inhibitors (Gliflozins),April 2015,1
13251,7418711000001109,78368020,1469,Vera-Til SR 240mg tablets (Tillomed Laboratories Ltd),Verapamil hydrochloride,240mg,Modified-release tablet,Oral,02060200,Calcium-Channel Blockers,February 2009,1
11973,104111000001100,79934020,5979,Calcicard CR 120mg tablets (Teva UK Ltd),Diltiazem hydrochloride,120mg,Modified-release tablet,Oral,02060200,Calcium-Channel Blockers,February 2009,1
18852,116711000001106,86924020,1322,Disogram SR 120mg capsules (Ranbaxy (UK) Ltd),Diltiazem hydrochloride,120mg,Modified-release capsule,Oral,02060200,Calcium-Channel Blockers,February 2009,1
55148,9157711000001108,05918020,0,Clarithromycin 250mg/5ml oral suspension (Alliance Healthcare (Distribution) Ltd),Clarithromycin,50mg/1ml,Oral suspension,Oral,05010500,Macrolides,May 2013,1
26463,215655001000027100,81081020,6,Zemret xl 240mg Capsule (Neo Laboratories Ltd),Diltiazem hydrochloride,240mg,Modified-release capsule,Oral,02060200,Calcium-Channel Blockers,February 2009,1
44192,823511000001107,97277020,246,Zemret 240 XL capsules (Tillomed Laboratories Ltd),Diltiazem hydrochloride,240mg,Modified-release capsule,Oral,02060200,Calcium-Channel Blockers,December 2010,1
1967,3358511000001106,49735020,16705,Gyno-Daktarin 100mg pessaries (Janssen-Cilag Ltd),Miconazole nitrate,100mg,Pessary,Vaginal,00000000,Unknown,February 2009,1
38634,2886111000001104,95575020,209916,Adizem-XL 300mg capsules (Napp Pharmaceuticals Ltd),Diltiazem hydrochloride,300mg,Modified-release capsule,Oral,02060200,Calcium-Channel Blockers,February 2009,1
85419,29920711000001108,52699021,0,Ciprofibrate 100mg tablets (Advanz Pharma),Ciprofibrate,100mg,Tablet,Oral,02120300,Fibrates,January 2022,1
47222,13924111000001102,75703020,103,Verapamil 120mg modified-release tablets (A A H Pharmaceuticals Ltd),Verapamil hydrochloride,120mg,Modified-release tablet,Oral,02060200,Calcium-Channel Blockers,May 2012,1
36544,216225001000027100,81330020,25,Arpimycin 125mg/5ml Oral suspension (Rosemont Pharmaceuticals Ltd),Erythromycin ethyl succinate,25mg/1ml,Oral suspension,Oral,05010500,Macrolides,February 2009,1
65106,28381411000001108,43095021,0,Itraconazole 50mg/5ml oral solution sugar free (Alliance Healthcare (Distribution) Ltd),Itraconazole,10mg/1ml,Oral solution,Oral,05020100,Triazole Antifungals,January 2016,1
88111,36847211000001104,85561021,0,Clarithromycin 500mg tablets (Torrent Pharma (UK) Ltd),Clarithromycin,500mg,Tablet,Oral,05010500,Macrolides,May 2023,1
6497,25895001000027108,51247020,928,Clarithromycin 500mg with metronidazole 400mg with lansoprazole 30mg triple pack,Clarithromycin/Lansoprazole/Metronidazole,500mg + 400mg + 30mg,Triple Pack,,01030500/05010500,Proton Pump Inhibitors/Macrolides,February 2009,1
4928,2952311000001100,86195020,35730,Lipantil Micro 200 capsules (Viatris UK Healthcare Ltd),Fenofibrate micronised,200mg,Capsule,Oral,02120300,Fibrates,February 2009,1
31514,10060911000001108,55309020,19,Erythromycin ethyl succinate 500mg/5ml oral suspension sugar free (Abbott Laboratories Ltd),Erythromycin ethyl succinate,100mg/1ml,Oral suspension,Oral,05010500,Macrolides,February 2009,1
53086,19715011000001104,38554020,0,Clarithromycin 250mg tablets (DE Pharmaceuticals),Clarithromycin,250mg,Tablet,Oral,05010500,Macrolides,January 2013,1
77442,10467211000001108,01908020,832,Tildiem 60mg modified-release tablets (Dowelhurst Ltd),Diltiazem hydrochloride,60mg,Modified-release tablet,Oral,02060200,Calcium-Channel Blockers,August 2019,1
33471,797711000001100,56374020,53,Verapamil 40mg tablets (Accord-UK Ltd),Verapamil hydrochloride,40mg,Tablet,Oral,02060200,Calcium-Channel Blockers,February 2009,1
79303,5300211000001105,05916020,2,Klaricid Paediatric 250mg/5ml oral suspension (Dowelhurst Ltd),Clarithromycin,50mg/1ml,Oral suspension,Oral,05010500,Macrolides,December 2019,1
48798,17856811000001102,07455020,595,Ciclosporin 50mg capsules (Phoenix Healthcare Distribution Ltd),Ciclosporin,50mg,Capsule,Oral,08020200/10010302/13050300,Corticosteroids And Other Immunosuppressants/Drugs Affecting The Immune Response In Rheumatic Disease/Drugs Affecting The Immune Response For Eczema And Psoriasis,January 2013,1
83490,10139111000001104,72647020,0,Warfarin 3mg tablets (Zentiva Pharma UK Ltd),Warfarin sodium,3mg,Tablet,Oral,02080200,Oral Anticoagulants,April 2021,1
23017,10315001000027104,49295020,410,Erycen 500mg Tablet (Berk Pharmaceuticals Ltd),Erythromycin,500mg,Tablet,Oral,05010500/13060201,Macrolides/Oral Antibacterials For Acne,February 2009,1
57859,21865011000001108,47164020,169,Diltiazem 90mg modified-release tablets (Cubic Pharmaceuticals Ltd),Diltiazem hydrochloride,90mg,Modified-release tablet,Oral,02060200,Calcium-Channel Blockers,December 2013,1
34469,740711000001105,49436020,98,Colchicine 500microgram tablets (Wockhardt UK Ltd),Colchicine,500microgram,Tablet,Oral,10010450,Acute Attacks Of Gout,February 2009,1
66973,32472211000001104,67744021,9297,Ticagrelor 60mg tablets,Ticagrelor,60mg,Tablet,Oral,02090000,Antiplatelet Products,August 2016,1
31209,754111000001102,48473020,384,Amiodarone 100mg tablets (A A H Pharmaceuticals Ltd),Amiodarone hydrochloride,100mg,Tablet,Oral,02030201,Supraventricular & Ventricular Arrhythmias,February 2009,1
32898,177211000001105,56174020,307,Erythromycin ethyl succinate 250mg/5ml oral suspension sugar free (A A H Pharmaceuticals Ltd),Erythromycin ethyl succinate,50mg/1ml,Oral suspension,Oral,05010500,Macrolides,February 2009,1
58519,22735311000001104,17195021,0,Warfarin 1mg tablets (DE Pharmaceuticals),Warfarin sodium,1mg,Tablet,Oral,02080200,Oral Anticoagulants,January 2014,1
63343,4933311000001104,14664020,0,Generic Crampex tablets,Colecalciferol/Calcium gluconate/Nicotinic acid,20microgram + 200mg + 20mg,Tablet,Oral,10020202,Other Muscle Relaxants,June 2015,1
83342,28989311000001108,47993021,0,Warfarin 5mg tablets (Crescent Pharma Ltd),Warfarin sodium,5mg,Tablet,Oral,02080200,Oral Anticoagulants,March 2021,1
68531,13015411000001108,33673020,1,Verapamil 40mg/5ml oral suspension,Verapamil hydrochloride,8mg/1ml,Oral suspension,Oral,02060200,Calcium-Channel Blockers,January 2017,1
30980,237511000001108,63383020,1,Erythromycin ethyl succinate 500mg/5ml oral suspension (Kent Pharma (UK) Ltd),Erythromycin ethyl succinate,100mg/1ml,Oral suspension,Oral,05010500,Macrolides,February 2009,1
88137,40266811000001104,01838022,1,Aubagio 7mg tablets (Sanofi),Teriflunomide,7mg,Tablet,Oral,08020400,Other Immunomodulating Drugs,May 2023,1
15978,711911000001105,82851020,963,Sporanox 50mg/5ml oral solution (Janssen-Cilag Ltd),Itraconazole,10mg/1ml,Oral solution,Oral,05020100,Triazole Antifungals,February 2009,1
49001,10055311000001108,11003020,1050,Diltiazem 120mg modified-release tablets (Alliance Healthcare (Distribution) Ltd),Diltiazem hydrochloride,120mg,Modified-release tablet,Oral,02060200,Calcium-Channel Blockers,January 2013,1
27136,10065211000001108,60317020,1431,Diltiazem 90mg modified-release tablets (A A H Pharmaceuticals Ltd),Diltiazem hydrochloride,90mg,Modified-release tablet,Oral,02060200,Calcium-Channel Blockers,February 2009,1
8759,68645001000027110,56680020,9865,Verapamil hcl 120mg modified release tablets,Verapamil Hydrochloride,120mg,Modified Release Tablet,Oral,02030202/02060200,Supraventricular Arrhythmias/Calcium-Channel Blockers,February 2009,1
34515,21611000001108,60186020,175,Amiodarone 200mg tablets (Viatris UK Healthcare Ltd),Amiodarone hydrochloride,200mg,Tablet,Oral,02030201,Supraventricular & Ventricular Arrhythmias,February 2009,1
59400,15202611000001100,02311020,1,Warfarin 500microgram tablets (Sigma Pharmaceuticals Plc),Warfarin sodium,500microgram,Tablet,Oral,02080200,Oral Anticoagulants,April 2014,1
29154,70515001000027104,56967020,3271,Erythromycin 250mg Capsule (Actavis UK Ltd),Erythromycin Lactobionate,250mg,Capsule,Oral,05010500/13060201,Macrolides/Oral Antibacterials For Acne,February 2009,1
67793,9752611000001106,71911020,0,Amiodarone 100mg tablets (Milpharm Ltd),Amiodarone hydrochloride,100mg,Tablet,Oral,02030201,Supraventricular & Ventricular Arrhythmias,October 2016,1
6510,219711000001103,68477020,80662,Univer 120mg modified-release capsules (Teva UK Ltd),Verapamil hydrochloride,120mg,Modified-release capsule,Oral,02060200,Calcium-Channel Blockers,February 2009,1
15290,235505001000027100,86834020,603,Lansoprazole with amoxicillin and clarithromycin 30mg + 500mg + 500mg Triple pack,Amoxicillin Trihydrate/Clarithromycin/Lansoprazole,30mg + 500mg + 500mg,Triple Pack,,01030500/05010103,Proton Pump Inhibitors/Broad-Spectrum Penicillins,February 2009,1
63798,16550911000001108,07445020,0,Ciclosporin 100mg capsules (A A H Pharmaceuticals Ltd),Ciclosporin,100mg,Capsule,Oral,08020200/10010302/13050300,Corticosteroids And Other Immunosuppressants/Drugs Affecting The Immune Response In Rheumatic Disease/Drugs Affecting The Immune Response For Eczema And Psoriasis,July 2015,1
82561,10507311000001106,02470020,48,Supralip 160mg tablets (Waymade Healthcare Plc),Fenofibrate micronised,160mg,Tablet,Oral,02120300,Fibrates,January 2021,1
31530,7211000001107,69983020,5,Erythromycin 250mg gastro-resistant tablets (Ranbaxy (UK) Ltd),Erythromycin,250mg,Gastro-resistant tablet,Oral,05010500/13060201,Macrolides/Oral Antibacterials For Acne,February 2009,1
47471,19377311000001100,00114021,524,Capsorin 25mg capsules (Morningside Healthcare Ltd),Ciclosporin,25mg,Capsule,Oral,08020200/10010302/13050300,Corticosteroids And Other Immunosuppressants/Drugs Affecting The Immune Response In Rheumatic Disease/Drugs Affecting The Immune Response For Eczema And Psoriasis,July 2012,1
32870,673611000001103,60682020,60,Diltiazem 60mg modified-release tablets (Sterwin Medicines),Diltiazem hydrochloride,60mg,Modified-release tablet,Oral,02060200,Calcium-Channel Blockers,February 2009,1
12330,153755001000027100,68308020,237,Erythromycin ethylsuccinate 1g sachets,Erythromycin Ethyl Succinate,1g,Sachets,Oral,05010500,Macrolides,February 2009,1
52952,18281911000001104,05835020,0,Erythromycin 250mg gastro-resistant tablets (Strides Pharma UK Ltd),Erythromycin,250mg,Gastro-resistant tablet,Oral,05010500/13060201,Macrolides/Oral Antibacterials For Acne,January 2013,1
66704,28688011000001104,44869021,19,Viekirax 12.5mg/75mg/50mg tablets (AbbVie Ltd),Ritonavir/Paritaprevir/Ombitasvir,50mg + 75mg + 12.5mg,Tablet,Oral,05030302,Chronic Hepatitis C,July 2016,1
31221,51311000001102,61400020,81,Bezafibrate 200mg tablets (Viatris UK Healthcare Ltd),Bezafibrate,200mg,Tablet,Oral,02120300,Fibrates,February 2009,1
19330,14725001000027106,49906020,1609,Ilosone 250mg/5ml Liquid (Dista Products Ltd),Erythromycin Lactobionate,250mg/5ml,Liquid,Oral,05010500/13060201,Macrolides/Oral Antibacterials For Acne,February 2009,1
38044,8798711000001106,94825020,180,Warfarin 5mg/5ml oral solution,Warfarin sodium,1mg/1ml,Oral solution,Oral,02080200,Oral Anticoagulants,February 2009,1
32902,79111000001102,63380020,1,Erythromycin ethyl succinate 250mg/5ml oral suspension (Kent Pharma (UK) Ltd),Erythromycin ethyl succinate,50mg/1ml,Oral suspension,Oral,05010500,Macrolides,February 2009,1
65496,17876511000001102,02312020,0,Warfarin 500microgram tablets (Phoenix Healthcare Distribution Ltd),Warfarin sodium,500microgram,Tablet,Oral,02080200,Oral Anticoagulants,February 2016,1
33304,4227311000001109,77508020,53,Kerymax 250mg gastro-resistant capsules (Kent Pharma (UK) Ltd),Erythromycin,250mg,Gastro-resistant capsule,Oral,05010500/13060201,Macrolides/Oral Antibacterials For Acne,February 2009,1
62207,23928711000001108,21725021,0,Adizem-SR 120mg capsules (Waymade Healthcare Plc),Diltiazem hydrochloride,120mg,Modified-release capsule,Oral,02060200,Calcium-Channel Blockers,January 2015,1
61561,21975211000001104,47446020,0,Erythromycin ethyl succinate 250mg/5ml oral suspension (Waymade Healthcare Plc),Erythromycin ethyl succinate,50mg/1ml,Oral suspension,Oral,05010500,Macrolides,November 2014,1
2837,41760111000001104,69118020,54483,Ciclosporin 50mg capsules,Ciclosporin,50mg,Capsule,Oral,08020200/10010302/13050300,Corticosteroids And Other Immunosuppressants/Drugs Affecting The Immune Response In Rheumatic Disease/Drugs Affecting The Immune Response For Eczema And Psoriasis,February 2009,1
20842,218165001000027100,81937020,12,Phyllosan Tablet (SSL International Plc),Thiamine Nitrate/Ferrous Fumarate/Ascorbic Acid/Riboflavin/Nicotinic Acid,,Tablet,Oral,09010101/09060700,Oral Iron/Multivitamin And Multimineral Preparations,February 2009,1
3057,140411000001109,58377020,14257,Securon 120mg tablets (Abbott Laboratories Ltd),Verapamil hydrochloride,120mg,Tablet,Oral,02060200,Calcium-Channel Blockers,February 2009,1
41693,485611000001106,60641020,1,Verapamil 120mg tablets (Viatris UK Healthcare Ltd),Verapamil hydrochloride,120mg,Tablet,Oral,02060200,Calcium-Channel Blockers,March 2010,1
55133,10139811000001104,05863020,0,Erythromycin 250mg gastro-resistant capsules (Kent Pharma (UK) Ltd),Erythromycin,250mg,Gastro-resistant capsule,Oral,05010500/13060201,Macrolides/Oral Antibacterials For Acne,May 2013,1
34974,8819111000001101,69363020,38,Clarithromycin 500mg tablets (Teva UK Ltd),Clarithromycin,500mg,Tablet,Oral,05010500,Macrolides,February 2009,1
36370,10053611000001102,90391020,8,Noxafil 40mg/ml oral suspension (Merck Sharp & Dohme (UK) Ltd),Posaconazole,40mg/1ml,Oral suspension,Oral,05020100,Triazole Antifungals,February 2009,1
4971,41790511000001104,76409020,131909,Leflunomide 10mg tablets,Leflunomide,10mg,Tablet,Oral,10010302,Drugs Affecting The Immune Response In Rheumatic Disease,February 2009,1
47102,17665611000001108,99162020,672,Capimune 50mg capsules (Viatris UK Healthcare Ltd),Ciclosporin,50mg,Capsule,Oral,08020200/10010302/13050300,Corticosteroids And Other Immunosuppressants/Drugs Affecting The Immune Response In Rheumatic Disease/Drugs Affecting The Immune Response For Eczema And Psoriasis,May 2012,1
57489,16034411000001108,76919020,0,Ciprofibrate 100mg tablets (Zentiva Pharma UK Ltd),Ciprofibrate,100mg,Tablet,Oral,02120300,Fibrates,October 2013,1
46693,17173311000001106,98465020,13,Norvir 100mg tablets (AbbVie Ltd),Ritonavir,100mg,Tablet,Oral,05030151,Protease Inhibitors,January 2012,1
29676,214485001000027100,80745020,18,Calazem 60mg Modified-release tablet (Berk Pharmaceuticals Ltd),Diltiazem hydrochloride,60mg,Modified-release tablet,Oral,02060200,Calcium-Channel Blockers,February 2009,1
85909,13720811000001104,02442020,0,Fenofibrate micronised 200mg capsules (Ranbaxy (UK) Ltd),Fenofibrate micronised,200mg,Capsule,Oral,02120300,Fibrates,April 2022,1
41013,13641611000001108,95075020,3,Reyataz 300mg capsules (Bristol-Myers Squibb Pharmaceuticals Ltd),Atazanavir sulfate,300mg,Capsule,Oral,05030151,Protease Inhibitors,December 2009,1
21623,178955001000027100,72130020,26,Femeron 1.2g Pessary (Johnson+Johnson MSD Consumer Pharmaceuticals),Miconazole Nitrate,1.2g,Pessary,Vaginal,07020200,Vaginal And Vulval Infections,February 2009,1
41396,9157011000001106,63947020,82,Fenofibrate micronised 200mg capsules (A A H Pharmaceuticals Ltd),Fenofibrate micronised,200mg,Capsule,Oral,02120300,Fibrates,March 2010,1
45308,9208311000001104,71935020,276,Verapamil 240mg modified-release tablets (Viatris UK Healthcare Ltd),Verapamil hydrochloride,240mg,Modified-release tablet,Oral,02060200,Calcium-Channel Blockers,May 2011,1
5904,542711000001108,64560020,234,Diflucan 200mg/5ml oral suspension (Pfizer Ltd),Fluconazole,40mg/1ml,Oral suspension,Oral,05020100,Triazole Antifungals,February 2009,1
972,660811000001100,74677020,131393,Neoral 25mg capsules (Novartis Pharmaceuticals UK Ltd),Ciclosporin,25mg,Capsule,Oral,08020200/10010302/13050300,Corticosteroids And Other Immunosuppressants/Drugs Affecting The Immune Response In Rheumatic Disease/Drugs Affecting The Immune Response For Eczema And Psoriasis,February 2009,1
16067,207795001000027100,78391020,11050,Sanatogen gold A to Z Tablet (Roche Consumer Health),Biotin/Sodium Molybdate/Ascorbic Acid/Borax/Silica/Vitamin A Acetate/Calcium Pantothenate/Folic Acid/Ferrous Fumarate/Magnesium Oxide/Nicotinic Acid/Potassium Chloride/Potassium Iodide/Pyridoxine Hydrochloride/Riboflavin/Alpha Tocopherol/Vitami,,Tablet,Oral,09060750,-,February 2009,1
77032,33676211000001100,71446021,3,Colchicine 500microgram tablets (Teva UK Ltd),Colchicine,500microgram,Tablet,Oral,10010450,Acute Attacks Of Gout,July 2019,1
9491,319990006,86190020,62355,Fenofibrate micronised 67mg capsules,Fenofibrate micronised,67mg,Capsule,Oral,02120300,Fibrates,February 2009,1
26270,203585001000027100,77217020,456,Optil xl 300mg Modified-release capsule (Opus Pharmaceuticals Ltd),Diltiazem hydrochloride,300mg,Modified-release capsule,Oral,02060200,Calcium-Channel Blockers,February 2009,1
8706,457811000001109,56989020,41438,Modalim 100mg tablets (Sanofi),Ciprofibrate,100mg,Tablet,Oral,02120300,Fibrates,February 2009,1
83675,39296211000001104,97060021,31,Epclusa 200mg/50mg tablets (Gilead Sciences Ltd),Velpatasvir/Sofosbuvir,50mg + 200mg,Tablet,Oral,05030302,Chronic Hepatitis C,April 2021,1
553,89775001000027100,59403020,310823,Erythromycin 250mg.5ml oral suspension,Erythromycin Ethyl Succinate,250mg/5ml,Suspension,Oral,05010500,Macrolides,February 2009,1
79093,20942411000001104,42212020,1,Fluconazole 50mg/5ml oral suspension (Accord-UK Ltd),Fluconazole,10mg/1ml,Oral suspension,Oral,05020100,Triazole Antifungals,December 2019,1
10903,36036011000001104,71160020,11931,Miconazole 1.2g vaginal capsules,Miconazole nitrate,1.2gram,Capsule,Vaginal,00000000,Unknown,February 2009,1
68943,29789111000001104,52268021,0,Clarithromycin 500mg tablets (Sigma Pharmaceuticals Plc),Clarithromycin,500mg,Tablet,Oral,05010500,Macrolides,March 2017,1
765,41946211000001104,76384020,9001,Clarithromycin 250mg granules sachets,Clarithromycin,250mg,Granules,Oral,05010500,Macrolides,February 2009,1
83218,37223211000001104,87669021,1,Dasatinib 10mg/ml oral suspension,Dasatinib monohydrate,10mg/1ml,Oral suspension,Oral,08010551,Protein Kinase Inhibitors,March 2021,1
75595,12605001000027104,49623020,1,Erythromycin 250mg/5ml Liquid (Berk Pharmaceuticals Ltd),Erythromycin ethyl succinate,50mg/1ml,Oral suspension,Oral,05010500,Macrolides,April 2019,1
74213,18757211000001108,78008020,0,Leflunomide 20mg tablets (A A H Pharmaceuticals Ltd),Leflunomide,20mg,Tablet,Oral,10010302,Drugs Affecting The Immune Response In Rheumatic Disease,January 2019,1
47935,204355001000027100,77455020,0,Fenofibrate 200mg Capsule (Teva UK Ltd),Fenofibrate micronised,200mg,Capsule,Oral,02120300,Fibrates,October 2012,1
35729,279811000001100,54551020,333,Verapamil 80mg tablets (Teva UK Ltd),Verapamil hydrochloride,80mg,Tablet,Oral,02060200,Calcium-Channel Blockers,February 2009,1
34320,4114911000001109,65569020,39,Fluconazole 150mg capsules (Actavis UK Ltd),Fluconazole,150mg,Capsule,Oral,05020100,Triazole Antifungals,February 2009,1
66590,26421311000001104,29715021,4,Itraconazole 50mg/5ml oral solution sugar free (Kent Pharma (UK) Ltd),Itraconazole,10mg/1ml,Oral solution,Oral,05020100,Triazole Antifungals,June 2016,1
61436,24580911000001108,26708021,552,Posaconazole 100mg gastro-resistant tablets,Posaconazole,100mg,Gastro-resistant tablet,Oral,05020100,Triazole Antifungals,October 2014,1
62720,21536711000001104,46676020,1,Prezista 100mg/ml oral suspension (Janssen-Cilag Ltd),Darunavir ethanolate,100mg/1ml,Oral suspension,Oral,05030151,Protease Inhibitors,April 2015,1
68537,31073011000001100,61252021,40,Genvoya 150mg/150mg/200mg/10mg tablets (Gilead Sciences Ltd),Tenofovir alafenamide/Emtricitabine/Elvitegravir/Cobicistat,10mg + 200mg + 150mg + 150mg,Tablet,Oral,05030150,Nucleoside Reverse Transcriptase Inhibitors,January 2017,1
5194,193235001000027100,74598020,18387,Dilzem sr 120mg Capsule (Elan Pharma),Diltiazem Hydrochloride,120mg,Capsule,Oral,02060200,Calcium-Channel Blockers,February 2009,1
48869,18290011000001104,37790020,4830,Warfarin 1mg/ml oral suspension sugar free,Warfarin sodium,1mg/1ml,Oral suspension,Oral,02080200,Oral Anticoagulants,January 2013,1
82528,10784611000001108,02458020,49,Lipantil Micro 267 capsules (Waymade Healthcare Plc),Fenofibrate micronised,267mg,Capsule,Oral,02120300,Fibrates,January 2021,1
680,307611000001107,69725020,90648,Sporanox 100mg capsules (Janssen-Cilag Ltd),Itraconazole,100mg,Capsule,Oral,05020100,Triazole Antifungals,February 2009,1
71061,17970411000001104,78450020,0,Fluconazole 50mg capsules (Almus Pharmaceuticals Ltd),Fluconazole,50mg,Capsule,Oral,00000000,Unknown,December 2017,1
64503,5341511000001107,02405020,822,Bezalip Mono 400mg modified-release tablets (Waymade Healthcare Plc),Bezafibrate,400mg,Modified-release tablet,Oral,02120300,Fibrates,October 2015,1
31676,70325001000027104,56932020,133,Diltiazem HCl 120mg Modified-release tablet (Actavis UK Ltd),Diltiazem hydrochloride,120mg,Modified-release tablet,Oral,02060200,Calcium-Channel Blockers,February 2009,1
1298,38750211000001104,65403020,347791,Verapamil 240mg modified-release tablets,Verapamil hydrochloride,240mg,Modified-release tablet,Oral,02060200,Calcium-Channel Blockers,February 2009,1
27685,129475001000027100,65095020,191,Diltiazem HCl 300mg Capsule (PLIVA Pharma Ltd),Diltiazem hydrochloride,300mg,Modified-release capsule,Oral,02060200,Calcium-Channel Blockers,February 2009,1
78782,246495001000027100,92801020,438,Ketoconazole Oral solution,Ketoconazole,,Oral Solution,,05020000,Antifungals,November 2019,1
11972,675611000001104,86724020,53960,Vertab SR 240 tablets (Chiesi Ltd),Verapamil hydrochloride,240mg,Modified-release tablet,Oral,02060200,Calcium-Channel Blockers,February 2009,1
8467,284011000001104,54867020,43041,Marevan 3mg tablets (Advanz Pharma),Warfarin sodium,3mg,Tablet,Oral,02080200,Oral Anticoagulants,February 2009,1
42661,9795911000001100,71484020,63,Erythromycin 250mg gastro-resistant tablets (Almus Pharmaceuticals Ltd),Erythromycin,250mg,Gastro-resistant tablet,Oral,05010500/13060201,Macrolides/Oral Antibacterials For Acne,June 2010,1
83462,19569411000001108,73064020,0,Colchicine 500microgram tablets (RPH Pharmaceuticals AB),Colchicine,500microgram,Tablet,Oral,10010450,Acute Attacks Of Gout,April 2021,1
21795,865711000001107,50256020,938,Retalzem 60 modified-release tablets (Kent Pharma (UK) Ltd),Diltiazem hydrochloride,60mg,Modified-release tablet,Oral,02060200,Calcium-Channel Blockers,February 2009,1
39171,540011000001107,95543020,496,Bi-Carzem SR 60mg capsules (Tillomed Laboratories Ltd),Diltiazem hydrochloride,60mg,Modified-release capsule,Oral,02060200,Calcium-Channel Blockers,April 2009,1
80965,26195001000027100,51282020,1,Erythromycin 500mg Tablet (Berk Pharmaceuticals Ltd),Erythromycin,500mg,Tablet,,05010500/13060201,Macrolides/Oral Antibacterials For Acne,June 2020,1
70758,21635611000001100,46675020,5,Darunavir 100mg/ml oral suspension sugar free,Darunavir ethanolate,100mg/1ml,Oral suspension,Oral,05030151,Protease Inhibitors,November 2017,1
84198,38716611000001104,94045021,1,Fostamatinib 150mg tablets,Fostamatinib disodium hexahydrate,150mg,Tablet,Oral,02110000,Antifibrinolytic Products And Haemostatics,July 2021,1
46637,17666911000001104,99168020,477,Capimune 25mg capsules (Viatris UK Healthcare Ltd),Ciclosporin,25mg,Capsule,Oral,08020200/10010302/13050300,Corticosteroids And Other Immunosuppressants/Drugs Affecting The Immune Response In Rheumatic Disease/Drugs Affecting The Immune Response For Eczema And Psoriasis,January 2012,1
8082,319964008,62909020,44463,Gemfibrozil 600mg tablets,Gemfibrozil,600mg,Tablet,Oral,02120300,Fibrates,February 2009,1
19459,4579511000001103,51963020,270,Verapamil 240mg modified-release tablets (A A H Pharmaceuticals Ltd),Verapamil hydrochloride,240mg,Modified-release tablet,Oral,02060200,Calcium-Channel Blockers,February 2009,1
1217,168615001000027100,70564020,18935,Lipantil micro 200 200mg Capsule (Fournier Pharmaceuticals Ltd),Fenofibrate micronised,200mg,Capsule,Oral,02120300,Fibrates,February 2009,1
26460,199365001000027100,75964020,43,Dilcardia xl 240mg Modified-release capsule (Generics (UK) Ltd),Diltiazem hydrochloride,240mg,Modified-release capsule,Oral,02060200,Calcium-Channel Blockers,February 2009,1
4071,787611000001105,68924020,2623,Diflucan 200mg capsules (Pfizer Ltd),Fluconazole,200mg,Capsule,Oral,05020100,Triazole Antifungals,February 2009,1
77380,14317811000001100,06194020,169,Diflucan 150mg capsules (Sigma Pharmaceuticals Plc),Fluconazole,150mg,Capsule,Oral,05020100,Triazole Antifungals,August 2019,1
72574,33494611000001104,70596021,0,Aprepitant 125mg oral powder sachets,Aprepitant,125mg,Powder,Oral,04065700,Products Used Against Nausea And Vertigo - Neurokinin Receptor Antagonist,July 2018,1
1072,40235001000027104,53068020,45279,Erythrocin 500 500mg Tablet (Abbott Laboratories Ltd),Erythromycin stearate,500mg,Tablet,Oral,05010500,Macrolides,February 2009,1
17813,61415001000027104,55691020,937,Nicotinic acid 100mg Tablet,Nicotinic Acid,100mg,Tablet,Oral,02120500,Nicotinic Acid Group,February 2009,1
34307,4333111000001105,65735020,3,Fluconazole 50mg capsules (A A H Pharmaceuticals Ltd),Fluconazole,50mg,Capsule,Oral,05020100,Triazole Antifungals,February 2009,1
65280,18470411000001104,99986020,4,Dasatinib 80mg tablets,Dasatinib monohydrate,80mg,Tablet,Oral,08010551,Protein Kinase Inhibitors,January 2016,1
7445,94725001000027100,60111020,43,Amiodarone 50mg/ml injection,Amiodarone Hydrochloride,50mg/ml,Injection,,02030201,Supraventricular & Ventricular Arrhythmias,February 2009,1
63458,17903011000001104,05858020,0,Erythromycin ethyl succinate 250mg/5ml oral suspension sugar free (Phoenix Healthcare Distribution Ltd),Erythromycin ethyl succinate,50mg/1ml,Oral suspension,Oral,05010500,Macrolides,June 2015,1
9708,197575001000027100,75520020,64975,Diltiazem 24hr 120mg modified-release capsules,Diltiazem Hydrochloride,120mg,24 Hour Modified Release Capsules,Oral,02060200,Calcium-Channel Blockers,February 2009,1
11820,237315001000027100,87646020,4242,Clotrimazole 2% cream with Fluconazole 150mg capsules,Fluconazole/Clotrimazole,2% + 150mg,Cream And Capsules,,05020000/07020200,Antifungals/Vaginal And Vulval Infections,February 2009,1
6309,71095001000027104,57068020,157949,Adizem xl 300mg Capsule (Napp Pharmaceuticals Ltd),Diltiazem hydrochloride,300mg,Modified-release capsule,Oral,02060200,Calcium-Channel Blockers,February 2009,1
44887,233545001000027100,86212020,3,Bi-carzem xl 300mg Capsule (Tillomed Laboratories Ltd),Diltiazem hydrochloride,300mg,Modified-release capsule,Oral,02060200,Calcium-Channel Blockers,March 2011,1
62143,23903311000001104,21396021,0,Erythromycin ethyl succinate 125mg/5ml oral suspension sugar free (DE Pharmaceuticals),Erythromycin ethyl succinate,25mg/1ml,Oral suspension,Oral,05010500,Macrolides,January 2015,1
41635,544111000001104,53801020,140,Diltiazem 60mg modified-release tablets (IVAX Pharmaceuticals UK Ltd),Diltiazem hydrochloride,60mg,Modified-release tablet,Oral,02060200,Calcium-Channel Blockers,March 2010,1
66087,16556711000001104,02568020,189,Modalim 100mg tablets (Mawdsley-Brooks & Company Ltd),Ciprofibrate,100mg,Tablet,Oral,02120300,Fibrates,May 2016,1
17425,105211000001107,84733020,63033,Zemtard 120 XL capsules (Galen Ltd),Diltiazem hydrochloride,120mg,Modified-release capsule,Oral,02060200,Calcium-Channel Blockers,February 2009,1
17642,62411000001105,76405020,5534,Arava 20mg tablets (Sanofi),Leflunomide,20mg,Tablet,Oral,10010302,Drugs Affecting The Immune Response In Rheumatic Disease,February 2009,1
65083,30174111000001100,54176021,2771,Synjardy 5mg/1000mg tablets (Boehringer Ingelheim Ltd),Metformin hydrochloride/Empagliflozin,1gram + 5mg,Tablet,Oral,06010210,Gliflozins Plus Metformin,December 2015,1
85704,39815111000001104,98760021,3,Harvoni 45mg/200mg tablets (Gilead Sciences Ltd),Sofosbuvir/Ledipasvir,200mg + 45mg,Tablet,Oral,05030302,Chronic Hepatitis C,March 2022,1
4635,39023411000001104,72177020,144359,Diltiazem 200mg modified-release capsules,Diltiazem hydrochloride,200mg,Modified-release capsule,Oral,02060200,Calcium-Channel Blockers,February 2009,1
14511,160725001000027100,69488020,154,Erymax sprinkle 125mg Capsule (Elan Pharma),Erythromycin,125mg,Capsule,Oral,05010500,Macrolides,February 2009,1
41990,180555001000027100,72388020,357,Multivitamins with minerals Tablet,Pantothenic Acid/Ascorbic Acid/Calcium/Folic Acid/Iron/Nicotinic Acid/Riboflavin/Pyridoxine/Alpha Tocopherol/Vitamin A/Vitamin D/Thiamine/Vitamin B12,,Tablet,Oral,09060750,-,April 2010,1
58635,13836411000001108,02410020,0,Bezalip Mono 400mg modified-release tablets (DE Pharmaceuticals),Bezafibrate,400mg,Modified-release tablet,Oral,02120300,Fibrates,January 2014,1
34959,413611000001109,50799020,7,Verapamil 40mg tablets (A A H Pharmaceuticals Ltd),Verapamil hydrochloride,40mg,Tablet,Oral,02060200,Calcium-Channel Blockers,February 2009,1
1966,41792211000001104,71159020,8495,Miconazole 100mg pessaries,Miconazole nitrate,100mg,Pessary,Vaginal,00000000,Unknown,February 2009,1
83020,38931511000001110,95134021,1473,Bempedoic acid 180mg tablets,Bempedoic acid,180mg,Tablet,Oral,02120700,Other Lipid-Regulating Products,February 2021,1
47846,4144011000001102,65720020,1,Fluconazole 200mg capsules (Zentiva Pharma UK Ltd),Fluconazole,200mg,Capsule,Oral,05020100,Triazole Antifungals,September 2012,1
42449,16306911000001100,97776020,584,Deximune 100mg capsules (Dexcel-Pharma Ltd),Ciclosporin,100mg,Capsule,Oral,08020200/10010302/13050300,Corticosteroids And Other Immunosuppressants/Drugs Affecting The Immune Response In Rheumatic Disease/Drugs Affecting The Immune Response For Eczema And Psoriasis,May 2010,1
4610,40345001000027104,53079020,4871,Erythroped forte 500mg/5ml Oral suspension (Abbott Laboratories Ltd),Erythromycin ethyl succinate,100mg/1ml,Oral suspension,Oral,05010500,Macrolides,February 2009,1
6623,463111000001102,69358020,16913,Klaricid 500 tablets (Abbott Laboratories Ltd),Clarithromycin,500mg,Tablet,Oral,05010500,Macrolides,February 2009,1
24127,766711000001101,49640020,1820,Erythromycin 250mg gastro-resistant tablets (A A H Pharmaceuticals Ltd),Erythromycin,250mg,Gastro-resistant tablet,Oral,05010500/13060201,Macrolides/Oral Antibacterials For Acne,February 2009,1
34811,9042311000001100,69944020,93,Clarithromycin 250mg/5ml oral suspension (Ranbaxy (UK) Ltd),Clarithromycin,50mg/1ml,Oral suspension,Oral,05010500,Macrolides,February 2009,1
66728,27946711000001104,40585021,4,Idelalisib 100mg tablets,Idelalisib,100mg,Tablet,Oral,08010500,Other Antineoplastic Drugs,July 2016,1
74022,5426711000001102,01899020,105,Tildiem LA 200 capsules (Waymade Healthcare Plc),Diltiazem hydrochloride,200mg,Modified-release capsule,Oral,02060200,Calcium-Channel Blockers,December 2018,1
13501,54585001000027104,54849020,1993,Dindevan 50mg Tablet (Goldshield Pharmaceuticals Ltd),Phenindione,50mg,Tablet,Oral,02080200,Oral Anticoagulants,February 2009,1
59441,23902711000001104,21399021,3,Erythromycin ethyl succinate 125mg/5ml oral suspension (DE Pharmaceuticals),Erythromycin ethyl succinate,25mg/1ml,Oral suspension,Oral,05010500,Macrolides,April 2014,1
55577,18067311000001104,02314020,0,Sinthrome 1mg tablets (Lexon (UK) Ltd),Acenocoumarol,1mg,Tablet,Oral,02080200,Oral Anticoagulants,June 2013,1
86454,38889811000001104,94816021,0,Erythromycin 250mg gastro-resistant tablets (Medihealth (Northern) Ltd),Erythromycin,250mg,Gastro-resistant tablet,Oral,05010500/13060201,Macrolides/Oral Antibacterials For Acne,July 2022,1
77454,17075511000001108,98428020,3,Revolade 25mg tablets (Novartis Pharmaceuticals UK Ltd),Eltrombopag olamine,25mg,Tablet,Oral,09010400,Drugs Used In Platelet Disorders,August 2019,1
55116,21835711000001104,46808020,23,Ciclosporin 25mg capsules (Cubic Pharmaceuticals Ltd),Ciclosporin,25mg,Capsule,Oral,08020200/10010302/13050300,Corticosteroids And Other Immunosuppressants/Drugs Affecting The Immune Response In Rheumatic Disease/Drugs Affecting The Immune Response For Eczema And Psoriasis,May 2013,1
77830,18456811000001104,00841020,0,Amiodarone 200mg tablets (Accord-UK Ltd),Amiodarone hydrochloride,200mg,Tablet,Oral,02030201,Supraventricular & Ventricular Arrhythmias,August 2019,1
66564,23646011000001108,21351021,0,Bezafibrate 400mg modified-release tablets (Phoenix Healthcare Distribution Ltd),Bezafibrate,400mg,Modified-release tablet,Oral,02120300,Fibrates,June 2016,1
36717,39693211000001104,88197020,10,Fosamprenavir 700mg tablets,Fosamprenavir calcium,700mg,Tablet,Oral,05030151,Protease Inhibitors,February 2009,1
39642,178911000001100,96640020,1471,Erythroped Forte SF 500mg/5ml oral suspension (Advanz Pharma),Erythromycin ethyl succinate,100mg/1ml,Oral suspension,Oral,05010500,Macrolides,May 2009,1
50091,18056211000001108,06182020,1,Diflucan 50mg capsules (Lexon (UK) Ltd),Fluconazole,50mg,Capsule,Oral,05020100,Triazole Antifungals,January 2013,1
62065,24117911000001100,23040021,29,Diltiazem 90mg modified-release tablets (Colorama Pharmaceuticals Ltd),Diltiazem hydrochloride,90mg,Modified-release tablet,Oral,02060200,Calcium-Channel Blockers,January 2015,1
84208,37171911000001110,87661021,1,Nilotinib 50mg capsules,Nilotinib hydrochloride monohydrate,50mg,Capsule,Oral,08010551,Protein Kinase Inhibitors,July 2021,1
71212,22088011000001104,14687021,2,Generic Stribild 150mg/150mg/200mg/245mg tablets,Elvitegravir/Emtricitabine/Cobicistat/Tenofovir disoproxil fumarate,150mg + 200mg + 150mg + 245mg,Tablet,Oral,05030150,Nucleoside Reverse Transcriptase Inhibitors,January 2018,1
39669,108811000001104,96638020,8910,Erythroped SF 250mg/5ml oral suspension (Advanz Pharma),Erythromycin ethyl succinate,50mg/1ml,Oral suspension,Oral,05010500,Macrolides,June 2009,1
72126,30761711000001104,57354021,0,Clarithromycin 125mg/5ml oral suspension (Almus Pharmaceuticals Ltd),Clarithromycin,25mg/1ml,Oral suspension,Oral,05010500,Macrolides,May 2018,1
33703,89511000001103,55311020,961,Erythromycin 250mg gastro-resistant tablets (Abbott Laboratories Ltd),Erythromycin,250mg,Gastro-resistant tablet,Oral,05010500/13060201,Macrolides/Oral Antibacterials For Acne,February 2009,1
25280,165611000001108,80615020,111,Tiloryth 250mg gastro-resistant capsules (Tillomed Laboratories Ltd),Erythromycin,250mg,Gastro-resistant capsule,Oral,05010500/13060201,Macrolides/Oral Antibacterials For Acne,February 2009,1
80372,30125811000001108,53524021,0,Erythromycin ethyl succinate 125mg/5ml oral suspension sugar free (Mawdsley-Brooks & Company Ltd),Erythromycin ethyl succinate,25mg/1ml,Oral suspension,Oral,05010500,Macrolides,April 2020,1
39118,222495001000027100,83250020,9,Primacine 250mg/5ml Liquid (Pinewood Healthcare),Erythromycin ethyl succinate,50mg/1ml,Oral suspension,Oral,05010500,Macrolides,April 2009,1
47283,16246211000001104,97341020,17,Darunavir 75mg tablets,Darunavir ethanolate,75mg,Tablet,Oral,05030151,Protease Inhibitors,May 2012,1
76985,16036711000001108,36777020,5,Nicotinic acid 50mg capsules,Nicotinic acid,50mg,Capsule,Oral,02120500,Nicotinic Acid Group,July 2019,1
68820,33620011000001108,71394021,13,Sofosbuvir 400mg / Velpatasvir 100mg tablets,Velpatasvir/Sofosbuvir,100mg + 400mg,Tablet,Oral,05030302,Chronic Hepatitis C,February 2017,1
61,319734006,65438020,7708079,Warfarin 3mg tablets,Warfarin sodium,3mg,Tablet,Oral,02080200,Oral Anticoagulants,February 2009,1
21778,391911000001107,54633020,227,Diltiazem 60mg modified-release tablets (Teva UK Ltd),Diltiazem hydrochloride,60mg,Modified-release tablet,Oral,02060200,Calcium-Channel Blockers,February 2009,1
7540,2957911000001102,86196020,24357,Lipantil Micro 267 capsules (Viatris UK Healthcare Ltd),Fenofibrate micronised,267mg,Capsule,Oral,02120300,Fibrates,February 2009,1
77593,8274511000001108,18927020,33,Amiodarone 200mg/5ml oral solution,Amiodarone hydrochloride,40mg/1ml,Oral solution,Oral,02030201,Supraventricular & Ventricular Arrhythmias,August 2019,1
13965,740811000001102,71435020,2630,Cordilox MR 240mg tablets (Teva UK Ltd),Verapamil hydrochloride,240mg,Modified-release tablet,Oral,02060200,Calcium-Channel Blockers,February 2009,1
88315,39495711000001104,97754021,0,Selpercatinib 40mg capsules,Selpercatinib,40mg,Capsule,Oral,08010551,Protein Kinase Inhibitors,June 2023,1
1836,39023811000001104,71948020,350025,Diltiazem 60mg modified-release tablets,Diltiazem hydrochloride,60mg,Modified-release tablet,Oral,02060200,Calcium-Channel Blockers,February 2009,1
29229,39696011000001104,88278020,133,Imatinib 100mg tablets,Imatinib mesilate,100mg,Tablet,Oral,08010551,Protein Kinase Inhibitors,February 2009,1
52860,364011000001109,05856020,265,Erythromycin ethyl succinate 250mg/5ml oral suspension sugar free (Alliance Healthcare (Distribution) Ltd),Erythromycin ethyl succinate,50mg/1ml,Oral suspension,Oral,05010500,Macrolides,January 2013,1
49609,155015001000027100,68507020,22,Bezafibrate 400mg Modified-release tablet (Sandoz Ltd),Bezafibrate,400mg,Modified-release tablet,Oral,02120300,Fibrates,January 2013,1
39712,15000811000001106,96401020,98355,Ranolazine 375mg modified-release tablets,Ranolazine,375mg,Modified-release tablet,Oral,02060300,Other Anti-Angina Products,June 2009,1
66780,32234211000001100,65934021,47,Fenofibrate 145mg / Simvastatin 20mg tablets,Simvastatin/Fenofibrate,20mg + 145mg,Tablet,Oral,02120300/02120400,Fibrates/Statins,July 2016,1
1215,168635001000027100,70567020,6533,Fenofibrate 100mg Capsule,Fenofibrate,100mg,Capsule,Oral,02120300,Fibrates,February 2009,1
39623,294211000001105,96642020,8342,Erythroped PI SF 125mg/5ml oral suspension (Advanz Pharma),Erythromycin ethyl succinate,25mg/1ml,Oral suspension,Oral,05010500,Macrolides,May 2009,1
68591,395111000001106,02308020,0,Warfarin 500microgram tablets (Alliance Healthcare (Distribution) Ltd),Warfarin sodium,500microgram,Tablet,Oral,02080200,Oral Anticoagulants,January 2017,1
26759,721811000001108,80908020,38,Zildil SR 60mg capsules (Healthcare Pharma Ltd),Diltiazem hydrochloride,60mg,Modified-release capsule,Oral,02060200,Calcium-Channel Blockers,February 2009,1
28800,7319811000001103,87710020,122,Glivec 400mg tablets (Novartis Pharmaceuticals UK Ltd),Imatinib mesilate,400mg,Tablet,Oral,08010551,Protein Kinase Inhibitors,February 2009,1
73932,34848611000001104,78708021,12,Symtuza 800mg/150mg/200mg/10mg tablets (Janssen-Cilag Ltd),Tenofovir alafenamide fumarate/Emtricitabine/Darunavir ethanolate/Cobicistat,10mg + 200mg + 800mg + 150mg,Tablet,Oral,05030100,HIV Infection,December 2018,1
69119,17075211000001104,98430020,2,Revolade 50mg tablets (Novartis Pharmaceuticals UK Ltd),Eltrombopag olamine,50mg,Tablet,Oral,09010400,Drugs Used In Platelet Disorders,April 2017,1
3343,846611000001102,56683020,187034,Half Securon SR 120mg tablets (Viatris UK Healthcare Ltd),Verapamil hydrochloride,120mg,Modified-release tablet,Oral,02060200,Calcium-Channel Blockers,February 2009,1
83047,41760811000001104,45050020,1,Crizotinib 250mg capsules,Crizotinib,250mg,Capsule,Oral,08010551,Protein Kinase Inhibitors,February 2021,1
69022,32930811000001104,69936021,8,Ritonavir 100mg oral powder sachets sugar free,Ritonavir,100mg,Powder,Oral,05030151,Protease Inhibitors,March 2017,1
39009,454211000001101,54550020,871,Verapamil 40mg tablets (Teva UK Ltd),Verapamil hydrochloride,40mg,Tablet,Oral,02060200,Calcium-Channel Blockers,February 2009,1
46676,9842111000001102,72229020,1,Itraconazole 100mg capsules (Viatris UK Healthcare Ltd),Itraconazole,100mg,Capsule,Oral,05020100,Triazole Antifungals,January 2012,1
54799,17465311000001100,01878020,1,Tildiem LA 300 capsules (Mawdsley-Brooks & Company Ltd),Diltiazem hydrochloride,300mg,Modified-release capsule,Oral,02060200,Calcium-Channel Blockers,April 2013,1
62912,28405011000001104,44230021,43,Diltiazem 120mg modified-release capsules (AM Distributions (Yorkshire) Ltd),Diltiazem hydrochloride,120mg,Modified-release capsule,Oral,02060200,Calcium-Channel Blockers,April 2015,1
64984,23916211000001108,21748021,0,Fenofibrate micronised 160mg tablets (Phoenix Healthcare Distribution Ltd),Fenofibrate micronised,160mg,Tablet,Oral,02120300,Fibrates,December 2015,1
52276,19872011000001104,39293020,3,Adizem-XL 180mg capsules (DE Pharmaceuticals),Diltiazem hydrochloride,180mg,Modified-release capsule,Oral,02060200,Calcium-Channel Blockers,January 2013,1
41584,46245001000027110,53835020,220,Erythromycin 250mg/5ml Liquid (IVAX Pharmaceuticals UK Ltd),Erythromycin ethyl succinate,50mg/1ml,Oral suspension,Oral,05010500,Macrolides,March 2010,1
2226,41949211000001104,60844020,15296,Erythromycin ethyl succinate 500mg/5ml oral suspension,Erythromycin ethyl succinate,100mg/1ml,Oral suspension,Oral,05010500,Macrolides,February 2009,1
73467,87665001000027100,59099020,28,Verapamil hc 80mg Tablet (Ranbaxy (UK) Ltd),Verapamil hydrochloride,80mg,Tablet,Oral,02030202/02060200,Supraventricular Arrhythmias/Calcium-Channel Blockers,October 2018,1
31428,90655001000027100,59504020,2,Retcin 250mg Tablet (DDSA Pharmaceuticals Ltd),Erythromycin,250mg,Gastro-resistant tablet,Oral,05010500/13060201,Macrolides/Oral Antibacterials For Acne,February 2009,1
45240,133715001000027100,65628020,13,Fluconazole 150mg Capsule (Niche Generics Ltd),Fluconazole,150mg,Capsule,Oral,05020000/12030200,Antifungals/Oropharyngeal Anti-Infective Drugs,May 2011,1
39632,580811000001109,96636020,16187,Erythroped A 500mg tablets (Advanz Pharma),Erythromycin ethyl succinate,500mg,Tablet,Oral,05010500,Macrolides,May 2009,1
23954,82275001000027100,58444020,7,Erythrolar 500mg Tablet (Lagap),Erythromycin stearate,500mg,Tablet,Oral,05010500,Macrolides,February 2009,1
36583,215645001000027100,81080020,2,Zemret xl 180mg Capsule (Neo Laboratories Ltd),Diltiazem Hydrochloride,180mg,Capsule,Oral,02060200,Calcium-Channel Blockers,February 2009,1
6262,319736008,84736020,1032700,Warfarin 500microgram tablets,Warfarin sodium,500microgram,Tablet,Oral,02080200,Oral Anticoagulants,February 2009,1
39298,764511000001100,95545020,475,Bi-Carzem SR 90mg capsules (Tillomed Laboratories Ltd),Diltiazem hydrochloride,90mg,Modified-release capsule,Oral,02060200,Calcium-Channel Blockers,April 2009,1
70068,24504611000001108,26646021,15,Aubagio 14mg tablets (Sanofi),Teriflunomide,14mg,Tablet,Oral,08020400,Other Immunomodulating Drugs,September 2017,1
77559,91005001000027100,59542020,85,Warfarin 5mg Tablet (Lagap),Warfarin sodium,5mg,Tablet,Oral,02080200,Oral Anticoagulants,August 2019,1
27706,4690111000001104,80613020,6,Kaletra 80mg/20mg/1ml oral solution (AbbVie Ltd),Lopinavir/Ritonavir,80mg/1ml + 20mg/1ml,Oral solution,Oral,05030151,Protease Inhibitors,February 2009,1
16137,303511000001103,79479020,9695,Neoral 10mg capsules (Novartis Pharmaceuticals UK Ltd),Ciclosporin,10mg,Capsule,Oral,08020200/10010302/13050300,Corticosteroids And Other Immunosuppressants/Drugs Affecting The Immune Response In Rheumatic Disease/Drugs Affecting The Immune Response For Eczema And Psoriasis,February 2009,1
788,165411000001105,68922020,45666,Diflucan 50mg capsules (Pfizer Ltd),Fluconazole,50mg,Capsule,Oral,05020100,Triazole Antifungals,February 2009,1
49301,17627611000001108,05851020,165,Erythrolar 500mg tablets (Ennogen Pharma Ltd),Erythromycin stearate,500mg,Tablet,Oral,05010500,Macrolides,January 2013,1
48288,18311611000001108,01886020,1343,Diltiazem 120mg modified-release capsules (A A H Pharmaceuticals Ltd),Diltiazem hydrochloride,120mg,Modified-release capsule,Oral,02060200,Calcium-Channel Blockers,January 2013,1
76919,23647911000001104,21352021,0,Ciprofibrate 100mg tablets (Phoenix Healthcare Distribution Ltd),Ciprofibrate,100mg,Tablet,Oral,02120300,Fibrates,July 2019,1
60949,8798811000001103,20948020,219,Warfarin 5mg/5ml oral suspension,Warfarin sodium,1mg/1ml,Oral suspension,Oral,02080200,Oral Anticoagulants,August 2014,1
64858,28337411000001104,43099021,93,Vanquoral 50mg capsules (Teva UK Ltd),Ciclosporin,50mg,Capsule,Oral,08020200/10010302/13050300,Corticosteroids And Other Immunosuppressants/Drugs Affecting The Immune Response In Rheumatic Disease/Drugs Affecting The Immune Response For Eczema And Psoriasis,December 2015,1
71853,23857611000001108,21433021,0,Colchicine 500microgram tablets (DE Pharmaceuticals),Colchicine,500microgram,Tablet,Oral,10010450,Acute Attacks Of Gout,April 2018,1
13167,682211000001102,49638020,346,Erythromycin ethyl succinate 125mg/5ml oral suspension (A A H Pharmaceuticals Ltd),Erythromycin ethyl succinate,25mg/1ml,Oral suspension,Oral,05010500,Macrolides,February 2009,1
57502,15950911000001100,06170020,83,Daktarin 20mg/g oromucosal gel (Waymade Healthcare Plc),Miconazole,20mg/1gram,Oromucosal gel,Oromucosal/Oral,12030200,Oropharyngeal Anti-Infective Drugs,October 2013,1
41410,241375001000027100,89624020,23,"Vitamin a, c & d with 10 other vitamins & zinc (combination 1) drops",Pantothenic Acid/Biotin/Ascorbic Acid/Nicotinic Acid/Phytomenadione/Riboflavin/Pyridoxine/Alpha Tocopherol/Vitamin A/Zinc Sulphate/Colecalciferol/Beta Carotene/Thiamine/Vitamin B12,,Drops,Oral,09060750,-,March 2010,1
65602,23929211000001104,21726021,0,Adizem-XL 120mg capsules (Waymade Healthcare Plc),Diltiazem hydrochloride,120mg,Modified-release capsule,Oral,02060200,Calcium-Channel Blockers,March 2016,1
47242,12655001000027106,49628020,1,Erythromycin 250mg/5ml Liquid (C P Pharmaceuticals Ltd),Erythromycin ethyl succinate,50mg/1ml,Oral suspension,Oral,05010500,Macrolides,May 2012,1
81639,838411000001100,56958020,2,Erythromycin ethyl succinate 125mg/5ml oral suspension (Actavis UK Ltd),Erythromycin ethyl succinate,25mg/1ml,Oral suspension,Oral,05010500,Macrolides,September 2020,1
52701,18481911000001108,01902020,37,Tildiem LA 200 capsules (Mawdsley-Brooks & Company Ltd),Diltiazem hydrochloride,200mg,Modified-release capsule,Oral,02060200,Calcium-Channel Blockers,January 2013,1
87852,37225511000001104,88570021,1,Glyxambi 25mg/5mg tablets (Boehringer Ingelheim Ltd),Linagliptin/Empagliflozin,5mg + 25mg,Tablet,Oral,06010211,Gliflozins Plus Gliptins,March 2023,1
74825,5384511000001103,02440020,331,Lipantil Micro 200 capsules (Waymade Healthcare Plc),Fenofibrate micronised,200mg,Capsule,Oral,02120300,Fibrates,February 2019,1
84233,41789411000001104,09871020,1,Itraconazole 50mg/5ml oral solution,Itraconazole,10mg/1ml,Oral solution,Oral,05020100,Triazole Antifungals,July 2021,1
49134,20027611000001108,39866020,2,Sporanox 100mg capsules (Lexon (UK) Ltd),Itraconazole,100mg,Capsule,Oral,05020100,Triazole Antifungals,January 2013,1
80852,36392811000001104,82964021,2,Encorafenib 50mg capsules,Encorafenib,50mg,Capsule,Oral,08010551,Protein Kinase Inhibitors,June 2020,1
43692,4333311000001107,65740020,2,Fluconazole 150mg capsules (A A H Pharmaceuticals Ltd),Fluconazole,150mg,Capsule,Oral,05020100,Triazole Antifungals,October 2010,1
72244,34692311000001100,78188021,88,Maviret 100mg/40mg tablets (AbbVie Ltd),Glecaprevir/Pibrentasvir,100mg + 40mg,Tablet,Oral,05030302,Chronic Hepatitis C,May 2018,1
2686,196445001000027100,75266020,23932,Dilzem xl mr 240mg Modified-release capsule (Elan Pharma),Diltiazem hydrochloride,240mg,Modified-release capsule,Oral,02060200,Calcium-Channel Blockers,February 2009,1
88587,37691211000001104,89969021,0,Ciprofibrate 100mg tablets (CST Pharma Ltd),Ciprofibrate,100mg,Tablet,Oral,02120300,Fibrates,August 2023,1
1120,318205007,65396020,342453,Verapamil 80mg tablets,Verapamil hydrochloride,80mg,Tablet,Oral,02060200,Calcium-Channel Blockers,February 2009,1
8104,319984007,68083020,12513,Acipimox 250mg capsules,Acipimox,250mg,Capsule,Oral,02120500,Nicotinic Acid Group,February 2009,1
73384,23977311000001108,21745021,0,Fenofibrate micronised 200mg capsules (DE Pharmaceuticals),Fenofibrate micronised,200mg,Capsule,Oral,02120300,Fibrates,October 2018,1
13502,54565001000027104,54847020,3493,Dindevan 10mg Tablet (Goldshield Pharmaceuticals Ltd),Phenindione,10mg,Tablet,Oral,02080200,Oral Anticoagulants,February 2009,1
2225,39107311000001104,60849020,252789,Erythromycin ethyl succinate 250mg/5ml oral suspension sugar free,Erythromycin ethyl succinate,50mg/1ml,Oral suspension,Oral,05010500,Macrolides,February 2009,1
23244,14765001000027104,49909020,51,Ilotycin 250mg Tablet (Eli Lilly and Company Ltd),Erythromycin,250mg,Gastro-resistant tablet,Oral,05010500/13060201,Macrolides/Oral Antibacterials For Acne,February 2009,1
75237,21759811000001104,47089020,0,Amiodarone 200mg tablets (Waymade Healthcare Plc),Amiodarone hydrochloride,200mg,Tablet,Oral,02030201,Supraventricular & Ventricular Arrhythmias,March 2019,1
83117,29955611000001104,52687021,0,Adizem-XL 200mg capsules (Lexon (UK) Ltd),Diltiazem hydrochloride,200mg,Modified-release capsule,Oral,02060200,Calcium-Channel Blockers,February 2021,1
47126,13620311000001108,70451020,1,Erythromycin ethyl succinate 125mg/5ml oral suspension (Pinewood Healthcare),Erythromycin ethyl succinate,25mg/1ml,Oral suspension,Oral,05010500,Macrolides,May 2012,1
31511,32105001000027104,51985020,22788,Warfarin 3mg Tablet (WB Pharmaceuticals Ltd),Warfarin sodium,3mg,Tablet,Oral,02080200,Oral Anticoagulants,February 2009,1
80014,37369811000001104,87763021,1,Erythrocin 500 tablets (CST Pharma Ltd),Erythromycin stearate,500mg,Tablet,Oral,05010500,Macrolides,February 2020,1
34517,746411000001102,62803020,56,Warfarin 1mg tablets (Viatris UK Healthcare Ltd),Warfarin sodium,1mg,Tablet,Oral,02080200,Oral Anticoagulants,February 2009,1
38855,2938011000001101,95561020,192798,Adizem-XL 180mg capsules (Napp Pharmaceuticals Ltd),Diltiazem hydrochloride,180mg,Modified-release capsule,Oral,02060200,Calcium-Channel Blockers,February 2009,1
42801,103175001000027100,61483020,31,Bezafibrate xl 400mg Modified-release tablet (Generics (UK) Ltd),Bezafibrate,400mg,Modified-release tablet,Oral,02120300,Fibrates,July 2010,1
63032,23902911000001100,21400021,1,Erythromycin ethyl succinate 250mg/5ml oral suspension (DE Pharmaceuticals),Erythromycin ethyl succinate,50mg/1ml,Oral suspension,Oral,05010500,Macrolides,April 2015,1
1892,41787011000001104,68918020,1099136,Fluconazole 150mg capsules,Fluconazole,150mg,Capsule,Oral,05020100,Triazole Antifungals,February 2009,1
76071,10307711000001108,05873020,0,Erythromycin ethyl succinate 250mg/5ml oral suspension (Focus Pharmaceuticals Ltd),Erythromycin ethyl succinate,50mg/1ml,Oral suspension,Oral,05010500,Macrolides,May 2019,1
48870,19871811000001100,39292020,153,Adizem-SR 90mg capsules (DE Pharmaceuticals),Diltiazem hydrochloride,90mg,Modified-release capsule,Oral,02060200,Calcium-Channel Blockers,January 2013,1
18834,469811000001106,82002020,698,Disogram SR 60mg capsules (Ranbaxy (UK) Ltd),Diltiazem hydrochloride,60mg,Modified-release capsule,Oral,02060200,Calcium-Channel Blockers,February 2009,1
52814,3700511000001103,02404020,2,Bezafibrate 400mg modified-release tablets (Alliance Healthcare (Distribution) Ltd),Bezafibrate,400mg,Modified-release tablet,Oral,02120300,Fibrates,January 2013,1
32939,108105001000027100,62169020,28,Fusidic acid as fusidate sodium 250mg Tablet,Sodium Fusidate,250mg,Tablet,Oral,05010700,Other Antibacterials,February 2009,1
65504,29955011000001104,52684021,0,Adizem-SR 180mg capsules (Lexon (UK) Ltd),Diltiazem hydrochloride,180mg,Modified-release capsule,Oral,02060200,Calcium-Channel Blockers,February 2016,1
57398,15087711000001100,06207020,0,Fluconazole 200mg capsules (Sigma Pharmaceuticals Plc),Fluconazole,200mg,Capsule,Oral,05020100,Triazole Antifungals,October 2013,1
30242,39023311000001104,90601020,16481,Diltiazem 180mg modified-release capsules,Diltiazem hydrochloride,180mg,Modified-release capsule,Oral,02060200,Calcium-Channel Blockers,February 2009,1
54608,8274911000001101,18933020,1,Amiodarone 20mg/5ml oral suspension,Amiodarone hydrochloride,4mg/1ml,Oral suspension,Oral,02030201,Supraventricular & Ventricular Arrhythmias,April 2013,1
34087,22265001000027104,50810020,746,Warfarin 1mg Tablet (Celltech Pharma Europe Ltd),Warfarin sodium,1mg,Tablet,Oral,02080200,Oral Anticoagulants,February 2009,1
29213,888111000001104,83750020,16,Bezagen XL 400mg tablets (Viatris UK Healthcare Ltd),Bezafibrate,400mg,Modified-release tablet,Oral,02120300,Fibrates,February 2009,1
78459,137415001000027100,66086020,1,Fluconazole 2mg/ml Infusion (PLIVA Pharma Ltd),Fluconazole,2mg/ml,Infusion,,05020000/12030200,Antifungals/Oropharyngeal Anti-Infective Drugs,November 2019,1
12639,70315001000027104,56931020,194,Diltiazem HCl 90mg Modified-release tablet (Actavis UK Ltd),Diltiazem hydrochloride,90mg,Modified-release tablet,Oral,02060200,Calcium-Channel Blockers,February 2009,1
43370,41791111000001110,95085020,6,Lopinavir 100mg / Ritonavir 25mg tablets,Lopinavir/Ritonavir,100mg + 25mg,Tablet,Oral,05030151,Protease Inhibitors,September 2010,1
13494,3490711000001103,55044020,1850,Sandimmun 100mg/ml oral solution (Novartis Pharmaceuticals UK Ltd),Ciclosporin,100mg/1ml,Oral solution,Oral,08020200/10010302/13050300,Corticosteroids And Other Immunosuppressants/Drugs Affecting The Immune Response In Rheumatic Disease/Drugs Affecting The Immune Response For Eczema And Psoriasis,February 2009,1
8884,557111000001106,48758020,13918,Cordilox 40mg tablets (IVAX Pharmaceuticals UK Ltd),Verapamil hydrochloride,40mg,Tablet,Oral,02060200,Calcium-Channel Blockers,February 2009,1
3280,6645001000027105,48836020,1320,Daktarin Twin pack (Janssen-Cilag Ltd),Miconazole Nitrate,,Twin Pack,,13100200,"Antifungal Preparations (Topical, For Skin Conditions)",February 2009,1
76167,13922211000001104,02443020,22,Lipantil Micro 200 capsules (DE Pharmaceuticals),Fenofibrate micronised,200mg,Capsule,Oral,02120300,Fibrates,May 2019,1
3572,77535001000027100,57928020,1267,Erythroped 250mg Powder (Abbott Laboratories Ltd),Erythromycin Ethyl Succinate,250mg,Powder,Oral,05010500,Macrolides,February 2009,1
762,330079002,55954020,728559,Colchicine 500microgram tablets,Colchicine,500microgram,Tablet,Oral,10010450,Acute Attacks Of Gout,February 2009,1
2838,41760011000001104,61708020,56165,Ciclosporin 25mg capsules,Ciclosporin,25mg,Capsule,Oral,08020200/10010302/13050300,Corticosteroids And Other Immunosuppressants/Drugs Affecting The Immune Response In Rheumatic Disease/Drugs Affecting The Immune Response For Eczema And Psoriasis,February 2009,1
24220,90695001000027100,59509020,20,Arpimycin 250mg/5ml Liquid (Rosemont Pharmaceuticals Ltd),Erythromycin ethyl succinate,50mg/1ml,Oral suspension,Oral,05010500,Macrolides,February 2009,1
34817,133675001000027100,65625020,1,Fluconazole 50mg Capsule (Niche Generics Ltd),Fluconazole,50mg,Capsule,Oral,05020000/12030200,Antifungals/Oropharyngeal Anti-Infective Drugs,February 2009,1
1747,318206008,65397020,196375,Verapamil 120mg tablets,Verapamil hydrochloride,120mg,Tablet,Oral,02060200,Calcium-Channel Blockers,February 2009,1
74882,34734811000001104,78187021,13,Glecaprevir 100mg / Pibrentasvir 40mg tablets,Glecaprevir/Pibrentasvir,100mg + 40mg,Tablet,Oral,05030302,Chronic Hepatitis C,February 2019,1
1686,39023111000001104,57176020,349998,Diltiazem 90mg modified-release capsules,Diltiazem hydrochloride,90mg,Modified-release capsule,Oral,02060200,Calcium-Channel Blockers,February 2009,1
40405,590011000001102,54552020,609,Verapamil 120mg tablets (Teva UK Ltd),Verapamil hydrochloride,120mg,Tablet,Oral,02060200,Calcium-Channel Blockers,September 2009,1
34533,8818911000001106,69360020,138,Clarithromycin 250mg tablets (Teva UK Ltd),Clarithromycin,250mg,Tablet,Oral,05010500,Macrolides,February 2009,1
80777,34672011000001104,78182021,12,Brilique 90mg orodispersible tablets (AstraZeneca UK Ltd),Ticagrelor,90mg,Orodispersible tablet,Oral,02090000,Antiplatelet Products,May 2020,1
3342,540111000001108,58870020,489082,Securon SR 240mg tablets (Viatris UK Healthcare Ltd),Verapamil hydrochloride,240mg,Modified-release tablet,Oral,02060200,Calcium-Channel Blockers,February 2009,1
53277,4248211000001104,06175020,3,Fluconazole 50mg capsules (Alliance Healthcare (Distribution) Ltd),Fluconazole,50mg,Capsule,Oral,05020100,Triazole Antifungals,January 2013,1
2528,130211000001109,76293020,135655,Slozem 120mg capsules (Zentiva Pharma UK Ltd),Diltiazem hydrochloride,120mg,Modified-release capsule,Oral,02060200,Calcium-Channel Blockers,February 2009,1
85312,38716511000001104,94043021,1,Fostamatinib 100mg tablets,Fostamatinib disodium hexahydrate,100mg,Tablet,Oral,02110000,Antifibrinolytic Products And Haemostatics,December 2021,1
82584,5423411000001103,01869020,62,Tildiem Retard 90mg tablets (Waymade Healthcare Plc),Diltiazem hydrochloride,90mg,Modified-release tablet,Oral,02060200,Calcium-Channel Blockers,January 2021,1
15596,638611000001108,52333020,1155,Sandimmun 50mg capsules (Novartis Pharmaceuticals UK Ltd),Ciclosporin,50mg,Capsule,Oral,08020200/10010302/13050300,Corticosteroids And Other Immunosuppressants/Drugs Affecting The Immune Response In Rheumatic Disease/Drugs Affecting The Immune Response For Eczema And Psoriasis,February 2009,1
70306,24524011000001108,25462021,0,Diltiazem 180mg modified-release capsules (Mawdsley-Brooks & Company Ltd),Diltiazem hydrochloride,180mg,Modified-release capsule,Oral,02060200,Calcium-Channel Blockers,September 2017,1
40455,39690111000001104,96682020,30,Darunavir 600mg tablets,Darunavir,600mg,Tablet,Oral,05030151,Protease Inhibitors,September 2009,1
49390,10055511000001102,01871020,674,Diltiazem 90mg modified-release tablets (Alliance Healthcare (Distribution) Ltd),Diltiazem hydrochloride,90mg,Modified-release tablet,Oral,02060200,Calcium-Channel Blockers,January 2013,1
36664,215665001000027100,81082020,1,Zemret xl 300mg Capsule (Neo Laboratories Ltd),Diltiazem hydrochloride,300mg,Modified-release capsule,Oral,02060200,Calcium-Channel Blockers,February 2009,1
40397,8098711000001109,68386020,47,Itraconazole 100mg capsules (Sandoz Ltd),Itraconazole,100mg,Capsule,Oral,05020100,Triazole Antifungals,September 2009,1
51831,18101811000001104,05897020,14,Clarithromycin 125mg/5ml oral suspension (Phoenix Healthcare Distribution Ltd),Clarithromycin,25mg/1ml,Oral suspension,Oral,05010500,Macrolides,January 2013,1
68671,18342211000001104,08417020,37,Leflunomide 20mg tablets (Alliance Healthcare (Distribution) Ltd),Leflunomide,20mg,Tablet,Oral,10010302,Drugs Affecting The Immune Response In Rheumatic Disease,January 2017,1
33711,32115001000027100,51986020,6646,Warfarin 5mg Tablet (WB Pharmaceuticals Ltd),Warfarin sodium,5mg,Tablet,Oral,02080200,Oral Anticoagulants,February 2009,1
57594,5424211000001104,01906020,4,Tildiem 60mg modified-release tablets (Waymade Healthcare Plc),Diltiazem hydrochloride,60mg,Modified-release tablet,Oral,02060200,Calcium-Channel Blockers,October 2013,1
1626,36139311000001110,61707020,14210,Ciclosporin 100mg/ml oral solution sugar free,Ciclosporin,100mg/1ml,Oral solution,Oral,08020200/10010302/13050300,Corticosteroids And Other Immunosuppressants/Drugs Affecting The Immune Response In Rheumatic Disease/Drugs Affecting The Immune Response For Eczema And Psoriasis,February 2009,1
31489,233535001000027100,86211020,60,Bi-carzem xl 240mg Capsule (Tillomed Laboratories Ltd),Diltiazem hydrochloride,240mg,Modified-release capsule,Oral,02060200,Calcium-Channel Blockers,February 2009,1
82420,20839811000001100,42227020,6,Leflunomide 20mg tablets (Aspire Pharma Ltd),Leflunomide,20mg,Tablet,Oral,10010302,Drugs Affecting The Immune Response In Rheumatic Disease,January 2021,1
43879,16438111000001104,97884020,916,Vera-Til SR 240mg tablets (Accord-UK Ltd),Verapamil hydrochloride,240mg,Modified-release tablet,Oral,02060200,Calcium-Channel Blockers,November 2010,1
41530,408711000001108,56023020,209,Amiodarone 200mg tablets (IVAX Pharmaceuticals UK Ltd),Amiodarone hydrochloride,200mg,Tablet,Oral,02030201,Supraventricular & Ventricular Arrhythmias,March 2010,1
2350,41949411000001104,60856020,169348,Erythromycin stearate 500mg tablets,Erythromycin stearate,500mg,Tablet,Oral,05010500,Macrolides,February 2009,1
88543,30251911000001100,53971021,1,Atazanavir 300mg / Cobicistat 150mg tablets,Cobicistat/Atazanavir sulfate,150mg + 300mg,Tablet,Oral,05030151,Protease Inhibitors,August 2023,1
72268,7529511000001108,90383020,1,Emend 125mg capsules (Merck Sharp & Dohme (UK) Ltd),Aprepitant,125mg,Capsule,Oral,04065700,Products Used Against Nausea And Vertigo - Neurokinin Receptor Antagonist,May 2018,1
34475,45985001000027104,53802020,452,Diltiazem HCl 90mg Modified-release tablet (IVAX Pharmaceuticals UK Ltd),Diltiazem hydrochloride,90mg,Modified-release tablet,Oral,02060200,Calcium-Channel Blockers,February 2009,1
1905,3490411000001109,79478020,12058,Neoral 100mg/ml oral solution (Novartis Pharmaceuticals UK Ltd),Ciclosporin,100mg/1ml,Oral solution,Oral,08020200/10010302/13050300,Corticosteroids And Other Immunosuppressants/Drugs Affecting The Immune Response In Rheumatic Disease/Drugs Affecting The Immune Response For Eczema And Psoriasis,February 2009,1
26389,41772811000001104,78554020,658,Voriconazole 50mg tablets,Voriconazole,50mg,Tablet,Oral,05020100,Triazole Antifungals,February 2009,1
939,103611000001105,60296020,535015,Tildiem Retard 90mg tablets (Sanofi),Diltiazem hydrochloride,90mg,Modified-release tablet,Oral,02060200,Calcium-Channel Blockers,February 2009,1
587,3670711000001108,49569020,12364,Fucidin 250mg tablets (LEO Pharma),Sodium fusidate,250mg,Tablet,Oral,05010700,Other Antibacterials,February 2009,1
58786,7530211000001101,90381020,3,Emend 80mg capsules (Merck Sharp & Dohme (UK) Ltd),Aprepitant,80mg,Capsule,Oral,04065700,Products Used Against Nausea And Vertigo - Neurokinin Receptor Antagonist,February 2014,1
14907,36036611000001104,82847020,8004,Itraconazole 50mg/5ml oral solution sugar free,Itraconazole,10mg/1ml,Oral solution,Oral,05020100,Triazole Antifungals,February 2009,1
71423,10308011000001108,70464020,1,Erythromycin ethyl succinate 250mg/5ml oral suspension sugar free (Focus Pharmaceuticals Ltd),Erythromycin ethyl succinate,50mg/1ml,Oral suspension,Oral,05010500,Macrolides,January 2018,1
47944,303111000001107,57161020,73,Warfarin 1mg tablets (Accord-UK Ltd),Warfarin sodium,1mg,Tablet,Oral,02080200,Oral Anticoagulants,October 2012,1
36060,33435001000027104,52144020,5,"Vitamin a, c & d with 11 other vitamins & 17 minerals (combination no1) tablets",Biotin/Sodium Molybdate/Ascorbic Acid/Borax/Silica/Vitamin A Acetate/Calcium Pantothenate/Folic Acid/Ferrous Fumarate/Magnesium Oxide/Nicotinic Acid/Potassium Chloride/Potassium Iodide/Pyridoxine Hydrochloride/Riboflavin/Alpha Tocopherol/Vitami,,Tablets,Oral,09060750,-,February 2009,1
21773,96705001000027100,60454020,59,Diltiazem HCl 60mg Tablet (Generics (UK) Ltd),Diltiazem hydrochloride,60mg,Modified-release tablet,Oral,02060200,Calcium-Channel Blockers,February 2009,1
36819,4334711000001108,80348020,70,VFEND 200mg tablets (Pfizer Ltd),Voriconazole,200mg,Tablet,Oral,05020100,Triazole Antifungals,February 2009,1
82406,20505911000001100,41335020,0,Fenofibrate micronised 160mg tablets (Alliance Healthcare (Distribution) Ltd),Fenofibrate micronised,160mg,Tablet,Oral,02120300,Fibrates,January 2021,1
78916,37346411000001104,87822021,0,Neoral 100mg capsules (CST Pharma Ltd),Ciclosporin,100mg,Capsule,Oral,08020200/10010302/13050300,Corticosteroids And Other Immunosuppressants/Drugs Affecting The Immune Response In Rheumatic Disease/Drugs Affecting The Immune Response For Eczema And Psoriasis,December 2019,1
77256,15164611000001104,96684020,1,Prezista 600mg tablets (Janssen-Cilag Ltd),Darunavir,600mg,Tablet,Oral,05030151,Protease Inhibitors,July 2019,1
18126,36031411000001104,87151020,3502,Nicotinic acid 1g modified-release tablets,Nicotinic acid,1gram,Modified-release tablet,Oral,00000000,Unknown,February 2009,1
9410,298811000001103,79520020,114923,Angitil SR 120 capsules (Ethypharm UK Ltd),Diltiazem hydrochloride,120mg,Modified-release capsule,Oral,02060200,Calcium-Channel Blockers,February 2009,1
4372,40335001000027104,53078020,835,Erythroped forte 500mg Sachets (Abbott Laboratories Ltd),Erythromycin Ethyl Succinate,500mg,Sachets,Oral,05010500,Macrolides,February 2009,1
79164,10406211000001108,05864020,0,Erythromycin 250mg gastro-resistant capsules (Arrow Generics Ltd),Erythromycin,250mg,Gastro-resistant capsule,Oral,05010500/13060201,Macrolides/Oral Antibacterials For Acne,December 2019,1
18098,236245001000027100,87159020,359,Nicotinic acid 375mg + 500mg + 750mg Modified-release tablet,Nicotinic Acid,375mg + 500mg + 750mg,Modified-Release Tablet,Oral,02120500,Nicotinic Acid Group,February 2009,1
36978,42032511000001104,90377020,219,Aprepitant 80mg capsules,Aprepitant,80mg,Capsule,Oral,04065700,Products Used Against Nausea And Vertigo - Neurokinin Receptor Antagonist,February 2009,1
45795,9252611000001100,70696020,9,Clarithromycin 125mg/5ml oral suspension (A A H Pharmaceuticals Ltd),Clarithromycin,25mg/1ml,Oral suspension,Oral,05010500,Macrolides,August 2011,1
1309,696511000001104,68923020,262393,Diflucan 150mg capsules (Pfizer Ltd),Fluconazole,150mg,Capsule,Oral,05020100,Triazole Antifungals,February 2009,1
54946,555911000001104,57162020,42,Warfarin 3mg tablets (Accord-UK Ltd),Warfarin sodium,3mg,Tablet,Oral,02080200,Oral Anticoagulants,May 2013,1
40073,37545001000027104,52720020,79,Erythromycin estolate 250mg/5ml suspension,Erythromycin Lactobionate,250mg/5ml,Suspension,Oral,05010500/13060201,Macrolides/Oral Antibacterials For Acne,August 2009,1
53109,17522611000001104,05910020,4,Clarithromycin 500mg tablets (Somex Pharma),Clarithromycin,500mg,Tablet,Oral,05010500,Macrolides,January 2013,1
56125,21890111000001104,47901020,96,Darunavir 800mg tablets,Darunavir,800mg,Tablet,Oral,05030151,Protease Inhibitors,August 2013,1
69128,13017211000001102,33709020,1,Warfarin 500micrograms/5ml oral solution,Warfarin sodium,100microgram/1ml,Oral solution,Oral,02080200,Oral Anticoagulants,April 2017,1
28349,9739611000001100,89867020,51,Clarosip 125mg granules for oral suspension straws (Grunenthal Ltd),Clarithromycin,125mg,Granules,Oral,00000000,Unknown,February 2009,1
75316,10499211000001104,05915020,3,Klaricid XL 500mg tablets (Dowelhurst Ltd),Clarithromycin,500mg,Modified-release tablet,Oral,05010500,Macrolides,March 2019,1
40143,3659711000001104,65390020,1708,Warfarin 500microgram tablets (A A H Pharmaceuticals Ltd),Warfarin sodium,500microgram,Tablet,Oral,02080200,Oral Anticoagulants,August 2009,1
34394,8914911000001107,69276020,83,Clarithromycin 250mg tablets (Viatris UK Healthcare Ltd),Clarithromycin,250mg,Tablet,Oral,05010500,Macrolides,February 2009,1
36514,216235001000027100,81331020,16,Arpimycin 250mg/5ml Oral suspension (Rosemont Pharmaceuticals Ltd),Erythromycin ethyl succinate,50mg/1ml,Oral suspension,Oral,05010500,Macrolides,February 2009,1
15209,4917911000001100,81338020,148,Crampex tablets (Thornton & Ross Ltd),Colecalciferol/Calcium gluconate/Nicotinic acid,20microgram + 200mg + 20mg,Tablet,Oral,10020202,Other Muscle Relaxants,February 2009,1
32089,12155001000027108,49567020,297,Diltiazem HCl 120mg Modified-release capsule (Hillcross Pharmaceuticals Ltd),Diltiazem Hydrochloride,120mg,Modified-Release Capsule,Oral,02060200,Calcium-Channel Blockers,February 2009,1
69330,46315001000027104,53842020,5,Erythromycin 250mg/5ml Liquid (Rosemont Pharmaceuticals Ltd),Erythromycin ethyl succinate,50mg/1ml,Oral suspension,Oral,05010500,Macrolides,May 2017,1
69684,17773911000001100,00828020,0,Amiodarone 100mg tablets (Phoenix Healthcare Distribution Ltd),Amiodarone hydrochloride,100mg,Tablet,Oral,02030201,Supraventricular & Ventricular Arrhythmias,June 2017,1
58962,22735611000001108,17196021,0,Warfarin 3mg tablets (DE Pharmaceuticals),Warfarin sodium,3mg,Tablet,Oral,02080200,Oral Anticoagulants,March 2014,1
84493,35514811000001104,80833021,3,Olaparib 100mg tablets,Olaparib,100mg,Tablet,Oral,08010500,Other Antineoplastic Drugs,September 2021,1
18874,713411000001103,68687020,414,Disogram SR 180mg capsules (Ranbaxy (UK) Ltd),Diltiazem hydrochloride,180mg,Modified-release capsule,Oral,02060200,Calcium-Channel Blockers,February 2009,1
69116,30139111000001100,53313021,31,Diltiazem 60mg modified-release tablets (DE Pharmaceuticals),Diltiazem hydrochloride,60mg,Modified-release tablet,Oral,02060200,Calcium-Channel Blockers,April 2017,1
27203,848711000001105,54649020,15,Erythromycin ethyl succinate 500mg/5ml oral suspension sugar free (Teva UK Ltd),Erythromycin ethyl succinate,100mg/1ml,Oral suspension,Oral,05010500,Macrolides,February 2009,1
13504,319746005,65649020,7941,Phenindione 25mg tablets,Phenindione,25mg,Tablet,Oral,02080200,Oral Anticoagulants,February 2009,1
25059,44165001000027104,53572020,221,Berkatens 80mg Tablet (Berk Pharmaceuticals Ltd),Verapamil hydrochloride,80mg,Tablet,Oral,02030202/02060200,Supraventricular Arrhythmias/Calcium-Channel Blockers,February 2009,1
37694,98945001000027100,60838020,223,Erythromycin estolate 500mg tablets,Erythromycin Lactobionate,500mg,Tablets,Oral,05010500/13060201,Macrolides/Oral Antibacterials For Acne,February 2009,1
76554,30110811000001108,53242021,1,Verapamil 120mg modified-release tablets (DE Pharmaceuticals),Verapamil hydrochloride,120mg,Modified-release tablet,Oral,02060200,Calcium-Channel Blockers,June 2019,1
34853,592611000001105,54611020,769,Erythromycin ethyl succinate 250mg/5ml oral suspension sugar free (Teva UK Ltd),Erythromycin ethyl succinate,50mg/1ml,Oral suspension,Oral,05010500,Macrolides,February 2009,1
65057,30318311000001104,54175021,8549,Empagliflozin 5mg / Metformin 1g tablets,Metformin hydrochloride/Empagliflozin,1gram + 5mg,Tablet,Oral,06010210,Gliflozins Plus Metformin,December 2015,1
38163,8928611000001100,69317020,25,Clarithromycin 500mg tablets (A A H Pharmaceuticals Ltd),Clarithromycin,500mg,Tablet,Oral,05010500,Macrolides,February 2009,1
32164,122411000001107,48474020,763,Amiodarone 200mg tablets (A A H Pharmaceuticals Ltd),Amiodarone hydrochloride,200mg,Tablet,Oral,02030201,Supraventricular & Ventricular Arrhythmias,February 2009,1
71016,19713211000001104,38516020,0,Ciprofibrate 100mg tablets (DE Pharmaceuticals),Ciprofibrate,100mg,Tablet,Oral,02120300,Fibrates,December 2017,1
3736,159795001000027100,69357020,17052,Klaricid 125mg/5ml Oral suspension (Abbott Laboratories Ltd),Clarithromycin,25mg/1ml,Oral suspension,Oral,05010500,Macrolides,February 2009,1
17965,204811000001109,77096020,9340,Marevan 500microgram tablets (Advanz Pharma),Warfarin sodium,500microgram,Tablet,Oral,02080200,Oral Anticoagulants,February 2009,1
5662,204855001000027100,77604020,14811,Amoxicillin 500mg / Clarithromycin 500mg / Lansoprazole 30mg triple pack,Amoxicillin Trihydrate/Clarithromycin/Lansoprazole,500mg + 500mg + 30mg,Triple Pack,,01030500/05010103,Proton Pump Inhibitors/Broad-Spectrum Penicillins,February 2009,1
18682,14695001000027108,49903020,1114,Ilosone 125mg/5ml Liquid (Dista Products Ltd),Erythromycin Lactobionate,125mg/5ml,Liquid,Oral,05010500/13060201,Macrolides/Oral Antibacterials For Acne,February 2009,1
15940,207465001000027100,78339020,23,Folic acid with multivitamins and minerals Capsule,Ascorbic Acid/Copper/Folic Acid/Iodine/Iron/Magnesium/Nicotinic Acid/Riboflavin/Pyridoxine/Soya Oil/Vitamin D/Zinc/Alpha Tocopheryl Hydrogen Succinate/Selenium/Beta Carotene/Vitamin K/Thiamine/Vitamin B12,,Capsule,Oral,09060750,-,February 2009,1
327,153805001000027100,68314020,180902,Erythroped a 500mg Tablet (Abbott Laboratories Ltd),Erythromycin ethyl succinate,500mg,Tablet,Oral,05010500,Macrolides,February 2009,1
21295,4332011000001100,78245020,15,Glivec 100mg capsules (Novartis Pharmaceuticals UK Ltd),Imatinib mesilate,100mg,Capsule,Oral,08010551,Protein Kinase Inhibitors,February 2009,1
53179,9547911000001100,71684020,34,Clarithromycin 250mg/5ml oral suspension (Sandoz Ltd),Clarithromycin,50mg/1ml,Oral suspension,Oral,05010500,Macrolides,January 2013,1
29328,527311000001109,61271020,23,Bezafibrate 200mg tablets (A A H Pharmaceuticals Ltd),Bezafibrate,200mg,Tablet,Oral,02120300,Fibrates,February 2009,1
61010,23586211000001104,20298021,61,Diltiazem 120mg modified-release tablets (Cubic Pharmaceuticals Ltd),Diltiazem hydrochloride,120mg,Modified-release tablet,Oral,02060200,Calcium-Channel Blockers,August 2014,1
78163,3782311000001109,62257020,43,Phenindione 25mg tablets (Advanz Pharma),Phenindione,25mg,Tablet,Oral,02080200,Oral Anticoagulants,October 2019,1
53153,17859611000001108,05888020,0,Clarithromycin 250mg tablets (Phoenix Healthcare Distribution Ltd),Clarithromycin,250mg,Tablet,Oral,05010500,Macrolides,January 2013,1
23098,41758411000001104,87718020,9,Atazanavir 100mg capsules,Atazanavir sulfate,100mg,Capsule,Oral,05030151,Protease Inhibitors,February 2009,1
24129,654811000001103,53836020,8668,Erythromycin 250mg gastro-resistant tablets (IVAX Pharmaceuticals UK Ltd),Erythromycin,250mg,Gastro-resistant tablet,Oral,05010500/13060201,Macrolides/Oral Antibacterials For Acne,February 2009,1
84661,10733911000001106,73848020,42,Warfarin 500microgram tablets (Zentiva Pharma UK Ltd),Warfarin sodium,500microgram,Tablet,Oral,02080200,Oral Anticoagulants,October 2021,1
60828,24389111000001104,23737021,0,Erythromycin 250mg gastro-resistant tablets (Bristol Laboratories Ltd),Erythromycin,250mg,Gastro-resistant tablet,Oral,05010500/13060201,Macrolides/Oral Antibacterials For Acne,August 2014,1
7447,161565001000027100,69619020,217,Miconazole 250mg Tablet,Miconazole Nitrate,250mg,Tablet,Oral,05020000,Antifungals,February 2009,1
11433,235495001000027100,86832020,162,Clarithromycin 500mg with lansoprazole 30mg and amoxicillin 500mg triple pack,Amoxicillin Trihydrate/Clarithromycin/Lansoprazole,500mg + 30mg + 500mg,Triple Pack,,01030500/05010103,Proton Pump Inhibitors/Broad-Spectrum Penicillins,February 2009,1
34650,8927511000001103,69312020,29,Clarithromycin 250mg tablets (A A H Pharmaceuticals Ltd),Clarithromycin,250mg,Tablet,Oral,05010500,Macrolides,February 2009,1
61245,24597111000001108,26728021,18,Diltiazem 60mg modified-release capsules (Sigma Pharmaceuticals Plc),Diltiazem hydrochloride,60mg,Modified-release capsule,Oral,02060200,Calcium-Channel Blockers,September 2014,1
66473,28335911000001108,43097021,148,Vanquoral 25mg capsules (Teva UK Ltd),Ciclosporin,25mg,Capsule,Oral,08020200/10010302/13050300,Corticosteroids And Other Immunosuppressants/Drugs Affecting The Immune Response In Rheumatic Disease/Drugs Affecting The Immune Response For Eczema And Psoriasis,June 2016,1
64217,25239711000001108,29554021,3912,Jardiance 25mg tablets (Boehringer Ingelheim Ltd),Empagliflozin,25mg,Tablet,Oral,06010205,SGLT2 Inhibitors (Gliflozins),September 2015,1
2719,220811000001105,69356020,82668,Klaricid 250mg tablets (Abbott Laboratories Ltd),Clarithromycin,250mg,Tablet,Oral,05010500,Macrolides,February 2009,1
58756,21935211000001100,47445020,0,Erythromycin ethyl succinate 125mg/5ml oral suspension (Waymade Healthcare Plc),Erythromycin ethyl succinate,25mg/1ml,Oral suspension,Oral,05010500,Macrolides,February 2014,1
36909,39731511000001104,93928020,21287,Aliskiren 300mg tablets,Aliskiren hemifumarate,300mg,Tablet,Oral,02050503,Renin Inhibitors,February 2009,1
50694,258211000001108,05862020,1,Erythromycin 250mg gastro-resistant capsules (Alliance Healthcare (Distribution) Ltd),Erythromycin,250mg,Gastro-resistant capsule,Oral,05010500/13060201,Macrolides/Oral Antibacterials For Acne,January 2013,1
72092,21979611000001104,47198020,0,Fenofibrate micronised 160mg tablets (Waymade Healthcare Plc),Fenofibrate micronised,160mg,Tablet,Oral,02120300,Fibrates,May 2018,1
82512,16564011000001108,10715020,48,Niaspan 750mg modified-release tablets (Mawdsley-Brooks & Company Ltd),Nicotinic acid,750mg,Modified-release tablet,Oral,02120500,Nicotinic Acid Group,January 2021,1
46154,10060711000001104,68768020,8,Erythromycin ethyl succinate 250mg/5ml oral suspension sugar free (Abbott Laboratories Ltd),Erythromycin ethyl succinate,50mg/1ml,Oral suspension,Oral,05010500,Macrolides,September 2011,1
59578,17876911000001108,02303020,2,Warfarin 3mg tablets (Phoenix Healthcare Distribution Ltd),Warfarin sodium,3mg,Tablet,Oral,02080200,Oral Anticoagulants,April 2014,1
43259,228315001000027100,84986020,1,"Vitamin a, c & d with 11 other vitamins & 1 mineral (combination no1) tabs",Betacarotene/Zinc Oxide/Biotin/Cyanocobalamin/Phytomenadione/Pyridoxine/Thiamine/Vitamin A/Pantothenic Acid/Ascorbic Acid/Riboflavin/Alpha Tocopherol/Colecalciferol/Nicotinic Acid/Folic Acid,,Tablets,Oral,09060750,-,August 2010,1
38380,13533111000001108,94801020,216,Miconazole 50mg muco-adhesive buccal tablets sugar free,Miconazole,50mg,Muco-adhesive buccal tablet,Buccal,12030200,Oropharyngeal Anti-Infective Drugs,February 2009,1
84669,8755001000027109,49100020,2,Nicotinic acid 50mg Tablet (Approved Prescription Services Ltd),Nicotinic acid,50mg,Tablet,Oral,02120500,Nicotinic Acid Group,October 2021,1
11223,857011000001109,79519020,171339,Angitil SR 90 capsules (Ethypharm UK Ltd),Diltiazem hydrochloride,90mg,Modified-release capsule,Oral,02060200,Calcium-Channel Blockers,February 2009,1
81288,34821411000001104,78654021,4,Vosevi 400mg/100mg/100mg tablets (Gilead Sciences Ltd),Velpatasvir/Voxilaprevir/Sofosbuvir,100mg + 100mg + 400mg,Tablet,Oral,05030302,Chronic Hepatitis C,July 2020,1
59126,469911000001101,05869020,2,Erythromycin ethyl succinate 125mg/5ml oral suspension (Kent Pharma (UK) Ltd),Erythromycin ethyl succinate,25mg/1ml,Oral suspension,Oral,05010500,Macrolides,March 2014,1
67317,18189911000001108,01885020,23,Dilzem XL 120 capsules (Mawdsley-Brooks & Company Ltd),Diltiazem hydrochloride,120mg,Modified-release capsule,Oral,02060200,Calcium-Channel Blockers,August 2016,1
21808,29655001000027100,51703020,2072,Rommix 125mg/5ml Oral suspension sugar free (Ashbourne Pharmaceuticals Ltd),Erythromycin ethyl succinate,25mg/1ml,Oral suspension,Oral,05010500,Macrolides,February 2009,1
17614,880511000001105,84417020,505,Zimbacol XL 400mg tablets (Archimedes Pharma UK Ltd),Bezafibrate,400mg,Modified-release tablet,Oral,02120300,Fibrates,February 2009,1
86427,40456811000001104,01313022,2,Kaftrio 37.5mg/25mg/50mg tablets (Vertex Pharmaceuticals (Europe) Ltd),Ivacaftor/Tezacaftor/Elexacaftor,37.5mg + 25mg + 50mg,Tablet,Oral,03120000,Other Respiratory System Products,July 2022,1
32553,9108411000001108,81022020,1,Amyben 100mg tablets (Lexon (UK) Ltd),Amiodarone hydrochloride,100mg,Tablet,Oral,02030201,Supraventricular & Ventricular Arrhythmias,February 2009,1
55483,19191611000001104,05836020,0,Erythromycin 250mg gastro-resistant tablets (Milpharm Ltd),Erythromycin,250mg,Gastro-resistant tablet,Oral,05010500/13060201,Macrolides/Oral Antibacterials For Acne,June 2013,1
41160,41758811000001104,95073020,30,Atazanavir 300mg capsules,Atazanavir sulfate,300mg,Capsule,Oral,05030151,Protease Inhibitors,February 2010,1
11976,4993311000001109,87153020,7221,Niaspan 500mg modified-release tablets (Abbott Laboratories Ltd),Nicotinic acid,500mg,Modified-release tablet,Oral,02120500,Nicotinic Acid Group,February 2009,1
47537,41762511000001104,98426020,95,Eltrombopag 50mg tablets,Eltrombopag olamine,50mg,Tablet,Oral,09010400,Drugs Used In Platelet Disorders,August 2012,1
88562,7987111000001107,06192020,6,Lloydspharmacy Thrush Oral 150mg capsules (Lloyds Pharmacy Ltd),Fluconazole,150mg,Capsule,Oral,05020100,Triazole Antifungals,August 2023,1
82873,15201611000001106,00863020,0,Verapamil 120mg tablets (Sigma Pharmaceuticals Plc),Verapamil hydrochloride,120mg,Tablet,Oral,02060200,Calcium-Channel Blockers,January 2021,1
83259,38912511000001104,95060021,2,Generic Kaftrio 75mg/50mg/100mg tablets,Tezacaftor/Ivacaftor/Elexacaftor,50mg + 75mg + 100mg,Tablet,Oral,00000000,Unknown,March 2021,1
1289,383911000001109,60297020,380655,Tildiem Retard 120mg tablets (Sanofi),Diltiazem hydrochloride,120mg,Modified-release tablet,Oral,02060200,Calcium-Channel Blockers,February 2009,1
83082,38836811000001104,94871021,0,Clarithromycin 250mg tablets (Medihealth (Northern) Ltd),Clarithromycin,250mg,Tablet,Oral,05010500,Macrolides,February 2021,1
4596,153795001000027100,68313020,2305,Erythroped a 1g Sachets (Abbott Laboratories Ltd),Erythromycin Ethyl Succinate,1g,Sachets,Oral,05010500,Macrolides,February 2009,1
51496,17876711000001108,02299020,4,Warfarin 1mg tablets (Phoenix Healthcare Distribution Ltd),Warfarin sodium,1mg,Tablet,Oral,02080200,Oral Anticoagulants,January 2013,1
68054,526711000001105,01904020,91,Diltiazem 60mg modified-release tablets (Alliance Healthcare (Distribution) Ltd),Diltiazem hydrochloride,60mg,Modified-release tablet,Oral,02060200,Calcium-Channel Blockers,October 2016,1
62064,24523511000001104,25559021,0,Diltiazem 120mg modified-release tablets (Mawdsley-Brooks & Company Ltd),Diltiazem hydrochloride,120mg,Modified-release tablet,Oral,02060200,Calcium-Channel Blockers,January 2015,1
77245,9798011000001108,68101020,0,Warfarin 3mg tablets (Almus Pharmaceuticals Ltd),Warfarin sodium,3mg,Tablet,Oral,02080200,Oral Anticoagulants,July 2019,1
79864,37402811000001104,89562021,0,Clarithromycin 500mg tablets (HEC Pharm GmbH),Clarithromycin,500mg,Tablet,Oral,05010500,Macrolides,February 2020,1
66785,29934611000001108,52782021,24,Vanquoral 10mg capsules (Teva UK Ltd),Ciclosporin,10mg,Capsule,Oral,08020200/10010302/13050300,Corticosteroids And Other Immunosuppressants/Drugs Affecting The Immune Response In Rheumatic Disease/Drugs Affecting The Immune Response For Eczema And Psoriasis,July 2016,1
56034,865311000001108,60185020,0,Amiodarone 100mg tablets (Viatris UK Healthcare Ltd),Amiodarone hydrochloride,100mg,Tablet,Oral,02030201,Supraventricular & Ventricular Arrhythmias,August 2013,1
39445,4386011000001107,83130020,2,Norvir 100mg capsules (Abbott Laboratories Ltd),Ritonavir,100mg,Capsule,Oral,00000000,Unknown,April 2009,1
10389,172565001000027100,71165020,1258,Miconazole 1.2g Pessary,Miconazole Nitrate,1.2g,Pessary,Vaginal,07020200,Vaginal And Vulval Infections,February 2009,1
42625,16449211000001100,97882020,1722,Vera-Til SR 120mg tablets (Accord-UK Ltd),Verapamil hydrochloride,120mg,Modified-release tablet,Oral,02060200,Calcium-Channel Blockers,June 2010,1
71363,5541711000001100,05845020,127,Erythrocin 500 tablets (Dowelhurst Ltd),Erythromycin stearate,500mg,Tablet,Oral,05010500,Macrolides,January 2018,1
72845,33422311000001108,70574021,2,Elbasvir 50mg / Grazoprevir 100mg tablets,Elbasvir/Grazoprevir,50mg + 100mg,Tablet,Oral,05030302,Chronic Hepatitis C,August 2018,1
10634,13485001000027108,49736020,1959,Gyno-daktarin Tampon (Janssen-Cilag Ltd),Miconazole Nitrate,,Tampon,Vaginal,07020200,Vaginal And Vulval Infections,February 2009,1
9434,224315001000027100,83705020,39,Erymin 250mg/5ml Oral suspension (Elan Pharma),Erythromycin Ethyl Succinate,250mg/5ml,Oral Suspension,Oral,05010500,Macrolides,February 2009,1
38041,250905001000027100,94827020,165,Warfarin sodium 5mg/ml oral suspension,Warfarin Sodium,5mg/5ml,Oral Suspension,Oral,02080200,Oral Anticoagulants,February 2009,1
66343,22155011000001108,14747021,6,Tafamidis meglumine 20mg capsules,Tafamidis meglumine,20mg,Capsule,Oral,04130000,Other Nervous System Products,June 2016,1
75089,32704311000001108,68999021,3,Osimertinib 80mg tablets,Osimertinib mesylate,80mg,Tablet,Oral,08010551,Protein Kinase Inhibitors,February 2019,1
9723,219611000001107,79935020,10133,Calcicard CR 90mg tablets (Teva UK Ltd),Diltiazem hydrochloride,90mg,Modified-release tablet,Oral,02060200,Calcium-Channel Blockers,February 2009,1
4424,3771211000001103,50728020,3031,Nizoral 200mg tablets (Janssen-Cilag Ltd),Ketoconazole,200mg,Tablet,Oral,05020200,Imidazole Antifungals,February 2009,1
84677,203105001000027100,77098020,22,Ciclosporin 50mg Capsule (Hillcross Pharmaceuticals Ltd),Ciclosporin,50mg,Capsule,Oral,01050300/08020200,Products Affecting The Immune Response In Chronic Bowel Problems/Corticosteroids And Other Immunosuppressants,October 2021,1
38997,917411000001101,95825020,2769,Klaricid Paediatric 125mg/5ml oral suspension (Viatris UK Healthcare Ltd),Clarithromycin,25mg/1ml,Oral suspension,Oral,05010500,Macrolides,February 2009,1
83839,38837011000001104,94755021,0,Clarithromycin 500mg tablets (Medihealth (Northern) Ltd),Clarithromycin,500mg,Tablet,Oral,05010500,Macrolides,May 2021,1
78798,11709711000001108,29671020,5,Amiodarone 15mg/5ml oral suspension,Amiodarone hydrochloride,3mg/1ml,Oral suspension,Oral,02030201,Supraventricular & Ventricular Arrhythmias,November 2019,1
65572,20411211000001104,41334020,0,Fenofibrate micronised 160mg tablets (Genus Pharmaceuticals Ltd),Fenofibrate micronised,160mg,Tablet,Oral,02120300,Fibrates,February 2016,1
1538,155445001000027100,68602020,797979,Diltiazem 60mg tablets,Diltiazem Hydrochloride,60mg,Tablets,Oral,02060200,Calcium-Channel Blockers,February 2009,1
12705,440711000001104,83066020,2416,Angiozem CR 90mg tablets (Ashbourne Pharmaceuticals Ltd),Diltiazem hydrochloride,90mg,Modified-release tablet,Oral,02060200,Calcium-Channel Blockers,February 2009,1
41037,14998611000001104,96407020,2589,Ranexa 375mg modified-release tablets (A. Menarini Farmaceutica Internazionale SRL),Ranolazine,375mg,Modified-release tablet,Oral,02060300,Other Anti-Angina Products,January 2010,1
11611,235411000001103,51704020,7599,Rommix 250 EC tablets (Ashbourne Pharmaceuticals Ltd),Erythromycin,250mg,Gastro-resistant tablet,Oral,05010500/13060201,Macrolides/Oral Antibacterials For Acne,February 2009,1
38066,89675001000027100,59378020,66,Diltiazem HCl 60mg Modified-release tablet (Lagap),Diltiazem hydrochloride,60mg,Modified-release tablet,Oral,02060200,Calcium-Channel Blockers,February 2009,1
1830,230911000001102,80314020,32713,Diflucan One 150mg capsules (McNeil Products Ltd),Fluconazole,150mg,Capsule,Oral,05020000/05020100,Antifungals/Triazole Antifungals,February 2009,1
45051,66545001000027104,56381020,56,Verapamil hc 240mg Modified-release tablet (Actavis UK Ltd),Verapamil hydrochloride,240mg,Modified-release tablet,Oral,02030202/02060200,Supraventricular Arrhythmias/Calcium-Channel Blockers,April 2011,1
77506,7380911000001104,00866020,4,Verapamil 240mg modified-release tablets (Kent Pharma (UK) Ltd),Verapamil hydrochloride,240mg,Modified-release tablet,Oral,02060200,Calcium-Channel Blockers,August 2019,1
84529,39461711000001104,97632021,4,Eltrombopag 25mg oral powder sachets sugar free,Eltrombopag olamine,25mg,Powder,Oral,09010400,Drugs Used In Platelet Disorders,September 2021,1
33695,549711000001102,62661020,18,Erythromycin ethyl succinate 125mg/5ml oral suspension sugar free (Viatris UK Healthcare Ltd),Erythromycin ethyl succinate,25mg/1ml,Oral suspension,Oral,05010500,Macrolides,February 2009,1
26365,46285001000027104,53839020,10,Erythromycin 500mg Tablet (IVAX Pharmaceuticals UK Ltd),Erythromycin,500mg,Tablet,Oral,05010500/13060201,Macrolides/Oral Antibacterials For Acne,February 2009,1
31490,4129511000001107,81761020,170,Zolvera 40mg/5ml oral solution (Rosemont Pharmaceuticals Ltd),Verapamil hydrochloride,8mg/1ml,Oral solution,Oral,02060200,Calcium-Channel Blockers,February 2009,1
83648,37402011000001104,89771021,0,Clarithromycin 250mg tablets (HEC Pharm GmbH),Clarithromycin,250mg,Tablet,Oral,05010500,Macrolides,April 2021,1
5734,3357711000001102,49734020,17851,Gyno-Daktarin 1200mg vaginal capsules (Janssen-Cilag Ltd),Miconazole nitrate,1.2gram,Capsule,Vaginal,07020250,Preparations For Vaginal And Vulval Candidiasis,February 2009,1
18830,256611000001109,82004020,1683,Disogram SR 90mg capsules (Ranbaxy (UK) Ltd),Diltiazem hydrochloride,90mg,Modified-release capsule,Oral,02060200,Calcium-Channel Blockers,February 2009,1
72318,35141111000001104,79498021,0,Clarithromycin 500mg tablets (Milpharm Ltd),Clarithromycin,500mg,Tablet,Oral,05010500,Macrolides,June 2018,1
18606,216735001000027100,81472020,19,Diltiazem and hydrochlorothiazide 150mg+12.5mg modified-release capsules,Diltiazem Hydrochloride/Hydrochlorothiazide,150mg + 12.5mg,Modified Release Capsules,Oral,02020100/02060200,Thiazides And Related Diuretics/Calcium-Channel Blockers,February 2009,1
58824,687011000001109,05830020,1,Erythromycin 250mg gastro-resistant tablets (Kent Pharma (UK) Ltd),Erythromycin,250mg,Gastro-resistant tablet,Oral,05010500/13060201,Macrolides/Oral Antibacterials For Acne,February 2014,1
184,319940007,64207020,223234,Bezafibrate 200mg tablets,Bezafibrate,200mg,Tablet,Oral,02120300,Fibrates,February 2009,1
51261,18481611000001100,11007020,0,Tildiem Retard 120mg tablets (Mawdsley-Brooks & Company Ltd),Diltiazem hydrochloride,120mg,Modified-release tablet,Oral,02060200,Calcium-Channel Blockers,January 2013,1
72839,24410111000001104,23688021,20,Diltiazem 300mg modified-release capsules (DE Pharmaceuticals),Diltiazem hydrochloride,300mg,Modified-release capsule,Oral,02060200,Calcium-Channel Blockers,August 2018,1
73385,2953111000001108,02438020,119,Fenofibrate micronised 200mg capsules (Kent Pharma (UK) Ltd),Fenofibrate micronised,200mg,Capsule,Oral,02120300,Fibrates,October 2018,1
66855,30318211000001104,54173021,569,Empagliflozin 12.5mg / Metformin 850mg tablets,Metformin hydrochloride/Empagliflozin,850mg + 12.5mg,Tablet,Oral,06010210,Gliflozins Plus Metformin,July 2016,1
27161,235255001000027100,86751020,3,Amidox 200mg Tablet (Berk Pharmaceuticals Ltd),Amiodarone hydrochloride,200mg,Tablet,Oral,02030201,Supraventricular & Ventricular Arrhythmias,February 2009,1
21296,220775001000027100,82695020,185,Ascorbic acid with Calcium with Vitamin B complex effervescent tablets,Biotin/Hydroxocobalamin/Pyridoxine Hydrochloride/Thiamine Hydrochloride/Pantothenic Acid/Ascorbic Acid/Riboflavin/Calcium/Magnesium/Zinc/Nicotinic Acid,,Effervescent Tablet,Oral,09050101/09060200,Calcium Supplements/Vitamin B Group,February 2009,1
79833,35996611000001100,82695021,0,Erythromycin 250mg gastro-resistant tablets (Ennogen Pharma Ltd),Erythromycin,250mg,Gastro-resistant tablet,Oral,05010500/13060201,Macrolides/Oral Antibacterials For Acne,February 2020,1
55257,8457011000001107,19777020,102,Diltiazem 60mg/5ml oral solution,Diltiazem hydrochloride,12mg/1ml,Oral solution,Oral,02060200,Calcium-Channel Blockers,May 2013,1
85798,34759911000001108,78203021,0,Warfarin 500microgram tablets (Sun Pharmaceutical Industries Europe B.V.),Warfarin sodium,500microgram,Tablet,Oral,02080200,Oral Anticoagulants,March 2022,1
9294,200675001000027100,76342020,31,Miconazole 5% Denture lacquer,Miconazole,5%,Denture Lacquer,Oromucosal,05020000/12030200,Antifungals/Oropharyngeal Anti-Infective Drugs,February 2009,1
66286,13016811000001104,33701020,1,Warfarin 2.5mg/5ml oral solution,Warfarin sodium,500microgram/1ml,Oral solution,Oral,02080200,Oral Anticoagulants,June 2016,1
38876,893111000001107,95519020,270850,Tildiem LA 300 capsules (Sanofi),Diltiazem hydrochloride,300mg,Modified-release capsule,Oral,02060200,Calcium-Channel Blockers,February 2009,1
82529,17567911000001102,02448020,144,Lipantil Micro 200 capsules (Sigma Pharmaceuticals Plc),Fenofibrate micronised,200mg,Capsule,Oral,02120300,Fibrates,January 2021,1
85332,18448611000001104,99370020,0,Tasigna 150mg capsules (Novartis Pharmaceuticals UK Ltd),Nilotinib hydrochloride monohydrate,150mg,Capsule,Oral,08010551,Protein Kinase Inhibitors,December 2021,1
71066,17899311000001108,05842020,0,Erythromycin ethyl succinate 500mg tablets (Sigma Pharmaceuticals Plc),Erythromycin ethyl succinate,500mg,Tablet,Oral,05010500,Macrolides,December 2017,1
64889,10289011000001108,06193020,0,Fluconazole 150mg capsules (Relonchem Ltd),Fluconazole,150mg,Capsule,Oral,05020100,Triazole Antifungals,December 2015,1
32658,199345001000027100,75962020,17,Dilcardia xl 120mg Modified-release capsule (Generics (UK) Ltd),Diltiazem Hydrochloride,120mg,Modified-Release Capsule,Oral,02060200,Calcium-Channel Blockers,February 2009,1
59098,16158611000001108,01889020,0,Dilzem XL 180 capsules (Lexon (UK) Ltd),Diltiazem hydrochloride,180mg,Modified-release capsule,Oral,02060200,Calcium-Channel Blockers,March 2014,1
33697,481911000001102,56173020,387,Erythromycin ethyl succinate 125mg/5ml oral suspension sugar free (A A H Pharmaceuticals Ltd),Erythromycin ethyl succinate,25mg/1ml,Oral suspension,Oral,05010500,Macrolides,February 2009,1
66942,10287911000001100,06179020,0,Fluconazole 50mg capsules (Relonchem Ltd),Fluconazole,50mg,Capsule,Oral,05020100,Triazole Antifungals,July 2016,1
68226,29856111000001104,52266021,0,Erythromycin ethyl succinate 250mg/5ml oral suspension (Sigma Pharmaceuticals Plc),Erythromycin ethyl succinate,50mg/1ml,Oral suspension,Oral,05010500,Macrolides,November 2016,1
56758,21864611000001104,47166020,1,Diltiazem 90mg modified-release capsules (Cubic Pharmaceuticals Ltd),Diltiazem hydrochloride,90mg,Modified-release capsule,Oral,02060200,Calcium-Channel Blockers,August 2013,1
31737,655411000001104,80910020,9,Zildil SR 120mg capsules (Healthcare Pharma Ltd),Diltiazem hydrochloride,120mg,Modified-release capsule,Oral,02060200,Calcium-Channel Blockers,February 2009,1
34758,927211000001109,55896020,3562,Warfarin 3mg tablets (IVAX Pharmaceuticals UK Ltd),Warfarin sodium,3mg,Tablet,Oral,02080200,Oral Anticoagulants,February 2009,1
46488,9038811000001106,69947020,2,Clarithromycin 500mg tablets (Ranbaxy (UK) Ltd),Clarithromycin,500mg,Tablet,Oral,05010500,Macrolides,November 2011,1
74915,22409111000001104,15621021,0,Diltiazem 120mg modified-release capsules (DE Pharmaceuticals),Diltiazem hydrochloride,120mg,Modified-release capsule,Oral,02060200,Calcium-Channel Blockers,February 2019,1
34851,417411000001104,54658020,535,Amiodarone 200mg tablets (Teva UK Ltd),Amiodarone hydrochloride,200mg,Tablet,Oral,02030201,Supraventricular & Ventricular Arrhythmias,February 2009,1
39420,349711000001104,96391020,120941,Bezalip Mono 400mg modified-release tablets (Teva UK Ltd),Bezafibrate,400mg,Modified-release tablet,Oral,02120300,Fibrates,April 2009,1
52158,9033411000001104,05882020,0,Clarithromycin 250mg tablets (Alliance Healthcare (Distribution) Ltd),Clarithromycin,250mg,Tablet,Oral,05010500,Macrolides,January 2013,1
38818,2887311000001104,95537020,124819,Adizem-SR 120mg capsules (Napp Pharmaceuticals Ltd),Diltiazem hydrochloride,120mg,Modified-release capsule,Oral,02060200,Calcium-Channel Blockers,February 2009,1
82730,18509011000001104,09951020,1,Coumadin 4mg tablets (Imported (Canada)),Warfarin sodium,4mg,Tablet,Oral,02080200,Oral Anticoagulants,January 2021,1
763,318186003,60109020,657941,Amiodarone 100mg tablets,Amiodarone hydrochloride,100mg,Tablet,Oral,02030201,Supraventricular & Ventricular Arrhythmias,February 2009,1
38474,41768311000001104,90389020,196,Posaconazole 40mg/ml oral suspension,Posaconazole,40mg/1ml,Oral suspension,Oral,05020100,Triazole Antifungals,February 2009,1
60415,17537211000001100,01891020,0,Dilzem XL 180 capsules (Sigma Pharmaceuticals Plc),Diltiazem hydrochloride,180mg,Modified-release capsule,Oral,02060200,Calcium-Channel Blockers,July 2014,1
40885,15914911000001100,95585020,1743,Nicotinic acid 1g / Laropiprant 20mg modified-release tablets,Nicotinic acid/Laropiprant,1gram + 20mg,Modified-release tablet,Oral,02120500,Nicotinic Acid Group,December 2009,1
53658,8274411000001109,18925020,23,Amiodarone 100mg/5ml oral suspension,Amiodarone hydrochloride,20mg/1ml,Oral suspension,Oral,02030201,Supraventricular & Ventricular Arrhythmias,February 2013,1
21286,39695811000001104,78254020,64,Imatinib 100mg capsules,Imatinib mesilate,100mg,Capsule,Oral,08010551,Protein Kinase Inhibitors,February 2009,1
6505,41772611000001104,78557020,2384,Voriconazole 200mg tablets,Voriconazole,200mg,Tablet,Oral,05020100,Triazole Antifungals,February 2009,1
36629,39731411000001104,93926020,27690,Aliskiren 150mg tablets,Aliskiren hemifumarate,150mg,Tablet,Oral,02050503,Renin Inhibitors,February 2009,1
47530,591411000001102,76823020,6,Horizem SR 60mg capsules (Horizon lifecare),Diltiazem hydrochloride,60mg,Modified-release capsule,Oral,02060200,Calcium-Channel Blockers,August 2012,1
71969,24597911000001104,26723021,0,Diltiazem 300mg modified-release capsules (Sigma Pharmaceuticals Plc),Diltiazem hydrochloride,300mg,Modified-release capsule,Oral,02060200,Calcium-Channel Blockers,April 2018,1
52743,21263111000001100,44422020,18,Ciclosporin 25mg capsules (Sigma Pharmaceuticals Plc),Ciclosporin,25mg,Capsule,Oral,08020200/10010302/13050300,Corticosteroids And Other Immunosuppressants/Drugs Affecting The Immune Response In Rheumatic Disease/Drugs Affecting The Immune Response For Eczema And Psoriasis,January 2013,1
51461,5407511000001101,00865020,419,Securon SR 240mg tablets (Waymade Healthcare Plc),Verapamil hydrochloride,240mg,Modified-release tablet,Oral,02060200,Calcium-Channel Blockers,January 2013,1
10832,81595001000027100,58376020,3173,Securon 80mg Tablet (Abbott Laboratories Ltd),Verapamil hydrochloride,80mg,Tablet,Oral,02030202/02060200,Supraventricular Arrhythmias/Calcium-Channel Blockers,February 2009,1
66701,24101311000001104,23046021,0,Diltiazem 240mg modified-release capsules (DE Pharmaceuticals),Diltiazem hydrochloride,240mg,Modified-release capsule,Oral,02060200,Calcium-Channel Blockers,July 2016,1
23733,159965001000027100,69392020,1608,Optil sr 90mg Modified-release capsule (Opus Pharmaceuticals Ltd),Diltiazem hydrochloride,90mg,Modified-release capsule,Oral,02060200,Calcium-Channel Blockers,February 2009,1
9903,98935001000027100,60837020,8659,Erythromycin estolate 250mg capsules,Erythromycin Lactobionate,250mg,Capsules,Oral,05010500/13060201,Macrolides/Oral Antibacterials For Acne,February 2009,1
60011,22349211000001104,15678021,0,Fluconazole 150mg capsules (Milpharm Ltd),Fluconazole,150mg,Capsule,Oral,05020100,Triazole Antifungals,May 2014,1
73072,29767311000001108,52546021,24,Aprepitant 25mg/5ml oral suspension,Aprepitant,5mg/1ml,Oral suspension,Oral,04065700,Products Used Against Nausea And Vertigo - Neurokinin Receptor Antagonist,September 2018,1
80332,37369311000001104,87762021,0,Erythrocin 250 tablets (CST Pharma Ltd),Erythromycin stearate,250mg,Tablet,Oral,05010500,Macrolides,April 2020,1
21145,937011000001101,86146020,4400,Dilcardia SR 60mg capsules (Viatris UK Healthcare Ltd),Diltiazem hydrochloride,60mg,Modified-release capsule,Oral,02060200,Calcium-Channel Blockers,February 2009,1
63236,18271311000001104,05913020,18,Klaricid 500 tablets (Necessity Supplies Ltd),Clarithromycin,500mg,Tablet,Oral,05010500,Macrolides,May 2015,1
60069,21834111000001104,47902020,10,Prezista 800mg tablets (Janssen-Cilag Ltd),Darunavir,800mg,Tablet,Oral,05030151,Protease Inhibitors,May 2014,1
16065,41758611000001104,87720020,89,Atazanavir 150mg capsules,Atazanavir sulfate,150mg,Capsule,Oral,05030151,Protease Inhibitors,February 2009,1
75576,10418411000001106,65811020,12,Warfarin 3mg tablets (Arrow Generics Ltd),Warfarin sodium,3mg,Tablet,Oral,02080200,Oral Anticoagulants,April 2019,1
30203,36065001000027104,52501020,5666,Warfarin wbp 3mg Tablet (Boehringer Ingelheim Ltd),Warfarin sodium,3mg,Tablet,Oral,02080200,Oral Anticoagulants,February 2009,1
43407,456711000001104,56201020,593,Warfarin 3mg tablets (A A H Pharmaceuticals Ltd),Warfarin sodium,3mg,Tablet,Oral,02080200,Oral Anticoagulants,September 2010,1
5390,319992003,86191020,237504,Fenofibrate micronised 267mg capsules,Fenofibrate micronised,267mg,Capsule,Oral,02120300,Fibrates,February 2009,1
53168,9547411000001108,71681020,4,Clarithromycin 125mg/5ml oral suspension (Sandoz Ltd),Clarithromycin,25mg/1ml,Oral suspension,Oral,05010500,Macrolides,January 2013,1
46395,17665811000001108,99164020,576,Capimune 100mg capsules (Viatris UK Healthcare Ltd),Ciclosporin,100mg,Capsule,Oral,08020200/10010302/13050300,Corticosteroids And Other Immunosuppressants/Drugs Affecting The Immune Response In Rheumatic Disease/Drugs Affecting The Immune Response For Eczema And Psoriasis,November 2011,1
71052,534311000001103,08448020,0,Colchicine 500microgram tablets (Kent Pharma (UK) Ltd),Colchicine,500microgram,Tablet,Oral,10010450,Acute Attacks Of Gout,December 2017,1
6803,36142611000001104,76383020,193627,Clarithromycin 500mg modified-release tablets,Clarithromycin,500mg,Modified-release tablet,Oral,05010500,Macrolides,February 2009,1
480,10335001000027104,49300020,58297,Erythrocin 250mg Tablet (Abbott Laboratories Ltd),Erythromycin stearate,250mg,Tablet,Oral,05010500,Macrolides,February 2009,1
80969,10418211000001108,65808020,9,Warfarin 1mg tablets (Arrow Generics Ltd),Warfarin sodium,1mg,Tablet,Oral,02080200,Oral Anticoagulants,June 2020,1
6934,41790611000001104,76410020,209513,Leflunomide 20mg tablets,Leflunomide,20mg,Tablet,Oral,10010302,Drugs Affecting The Immune Response In Rheumatic Disease,February 2009,1
67883,23604611000001104,20726021,1,Lomitapide 5mg capsules,Lomitapide,5mg,Capsule,Oral,02120700,Other Lipid-Regulating Products,October 2016,1
33705,173511000001103,54612020,710,Erythromycin ethyl succinate 125mg/5ml oral suspension sugar free (Teva UK Ltd),Erythromycin ethyl succinate,25mg/1ml,Oral suspension,Oral,05010500,Macrolides,February 2009,1
53986,19733011000001108,38553020,0,Erythromycin 250mg gastro-resistant tablets (Medreich Plc),Erythromycin,250mg,Gastro-resistant tablet,Oral,05010500/13060201,Macrolides/Oral Antibacterials For Acne,March 2013,1
4062,389111000001109,58845020,11154,Lopid 600mg tablets (Pfizer Ltd),Gemfibrozil,600mg,Tablet,Oral,02120300,Fibrates,February 2009,1
60788,10138711000001106,72640020,0,Fenofibrate micronised 267mg capsules (Zentiva Pharma UK Ltd),Fenofibrate micronised,267mg,Capsule,Oral,02120300,Fibrates,August 2014,1
62310,20538311000001104,41332020,6,Warfarin 500microgram tablets (Advanz Pharma),Warfarin sodium,500microgram,Tablet,Oral,02080200,Oral Anticoagulants,February 2015,1
70961,14005411000001108,01872020,2,Tildiem Retard 90mg tablets (DE Pharmaceuticals),Diltiazem hydrochloride,90mg,Modified-release tablet,Oral,02060200,Calcium-Channel Blockers,December 2017,1
76651,14387311000001108,06217020,0,Sporanox 100mg capsules (Sigma Pharmaceuticals Plc),Itraconazole,100mg,Capsule,Oral,05020100,Triazole Antifungals,July 2019,1
71342,10530911000001104,01894020,18,Dilzem XL 240 capsules (Waymade Healthcare Plc),Diltiazem hydrochloride,240mg,Modified-release capsule,Oral,02060200,Calcium-Channel Blockers,January 2018,1
54903,9157411000001102,05894020,0,Clarithromycin 125mg/5ml oral suspension (Alliance Healthcare (Distribution) Ltd),Clarithromycin,25mg/1ml,Oral suspension,Oral,05010500,Macrolides,May 2013,1
2429,41948911000001104,60842020,178274,Erythromycin ethyl succinate 125mg/5ml oral suspension,Erythromycin ethyl succinate,25mg/1ml,Oral suspension,Oral,05010500,Macrolides,February 2009,1
53175,16561911000001108,07439020,1,Neoral 25mg capsules (Mawdsley-Brooks & Company Ltd),Ciclosporin,25mg,Capsule,Oral,08020200/10010302/13050300,Corticosteroids And Other Immunosuppressants/Drugs Affecting The Immune Response In Rheumatic Disease/Drugs Affecting The Immune Response For Eczema And Psoriasis,January 2013,1
52719,13765011000001104,05884020,0,Clarithromycin 250mg tablets (Apotex UK Ltd),Clarithromycin,250mg,Tablet,Oral,05010500,Macrolides,January 2013,1
1324,66515001000027104,56377020,40388,Bezalip 200mg Tablet (Roche Products Ltd),Bezafibrate,200mg,Tablet,Oral,02120300,Fibrates,February 2009,1
88196,38617911000001104,93848021,1,Darolutamide 300mg tablets,Darolutamide,300mg,Tablet,Oral,08030300,Androgens (In Malignant Disease),May 2023,1
8975,36149411000001104,68473020,48754,Verapamil 180mg modified-release capsules,Verapamil hydrochloride,180mg,Modified-release capsule,Oral,00000000,Unknown,February 2009,1
56467,14005111000001104,01909020,714,Tildiem 60mg modified-release tablets (DE Pharmaceuticals),Diltiazem hydrochloride,60mg,Modified-release tablet,Oral,02060200,Calcium-Channel Blockers,August 2013,1
342,41787311000001104,68917020,556717,Fluconazole 50mg capsules,Fluconazole,50mg,Capsule,Oral,05020100,Triazole Antifungals,February 2009,1
79242,16184011000001104,76996020,0,Fenofibrate micronised 67mg capsules (A A H Pharmaceuticals Ltd),Fenofibrate micronised,67mg,Capsule,Oral,02120300,Fibrates,December 2019,1
73491,10639311000001102,73243020,148,Fenofibrate micronised 267mg capsules (A A H Pharmaceuticals Ltd),Fenofibrate micronised,267mg,Capsule,Oral,02120300,Fibrates,October 2018,1
36878,11960911000001108,93930020,5223,Rasilez 150mg tablets (Noden Pharma DAC),Aliskiren hemifumarate,150mg,Tablet,Oral,02050503,Renin Inhibitors,February 2009,1
67890,21965511000001104,47165020,4,Uard 300XL capsules (Ennogen Healthcare Ltd),Diltiazem hydrochloride,300mg,Modified-release capsule,Oral,02060200,Calcium-Channel Blockers,October 2016,1
68710,32447511000001104,67745021,16,Brilique 60mg tablets (AstraZeneca UK Ltd),Ticagrelor,60mg,Tablet,Oral,02090000,Antiplatelet Products,January 2017,1
34779,231611000001103,59393020,3,Erythromycin ethyl succinate 125mg/5ml oral suspension (Sandoz Ltd),Erythromycin ethyl succinate,25mg/1ml,Oral suspension,Oral,05010500,Macrolides,February 2009,1
40729,15871411000001108,97431020,3646,Tredaptive 1000mg/20mg modified-release tablets (Organon Pharma (UK) Ltd),Nicotinic acid/Laropiprant,1gram + 20mg,Modified-release tablet,Oral,02120500,Nicotinic Acid Group,November 2009,1
72040,28989111000001104,47992021,13,Warfarin 3mg tablets (Crescent Pharma Ltd),Warfarin sodium,3mg,Tablet,Oral,02080200,Oral Anticoagulants,April 2018,1
34277,646111000001100,56740020,107,Gemfibrozil 600mg tablets (Teva UK Ltd),Gemfibrozil,600mg,Tablet,Oral,02120300,Fibrates,February 2009,1
88319,40686011000001104,02198022,0,Dasatinib 15.8mg tablets,Dasatinib anhydrous,15.8mg,Tablet,Oral,08010551,Protein Kinase Inhibitors,June 2023,1
2721,41789811000001104,63874020,12475,Ketoconazole 200mg tablets,Ketoconazole,200mg,Tablet,Oral,06070000,Other Endocrine Drugs,February 2009,1
68367,32163811000001104,62309021,0,Erythromycin ethyl succinate 500mg tablets (Dawa Ltd),Erythromycin ethyl succinate,500mg,Tablet,Oral,05010500,Macrolides,December 2016,1
2238,41903411000001104,64744020,29192,Miconazole 2% vaginal cream,Miconazole nitrate,20mg/1gram,Cream,Vaginal,07020100,Preparations For Vaginal And Vulval Changes,February 2009,1
17599,7852611000001103,88811020,82,Verapress MR 240mg tablets (Sandoz Ltd),Verapamil hydrochloride,240mg,Modified-release tablet,Oral,02060200,Calcium-Channel Blockers,February 2009,1
88477,38905011000001104,95328021,0,Fenofibrate micronised 267mg capsules (Medihealth (Northern) Ltd),Fenofibrate micronised,267mg,Capsule,Oral,02120300,Fibrates,July 2023,1
3318,319966005,62908020,32297,Gemfibrozil 300mg capsules,Gemfibrozil,300mg,Capsule,Oral,02120300,Fibrates,February 2009,1
39446,7337311000001107,87726020,2,Reyataz 150mg capsules (Bristol-Myers Squibb Pharmaceuticals Ltd),Atazanavir sulfate,150mg,Capsule,Oral,05030151,Protease Inhibitors,April 2009,1
67329,13922411000001100,02461020,36,Lipantil Micro 267 capsules (DE Pharmaceuticals),Fenofibrate micronised,267mg,Capsule,Oral,02120300,Fibrates,August 2016,1
52615,14344711000001108,07444020,2,Neoral 100mg capsules (Sigma Pharmaceuticals Plc),Ciclosporin,100mg,Capsule,Oral,08020200/10010302/13050300,Corticosteroids And Other Immunosuppressants/Drugs Affecting The Immune Response In Rheumatic Disease/Drugs Affecting The Immune Response For Eczema And Psoriasis,January 2013,1
82629,23984211000001104,22962021,2,Cobicistat 150mg tablets,Cobicistat,150mg,Tablet,Oral,05030154,Pharmacokinetic Enhancers Of Antiretrovirals,January 2021,1
38882,2886311000001102,95563020,255653,Adizem-XL 240mg capsules (Napp Pharmaceuticals Ltd),Diltiazem hydrochloride,240mg,Modified-release capsule,Oral,02060200,Calcium-Channel Blockers,February 2009,1
43430,10065011000001102,61274020,298,Diltiazem 120mg modified-release tablets (A A H Pharmaceuticals Ltd),Diltiazem hydrochloride,120mg,Modified-release tablet,Oral,02060200,Calcium-Channel Blockers,September 2010,1
18975,152715001000027100,68163020,61,Calcicard 60mg Tablet (3M Health Care Ltd),Diltiazem hydrochloride,60mg,Modified-release tablet,Oral,02060200,Calcium-Channel Blockers,February 2009,1
47042,203115001000027100,77102020,52,Ciclosporin 100mg Capsule (Hillcross Pharmaceuticals Ltd),Ciclosporin,100mg,Capsule,Oral,01050300/08020200,Products Affecting The Immune Response In Chronic Bowel Problems/Corticosteroids And Other Immunosuppressants,April 2012,1
61612,21975811000001104,47442020,1,Erythromycin ethyl succinate 250mg/5ml oral suspension sugar free (Waymade Healthcare Plc),Erythromycin ethyl succinate,50mg/1ml,Oral suspension,Oral,05010500,Macrolides,November 2014,1
41389,234075001000027100,86347020,6,Erythoden 250mg/5ml Liquid (Stevenden Healthcare),Erythromycin ethyl succinate,50mg/1ml,Oral suspension,Oral,05010500,Macrolides,March 2010,1
11922,8456911000001108,90541020,897,Diltiazem 60mg/5ml oral suspension,Diltiazem hydrochloride,12mg/1ml,Oral suspension,Oral,02060200,Calcium-Channel Blockers,February 2009,1
1497,41955111000001110,66607020,22953,Sodium fusidate 250mg tablets,Sodium fusidate,250mg,Tablet,Oral,05010700,Other Antibacterials,February 2009,1
34377,95755001000027100,60316020,63,Diltiazem HCl 90mg Modified-release capsule (Hillcross Pharmaceuticals Ltd),Diltiazem hydrochloride,90mg,Modified-release capsule,Oral,02060200,Calcium-Channel Blockers,February 2009,1
63206,15849011000001100,76680020,1,Itraconazole 100mg capsules (Teva UK Ltd),Itraconazole,100mg,Capsule,Oral,05020100,Triazole Antifungals,May 2015,1
58292,15054411000001108,06195020,1,Fluconazole 150mg capsules (Sigma Pharmaceuticals Plc),Fluconazole,150mg,Capsule,Oral,05020100,Triazole Antifungals,December 2013,1
69369,28394411000001104,44213021,25,Rezolsta 800mg/150mg tablets (Janssen-Cilag Ltd),Darunavir ethanolate/Cobicistat,800mg + 150mg,Tablet,Oral,05030151,Protease Inhibitors,May 2017,1
83227,38890211000001104,94776021,0,Erythromycin ethyl succinate 125mg/5ml oral suspension sugar free (Medihealth (Northern) Ltd),Erythromycin ethyl succinate,25mg/1ml,Oral suspension,Oral,05010500,Macrolides,March 2021,1
82611,18461511000001104,06187020,0,Fluconazole 50mg capsules (Accord-UK Ltd),Fluconazole,50mg,Capsule,Oral,05020100,Triazole Antifungals,January 2021,1
86312,17299611000001108,77452020,0,Fenofibrate micronised 67mg capsules (Teva UK Ltd),Fenofibrate micronised,67mg,Capsule,Oral,02120300,Fibrates,July 2022,1
40784,8993811000001101,69458020,7,Clarithromycin 500mg tablets (Sandoz Ltd),Clarithromycin,500mg,Tablet,Oral,05010500,Macrolides,November 2009,1
15288,467111000001105,86669020,42523,Angitil XL 300 capsules (Ethypharm UK Ltd),Diltiazem hydrochloride,300mg,Modified-release capsule,Oral,02060200,Calcium-Channel Blockers,February 2009,1
87196,40924711000001104,02735022,0,Erythromycin stearate 250mg tablets (Ennogen Pharma Ltd),Erythromycin stearate,250mg,Tablet,Oral,05010500,Macrolides,December 2022,1
5296,111165001000027100,62587020,207863,Tildiem la 300mg Modified-release capsule (Sanofi),Diltiazem hydrochloride,300mg,Modified-release capsule,Oral,02060200,Calcium-Channel Blockers,February 2009,1
3209,10375001000027108,49303020,2624,Erythromid 250mg Tablet (Abbott Laboratories Ltd),Erythromycin,250mg,Gastro-resistant tablet,Oral,05010500/13060201,Macrolides/Oral Antibacterials For Acne,February 2009,1
53176,20164511000001104,39875020,3,Neoral 50mg capsules (DE Pharmaceuticals),Ciclosporin,50mg,Capsule,Oral,08020200/10010302/13050300,Corticosteroids And Other Immunosuppressants/Drugs Affecting The Immune Response In Rheumatic Disease/Drugs Affecting The Immune Response For Eczema And Psoriasis,January 2013,1
34581,152545001000027100,68132020,1805,Diltiazem HCl 60mg Modified-release tablet (Kent Pharmaceuticals Ltd),Diltiazem hydrochloride,60mg,Modified-release tablet,Oral,02060200,Calcium-Channel Blockers,February 2009,1
7353,41768611000001104,83133020,149,Ritonavir 100mg capsules,Ritonavir,100mg,Capsule,Oral,00000000,Unknown,February 2009,1
3159,9843611000001100,70568020,32779,Fenofibrate 200mg capsules,Fenofibrate,200mg,Capsule,Oral,02120300,Fibrates,February 2009,1
88631,38889611000001110,94817021,0,Erythromycin ethyl succinate 125mg/5ml oral suspension (Medihealth (Northern) Ltd),Erythromycin ethyl succinate,25mg/1ml,Oral suspension,Oral,05010500,Macrolides,August 2023,1
83374,35514911000001108,80835021,2,Olaparib 150mg tablets,Olaparib,150mg,Tablet,Oral,08010500,Other Antineoplastic Drugs,March 2021,1
1130,407011000001105,84427020,34465,Viazem XL 300mg capsules (Thornton & Ross Ltd),Diltiazem hydrochloride,300mg,Modified-release capsule,Oral,02060200,Calcium-Channel Blockers,February 2009,1
49958,19617911000001104,07441020,3,Neoral 25mg capsules (DE Pharmaceuticals),Ciclosporin,25mg,Capsule,Oral,08020200/10010302/13050300,Corticosteroids And Other Immunosuppressants/Drugs Affecting The Immune Response In Rheumatic Disease/Drugs Affecting The Immune Response For Eczema And Psoriasis,January 2013,1
74053,17537411000001102,01897020,20,Dilzem XL 240 capsules (Sigma Pharmaceuticals Plc),Diltiazem hydrochloride,240mg,Modified-release capsule,Oral,02060200,Calcium-Channel Blockers,December 2018,1
4808,39023511000001104,75522020,99501,Diltiazem 240mg modified-release capsules,Diltiazem hydrochloride,240mg,Modified-release capsule,Oral,02060200,Calcium-Channel Blockers,February 2009,1
16747,10425001000027104,49308020,48,Erythroped 250mg Sachets (Abbott Laboratories Ltd),Erythromycin Ethyl Succinate,250mg,Sachets,Oral,05010500,Macrolides,February 2009,1
42897,4114511000001102,65607020,45,Fluconazole 50mg capsules (Teva UK Ltd),Fluconazole,50mg,Capsule,Oral,05020100,Triazole Antifungals,July 2010,1
78497,605811000001107,59395020,0,Erythromycin ethyl succinate 500mg/5ml oral suspension (Sandoz Ltd),Erythromycin ethyl succinate,100mg/1ml,Oral suspension,Oral,05010500,Macrolides,November 2019,1
82804,38912711000001104,95061021,4,Kaftrio 75mg/50mg/100mg tablets (Vertex Pharmaceuticals (Europe) Ltd),Tezacaftor/Ivacaftor/Elexacaftor,50mg + 75mg + 100mg,Tablet,Oral,03120000,Other Respiratory System Products,January 2021,1
54867,21263311000001104,44424020,28,Ciclosporin 50mg capsules (Sigma Pharmaceuticals Plc),Ciclosporin,50mg,Capsule,Oral,08020200/10010302/13050300,Corticosteroids And Other Immunosuppressants/Drugs Affecting The Immune Response In Rheumatic Disease/Drugs Affecting The Immune Response For Eczema And Psoriasis,May 2013,1
7398,648211000001107,84428020,57388,Viazem XL 360mg capsules (Thornton & Ross Ltd),Diltiazem hydrochloride,360mg,Modified-release capsule,Oral,02060200,Calcium-Channel Blockers,February 2009,1
53875,13745811000001102,05906020,0,Clarithromycin 500mg tablets (Tillomed Laboratories Ltd),Clarithromycin,500mg,Tablet,Oral,05010500,Macrolides,February 2013,1
25595,364211000001104,61119020,0,Erythromycin ethyl succinate 500mg/5ml oral suspension sugar free (IVAX Pharmaceuticals UK Ltd),Erythromycin ethyl succinate,100mg/1ml,Oral suspension,Oral,05010500,Macrolides,February 2009,1
34418,727111000001108,62805020,62,Warfarin 5mg tablets (Viatris UK Healthcare Ltd),Warfarin sodium,5mg,Tablet,Oral,02080200,Oral Anticoagulants,February 2009,1
13635,190835001000027100,74144020,88,Erythromycin ethylsuccinate 250mg sachets,Erythromycin Ethyl Succinate,250mg,Sachets,Oral,05010500,Macrolides,February 2009,1
88555,23979811000001108,21800021,2,Fluconazole 50mg capsules (DE Pharmaceuticals),Fluconazole,50mg,Capsule,Oral,05020100,Triazole Antifungals,August 2023,1
4153,82315001000027100,58448020,237,Erythrolar 250mg/5ml Liquid (Lagap),Erythromycin ethyl succinate,50mg/1ml,Oral suspension,Oral,05010500,Macrolides,February 2009,1
71702,8443011000001104,19778020,1,Diltiazem 60mg/5ml oral solution (Special Order),Diltiazem hydrochloride,12mg/1ml,Oral solution,Oral,02060200,Calcium-Channel Blockers,February 2018,1
47732,924711000001109,97275020,239,Zemret 180 XL capsules (Tillomed Laboratories Ltd),Diltiazem hydrochloride,180mg,Modified-release capsule,Oral,02060200,Calcium-Channel Blockers,August 2012,1
1781,319735007,65439020,3014029,Warfarin 5mg tablets,Warfarin sodium,5mg,Tablet,Oral,02080200,Oral Anticoagulants,February 2009,1
2435,168605001000027100,70563020,9616,Lipantil 100mg Capsule (Fournier Pharmaceuticals Ltd),Fenofibrate,100mg,Capsule,Oral,02120300,Fibrates,February 2009,1
26309,203575001000027100,77216020,1062,Optil xl 240mg Modified-release capsule (Opus Pharmaceuticals Ltd),Diltiazem hydrochloride,240mg,Modified-release capsule,Oral,02060200,Calcium-Channel Blockers,February 2009,1
83089,37225211000001104,88568021,3,Glyxambi 10mg/5mg tablets (Boehringer Ingelheim Ltd),Linagliptin/Empagliflozin,5mg + 10mg,Tablet,Oral,06010211,Gliflozins Plus Gliptins,February 2021,1
33694,784711000001108,62662020,21,Erythromycin ethyl succinate 250mg/5ml oral suspension sugar free (Viatris UK Healthcare Ltd),Erythromycin ethyl succinate,50mg/1ml,Oral suspension,Oral,05010500,Macrolides,February 2009,1
1214,66525001000027104,56378020,204491,Bezalip 400mg Tablet (Roche Products Ltd),Bezafibrate,400mg,Modified-release tablet,Oral,02120300,Fibrates,February 2009,1
71166,41762711000001104,27367021,12,Eltrombopag 75mg tablets,Eltrombopag olamine,75mg,Tablet,Oral,09010400,Drugs Used In Platelet Disorders,December 2017,1
5216,32685001000027104,52058020,130537,Bezalip mono 400mg Modified-release tablet (Roche Products Ltd),Bezafibrate,400mg,Modified-release tablet,Oral,02120300,Fibrates,February 2009,1
5357,37083211000001104,76385020,141921,Clarithromycin 250mg/5ml oral suspension,Clarithromycin,50mg/1ml,Oral suspension,Oral,05010500,Macrolides,February 2009,1
4732,39023911000001104,72564020,149184,Diltiazem 90mg modified-release tablets,Diltiazem hydrochloride,90mg,Modified-release tablet,Oral,02060200,Calcium-Channel Blockers,February 2009,1
36062,41761211000001104,92351020,18,Dasatinib 50mg tablets,Dasatinib monohydrate,50mg,Tablet,Oral,08010551,Protein Kinase Inhibitors,February 2009,1
17666,33211000001108,84422020,52236,Viazem XL 180mg capsules (Thornton & Ross Ltd),Diltiazem hydrochloride,180mg,Modified-release capsule,Oral,02060200,Calcium-Channel Blockers,February 2009,1
63,41948811000001104,59396020,4176903,Erythromycin 250mg gastro-resistant tablets,Erythromycin,250mg,Gastro-resistant tablet,Oral,05010500/13060201,Macrolides/Oral Antibacterials For Acne,February 2009,1
5305,738511000001103,51558020,45985,Sinthrome 1mg tablets (Norgine Pharmaceuticals Ltd),Acenocoumarol,1mg,Tablet,Oral,02080200,Oral Anticoagulants,February 2009,1
45759,129455001000027100,65091020,11,Diltiazem HCl 240mg Capsule (PLIVA Pharma Ltd),Diltiazem hydrochloride,240mg,Modified-release capsule,Oral,02060200,Calcium-Channel Blockers,July 2011,1
64481,8581711000001101,20241020,4,Ketoconazole 100mg/5ml oral suspension,Ketoconazole,20mg/1ml,Oral suspension,Oral,05020200,Imidazole Antifungals,October 2015,1
81207,17465511000001108,01874020,0,Tildiem Retard 90mg tablets (Mawdsley-Brooks & Company Ltd),Diltiazem hydrochloride,90mg,Modified-release tablet,Oral,02060200,Calcium-Channel Blockers,July 2020,1
65285,28988911000001100,47991021,14,Warfarin 1mg tablets (Crescent Pharma Ltd),Warfarin sodium,1mg,Tablet,Oral,02080200,Oral Anticoagulants,January 2016,1
71154,5298511000001100,05892020,2,Klaricid Paediatric 125mg/5ml oral suspension (Dowelhurst Ltd),Clarithromycin,25mg/1ml,Oral suspension,Oral,05010500,Macrolides,December 2017,1
66819,22878811000001100,17441021,0,Erythrocin 500 tablets (Waymade Healthcare Plc),Erythromycin stearate,500mg,Tablet,Oral,05010500,Macrolides,July 2016,1
31690,9740211000001104,89871020,6,Clarosip 250mg granules for oral suspension straws (Grunenthal Ltd),Clarithromycin,250mg,Granules,Oral,00000000,Unknown,February 2009,1
79722,36608711000001104,85438021,5,Letermovir 240mg tablets,Letermovir,240mg,Tablet,Oral,05030000,Antivirals,January 2020,1
18403,95745001000027100,60315020,245,Diltiazem HCl 180mg Modified-release capsule (Hillcross Pharmaceuticals Ltd),Diltiazem Hydrochloride,180mg,Modified-Release Capsule,Oral,02060200,Calcium-Channel Blockers,February 2009,1
76072,30945211000001104,60253021,0,Warfarin 1mg tablets (Mawdsley-Brooks & Company Ltd),Warfarin sodium,1mg,Tablet,Oral,02080200,Oral Anticoagulants,May 2019,1
63737,15084211000001100,02462020,0,Fenofibrate micronised 267mg capsules (Sigma Pharmaceuticals Plc),Fenofibrate micronised,267mg,Capsule,Oral,02120300,Fibrates,July 2015,1
66425,29558611000001108,49069021,34,Bezafibrate 400mg modified-release tablets (A A H Pharmaceuticals Ltd),Bezafibrate,400mg,Modified-release tablet,Oral,02120300,Fibrates,June 2016,1
69604,32704211000001100,68997021,12,Osimertinib 40mg tablets,Osimertinib mesylate,40mg,Tablet,Oral,08010551,Protein Kinase Inhibitors,May 2017,1
48556,17857011000001106,07447020,517,Ciclosporin 100mg capsules (Phoenix Healthcare Distribution Ltd),Ciclosporin,100mg,Capsule,Oral,08020200/10010302/13050300,Corticosteroids And Other Immunosuppressants/Drugs Affecting The Immune Response In Rheumatic Disease/Drugs Affecting The Immune Response For Eczema And Psoriasis,January 2013,1
58841,840611000001104,05854020,8,Erythromycin ethyl succinate 125mg/5ml oral suspension sugar free (Kent Pharma (UK) Ltd),Erythromycin ethyl succinate,25mg/1ml,Oral suspension,Oral,05010500,Macrolides,February 2014,1
12322,294711000001103,48751020,13941,Cordarone X 100 tablets (Zentiva Pharma UK Ltd),Amiodarone hydrochloride,100mg,Tablet,Oral,02030201,Supraventricular & Ventricular Arrhythmias,February 2009,1
47582,8993611000001100,69455020,63,Clarithromycin 250mg tablets (Sandoz Ltd),Clarithromycin,250mg,Tablet,Oral,05010500,Macrolides,August 2012,1
20890,345411000001107,86888020,59649,Zemtard 240 XL capsules (Galen Ltd),Diltiazem hydrochloride,240mg,Modified-release capsule,Oral,02060200,Calcium-Channel Blockers,February 2009,1
88098,41396311000001104,04884022,2,Epclusa 150mg/37.5mg granules sachets (Gilead Sciences Ltd),Velpatasvir/Sofosbuvir,37.5mg + 150mg,Granules,Oral,05030302,Chronic Hepatitis C,May 2023,1
55316,8798611000001102,20945020,1,Warfarin 3mg/5ml oral suspension,Warfarin sodium,600microgram/1ml,Oral suspension,Oral,02080200,Oral Anticoagulants,May 2013,1
8466,933311000001105,54866020,51770,Marevan 1mg tablets (Advanz Pharma),Warfarin sodium,1mg,Tablet,Oral,02080200,Oral Anticoagulants,February 2009,1
49978,10307311000001108,05870020,0,Erythromycin ethyl succinate 125mg/5ml oral suspension (Focus Pharmaceuticals Ltd),Erythromycin ethyl succinate,25mg/1ml,Oral suspension,Oral,05010500,Macrolides,January 2013,1
65956,29852211000001108,52265021,1,Erythromycin ethyl succinate 125mg/5ml oral suspension (Sigma Pharmaceuticals Plc),Erythromycin ethyl succinate,25mg/1ml,Oral suspension,Oral,05010500,Macrolides,April 2016,1
43532,4115511000001101,65573020,16,Fluconazole 200mg capsules (Actavis UK Ltd),Fluconazole,200mg,Capsule,Oral,05020100,Triazole Antifungals,September 2010,1
69480,30825911000001104,57352021,0,Erythromycin 250mg gastro-resistant tablets (Mawdsley-Brooks & Company Ltd),Erythromycin,250mg,Gastro-resistant tablet,Oral,05010500/13060201,Macrolides/Oral Antibacterials For Acne,May 2017,1
70486,32169911000001104,65937021,1,Cholib 145mg/40mg tablets (Viatris UK Healthcare Ltd),Simvastatin/Fenofibrate,40mg + 145mg,Tablet,Oral,02120300/02120400,Fibrates/Statins,October 2017,1
53823,17383411000001104,37428020,13,Solgar Niacin 500mg capsules (Solgar Vitamin and Herb),Nicotinic acid,500mg,Capsule,Oral,09060200,Vitamin B Group,February 2013,1
36099,8798211000001104,93666020,475,Warfarin 1mg/5ml oral suspension,Warfarin sodium,200microgram/1ml,Oral suspension,Oral,02080200,Oral Anticoagulants,February 2009,1
4446,319740004,60995020,37373,Acenocoumarol 1mg tablets,Acenocoumarol,1mg,Tablet,Oral,02080200,Oral Anticoagulants,February 2009,1
9374,181535001000027100,72559020,6726,Adizem 60mg Modified-release tablet (Napp Pharmaceuticals Ltd),Diltiazem hydrochloride,60mg,Modified-release tablet,Oral,02060200,Calcium-Channel Blockers,February 2009,1
12211,41987111000001104,55690020,7644,Nicotinic acid 50mg tablets,Nicotinic acid,50mg,Tablet,Oral,02120500,Nicotinic Acid Group,February 2009,1
41551,307111000001104,56022020,122,Amiodarone 100mg tablets (IVAX Pharmaceuticals UK Ltd),Amiodarone hydrochloride,100mg,Tablet,Oral,02030201,Supraventricular & Ventricular Arrhythmias,March 2010,1
331,35368711000001104,69352020,277452,Clarithromycin 125mg/5ml oral suspension,Clarithromycin,25mg/1ml,Oral suspension,Oral,05010500,Macrolides,February 2009,1
46938,522511000001101,56572020,35,Amiodarone 200mg tablets (Actavis UK Ltd),Amiodarone hydrochloride,200mg,Tablet,Oral,02030201,Supraventricular & Ventricular Arrhythmias,March 2012,1
13348,461911000001100,54868020,22466,Marevan 5mg tablets (Advanz Pharma),Warfarin sodium,5mg,Tablet,Oral,02080200,Oral Anticoagulants,February 2009,1
35696,8886511000001103,88983020,313,Kenzem SR 120mg capsules (Kent Pharma (UK) Ltd),Diltiazem hydrochloride,120mg,Modified-release capsule,Oral,02060200,Calcium-Channel Blockers,February 2009,1
6121,40811000001101,84082020,50170,Klaricid XL 500mg tablets (Viatris UK Healthcare Ltd),Clarithromycin,500mg,Modified-release tablet,Oral,05010500,Macrolides,February 2009,1
32262,12115001000027102,49558020,709,Diltiazem HCl 60mg Tablet (C P Pharmaceuticals Ltd),Diltiazem hydrochloride,60mg,Modified-release tablet,Oral,02060200,Calcium-Channel Blockers,February 2009,1
681,41946511000001110,69353020,2360130,Clarithromycin 500mg tablets,Clarithromycin,500mg,Tablet,Oral,05010500,Macrolides,February 2009,1
14171,39107211000001104,81195020,20204,Erythromycin ethyl succinate 500mg/5ml oral suspension sugar free,Erythromycin ethyl succinate,100mg/1ml,Oral suspension,Oral,05010500,Macrolides,February 2009,1
54208,15080911000001100,05921020,0,Clarithromycin 250mg/5ml oral suspension (Sigma Pharmaceuticals Plc),Clarithromycin,50mg/1ml,Oral suspension,Oral,05010500,Macrolides,March 2013,1
66635,18574511000001104,01892020,58,Dilzem XL 180 capsules (DE Pharmaceuticals),Diltiazem hydrochloride,180mg,Modified-release capsule,Oral,02060200,Calcium-Channel Blockers,July 2016,1
10326,9742311000001104,89861020,719,Clarithromycin 125mg granules straws,Clarithromycin,125mg,Granules,Oral,00000000,Unknown,February 2009,1
61264,23903911000001108,21395021,0,Erythromycin 250mg gastro-resistant tablets (DE Pharmaceuticals),Erythromycin,250mg,Gastro-resistant tablet,Oral,05010500/13060201,Macrolides/Oral Antibacterials For Acne,September 2014,1
103,36064711000001104,59398020,660720,Erythromycin 250mg gastro-resistant capsules,Erythromycin,250mg,Gastro-resistant capsule,Oral,00000000,Unknown,February 2009,1
318,65335001000027104,56230020,122468,Erymax 250mg Capsule (Elan Pharma),Erythromycin,250mg,Gastro-resistant capsule,Oral,05010500/13060201,Macrolides/Oral Antibacterials For Acne,February 2009,1
16522,499111000001102,76404020,3535,Arava 10mg tablets (Sanofi),Leflunomide,10mg,Tablet,Oral,10010302,Drugs Affecting The Immune Response In Rheumatic Disease,February 2009,1
8524,81585001000027100,58375020,3404,Securon 40mg Tablet (Abbott Laboratories Ltd),Verapamil hydrochloride,40mg,Tablet,Oral,02030202/02060200,Supraventricular Arrhythmias/Calcium-Channel Blockers,February 2009,1
64427,27947111000001104,40587021,2,Idelalisib 150mg tablets,Idelalisib,150mg,Tablet,Oral,08010500,Other Antineoplastic Drugs,October 2015,1
39613,30611000001101,96634020,9672,Erythrocin 500 tablets (Advanz Pharma),Erythromycin stearate,500mg,Tablet,Oral,05010500,Macrolides,May 2009,1
83625,38754811000001104,95135021,349,Nilemdo 180mg tablets (Daiichi Sankyo UK Ltd),Bempedoic acid,180mg,Tablet,Oral,02120700,Other Lipid-Regulating Products,April 2021,1
48264,5360011000001101,06189020,4,Diflucan 150mg capsules (Waymade Healthcare Plc),Fluconazole,150mg,Capsule,Oral,05020000/05020100,Antifungals/Triazole Antifungals,January 2013,1
32275,41791211000001104,79378020,3,Lopinavir 133.3mg / Ritonavir 33.3mg capsules,Ritonavir/Lopinavir,33.3mg + 133.3mg,Capsule,Oral,00000000,Unknown,February 2009,1
30202,36055001000027104,52500020,7398,Warfarin wbp 1mg Tablet (Boehringer Ingelheim Ltd),Warfarin sodium,1mg,Tablet,Oral,02080200,Oral Anticoagulants,February 2009,1
34189,18635001000027104,50360020,65,Erythromycin 250mg Tablet (C P Pharmaceuticals Ltd),Erythromycin,250mg,Gastro-resistant tablet,Oral,05010500/13060201,Macrolides/Oral Antibacterials For Acne,February 2009,1
79457,32751211000001108,69463021,1,Warfarin 3mg capsules,Warfarin sodium,3mg,Capsule,Oral,02080200,Oral Anticoagulants,December 2019,1
700,7418511000001104,84862020,2760,Vera-Til SR 120mg tablets (Tillomed Laboratories Ltd),Verapamil hydrochloride,120mg,Modified-release tablet,Oral,02060200,Calcium-Channel Blockers,February 2009,1
25777,723811000001107,86145020,668,Dilcardia SR 120mg capsules (Viatris UK Healthcare Ltd),Diltiazem hydrochloride,120mg,Modified-release capsule,Oral,02060200,Calcium-Channel Blockers,February 2009,1
74634,41768511000001104,20068021,2,Regorafenib 40mg tablets,Regorafenib,40mg,Tablet,Oral,08010551,Protein Kinase Inhibitors,February 2019,1
13644,54575001000027104,54848020,1739,Dindevan 25mg Tablet (Goldshield Pharmaceuticals Ltd),Phenindione,25mg,Tablet,Oral,02080200,Oral Anticoagulants,February 2009,1
37774,8885711000001100,88979020,989,Kenzem SR 60mg capsules (Kent Pharma (UK) Ltd),Diltiazem hydrochloride,60mg,Modified-release capsule,Oral,02060200,Calcium-Channel Blockers,February 2009,1
55300,52965001000027104,54648020,52,Erythromycin 500mg Tablet (Teva UK Ltd),Erythromycin,500mg,Tablet,,05010500/13060201,Macrolides/Oral Antibacterials For Acne,May 2013,1
62051,23936511000001104,21820021,0,Ciclosporin 25mg capsules (Niche Pharma Ltd),Ciclosporin,25mg,Capsule,Oral,08020200/10010302/13050300,Corticosteroids And Other Immunosuppressants/Drugs Affecting The Immune Response In Rheumatic Disease/Drugs Affecting The Immune Response For Eczema And Psoriasis,January 2015,1
4920,319988005,86192020,312943,Fenofibrate micronised 200mg capsules,Fenofibrate micronised,200mg,Capsule,Oral,02120300,Fibrates,February 2009,1
54882,17965211000001106,78517020,0,Clarithromycin 250mg tablets (Almus Pharmaceuticals Ltd),Clarithromycin,250mg,Tablet,Oral,00000000,Unknown,May 2013,1
82945,17903311000001100,05877020,0,Erythromycin ethyl succinate 500mg/5ml oral suspension (Phoenix Healthcare Distribution Ltd),Erythromycin ethyl succinate,100mg/1ml,Oral suspension,Oral,05010500,Macrolides,February 2021,1
59017,4324711000001106,66105020,0,Fluconazole 150mg capsules (Kent Pharma (UK) Ltd),Fluconazole,150mg,Capsule,Oral,05020100,Triazole Antifungals,March 2014,1
2592,32311000001105,84421020,45345,Viazem XL 120mg capsules (Thornton & Ross Ltd),Diltiazem hydrochloride,120mg,Modified-release capsule,Oral,02060200,Calcium-Channel Blockers,February 2009,1
69108,29956011000001108,52680021,0,Adizem-XL 300mg capsules (Lexon (UK) Ltd),Diltiazem hydrochloride,300mg,Modified-release capsule,Oral,02060200,Calcium-Channel Blockers,April 2017,1
53004,18257211000001100,05852020,2,Erythrocin 500 tablets (Necessity Supplies Ltd),Erythromycin stearate,500mg,Tablet,Oral,05010500,Macrolides,January 2013,1
42390,15410411000001100,96542020,43,Dasatinib 100mg tablets,Dasatinib monohydrate,100mg,Tablet,Oral,08010551,Protein Kinase Inhibitors,May 2010,1
5326,198095001000027100,75621020,15457,Diltiazem 24hr 300mg modified-release capsules,Diltiazem Hydrochloride,300mg,24 Hour Modified Release Capsules,Oral,02060200,Calcium-Channel Blockers,February 2009,1
4308,193225001000027100,74597020,37111,Dilzem sr 90mg Capsule (Elan Pharma),Diltiazem hydrochloride,90mg,Modified-release capsule,Oral,02060200,Calcium-Channel Blockers,February 2009,1
61756,25290511000001100,29551021,424730,Empagliflozin 10mg tablets,Empagliflozin,10mg,Tablet,Oral,06010205,SGLT2 Inhibitors (Gliflozins),December 2014,1
27504,222505001000027100,83251020,2,Primacine 500mg/5ml Liquid (Pinewood Healthcare),Erythromycin ethyl succinate,100mg/1ml,Oral suspension,Oral,05010500,Macrolides,February 2009,1
57219,4579711000001108,68534020,29,Fenofibrate micronised 200mg capsules (Sandoz Ltd),Fenofibrate micronised,200mg,Capsule,Oral,02120300,Fibrates,September 2013,1
3370,196425001000027100,75264020,23116,Dilzem xl mr 120mg Modified-release capsule (Elan Pharma),Diltiazem Hydrochloride,120mg,Modified-Release Capsule,Oral,02060200,Calcium-Channel Blockers,February 2009,1
83497,4195011000001105,13776020,48,Generic Berocca effervescent tablets sugar free,Pantothenic acid/Ascorbic acid/Cyanocobalamin/Zinc/Magnesium/Pyridoxine/Nicotinic acid/Riboflavin/Thiamine/Folic acid/Calcium/Biotin,22.7mg + 476mg + 8.6microgram + 9mg + 95mg + 7.1mg + 45.3mg + 13.6mg + 10.4mg + 366microgram + 95mg + 130microgram,Effervescent tablet,Oral,09040251,Nutritional Supplements,April 2021,1
69370,30173411000001108,54178021,223,Synjardy 5mg/850mg tablets (Boehringer Ingelheim Ltd),Empagliflozin/Metformin hydrochloride,5mg + 850mg,Tablet,Oral,06010210,Gliflozins Plus Metformin,May 2017,1
16328,525311000001101,78409020,6301,Verapress MR 240mg tablets (Dexcel-Pharma Ltd),Verapamil hydrochloride,240mg,Modified-release tablet,Oral,02060200,Calcium-Channel Blockers,February 2009,1
73461,506011000001101,05857020,107,Erythromycin ethyl succinate 250mg/5ml oral suspension sugar free (Kent Pharma (UK) Ltd),Erythromycin ethyl succinate,50mg/1ml,Oral suspension,Oral,05010500,Macrolides,October 2018,1
65259,14734611000001104,05908020,2,Klaricid 500 tablets (Sigma Pharmaceuticals Plc),Clarithromycin,500mg,Tablet,Oral,05010500,Macrolides,January 2016,1
8945,65411000001102,68479020,78107,Univer 240mg modified-release capsules (Teva UK Ltd),Verapamil hydrochloride,240mg,Modified-release capsule,Oral,02060200,Calcium-Channel Blockers,February 2009,1
46937,896111000001102,56930020,309,Diltiazem 60mg modified-release tablets (Accord-UK Ltd),Diltiazem hydrochloride,60mg,Modified-release tablet,Oral,02060200,Calcium-Channel Blockers,March 2012,1
48457,10055111000001106,01881020,773,Diltiazem 90mg modified-release capsules (Alliance Healthcare (Distribution) Ltd),Diltiazem hydrochloride,90mg,Modified-release capsule,Oral,02060200,Calcium-Channel Blockers,January 2013,1
17824,61405001000027104,55689020,267,Nicotinic acid 25mg Tablet,Nicotinic Acid,25mg,Tablet,Oral,02120500,Nicotinic Acid Group,February 2009,1
9639,319994002,76495020,335157,Fenofibrate micronised 160mg tablets,Fenofibrate micronised,160mg,Tablet,Oral,02120300,Fibrates,February 2009,1
54974,21835511000001108,46810020,27,Ciclosporin 50mg capsules (Cubic Pharmaceuticals Ltd),Ciclosporin,50mg,Capsule,Oral,08020200/10010302/13050300,Corticosteroids And Other Immunosuppressants/Drugs Affecting The Immune Response In Rheumatic Disease/Drugs Affecting The Immune Response For Eczema And Psoriasis,May 2013,1
49138,18056011000001104,06200020,142,Diflucan 150mg capsules (Lexon (UK) Ltd),Fluconazole,150mg,Capsule,Oral,05020100,Triazole Antifungals,January 2013,1
79856,24556411000001108,26709021,30,Noxafil 100mg gastro-resistant tablets (Merck Sharp & Dohme (UK) Ltd),Posaconazole,100mg,Gastro-resistant tablet,Oral,05020100,Triazole Antifungals,February 2020,1
58758,41760611000001110,46649020,4,Crizotinib 200mg capsules,Crizotinib,200mg,Capsule,Oral,08010551,Protein Kinase Inhibitors,February 2014,1
87778,38890411000001104,94939021,0,Erythromycin ethyl succinate 250mg/5ml oral suspension sugar free (Medihealth (Northern) Ltd),Erythromycin ethyl succinate,50mg/1ml,Oral suspension,Oral,05010500,Macrolides,March 2023,1
84489,38755111000001110,95250021,707,Nustendi 180mg/10mg tablets (Daiichi Sankyo UK Ltd),Bempedoic acid/Ezetimibe,180mg + 10mg,Tablet,Oral,02120700,Other Lipid-Regulating Products,September 2021,1
48282,18311411000001104,01882020,2832,Diltiazem 90mg modified-release capsules (A A H Pharmaceuticals Ltd),Diltiazem hydrochloride,90mg,Modified-release capsule,Oral,02060200,Calcium-Channel Blockers,January 2013,1
39616,274611000001103,96632020,11989,Erythrocin 250 tablets (Advanz Pharma),Erythromycin stearate,250mg,Tablet,Oral,05010500,Macrolides,May 2009,1
74009,5524911000001103,02406020,106,Bezalip Mono 400mg modified-release tablets (Dowelhurst Ltd),Bezafibrate,400mg,Modified-release tablet,Oral,02120300,Fibrates,December 2018,1
59264,18611011000001108,00872020,0,Securon SR 240mg tablets (DE Pharmaceuticals),Verapamil hydrochloride,240mg,Modified-release tablet,Oral,02060200,Calcium-Channel Blockers,April 2014,1
38831,2886711000001103,95539020,71626,Adizem-SR 180mg capsules (Napp Pharmaceuticals Ltd),Diltiazem hydrochloride,180mg,Modified-release capsule,Oral,02060200,Calcium-Channel Blockers,February 2009,1
27768,82265001000027100,58443020,1,Erythrolar 250mg Tablet (Lagap),Erythromycin stearate,250mg,Tablet,Oral,05010500,Macrolides,February 2009,1
13556,172611000001109,52332020,3528,Sandimmun 100mg capsules (Novartis Pharmaceuticals UK Ltd),Ciclosporin,100mg,Capsule,Oral,08020200/10010302/13050300,Corticosteroids And Other Immunosuppressants/Drugs Affecting The Immune Response In Rheumatic Disease/Drugs Affecting The Immune Response For Eczema And Psoriasis,February 2009,1
34329,387811000001105,49493020,301,Colchicine 500microgram tablets (UCB Pharma Ltd),Colchicine,500microgram,Tablet,Oral,10010450,Acute Attacks Of Gout,February 2009,1
53688,9038211000001104,70580020,0,Clarithromycin 250mg tablets (Ranbaxy (UK) Ltd),Clarithromycin,250mg,Tablet,Oral,05010500,Macrolides,February 2013,1
27401,8886211000001101,88981020,673,Kenzem SR 90mg capsules (Kent Pharma (UK) Ltd),Diltiazem hydrochloride,90mg,Modified-release capsule,Oral,02060200,Calcium-Channel Blockers,February 2009,1
33248,46235001000027104,53834020,99,Erythromycin 125mg/5ml Liquid (IVAX Pharmaceuticals UK Ltd),Erythromycin ethyl succinate,25mg/1ml,Oral suspension,Oral,05010500,Macrolides,February 2009,1
34095,36075001000027104,52502020,2379,Warfarin wbp 5mg Tablet (Boehringer Ingelheim Ltd),Warfarin sodium,5mg,Tablet,Oral,02080200,Oral Anticoagulants,February 2009,1
56314,772211000001101,63429020,1,Warfarin 3mg tablets (Kent Pharma (UK) Ltd),Warfarin sodium,3mg,Tablet,Oral,02080200,Oral Anticoagulants,August 2013,1
39222,13631411000001108,95087020,29,Kaletra 100mg/25mg tablets (AbbVie Ltd),Lopinavir/Ritonavir,100mg + 25mg,Tablet,Oral,05030151,Protease Inhibitors,April 2009,1
11770,417111000001109,87826020,116411,Dilzem SR 60 capsules (Teva UK Ltd),Diltiazem hydrochloride,60mg,Modified-release capsule,Oral,02060200,Calcium-Channel Blockers,February 2009,1
80457,15406411000001100,96544020,1,Sprycel 100mg tablets (Bristol-Myers Squibb Pharmaceuticals Ltd),Dasatinib monohydrate,100mg,Tablet,Oral,08010551,Protein Kinase Inhibitors,April 2020,1
50000,20367411000001100,41649020,0,Warfarin 1mg/ml oral suspension sugar free (A A H Pharmaceuticals Ltd),Warfarin sodium,1mg/1ml,Oral suspension,Oral,02080200,Oral Anticoagulants,January 2013,1
2396,14718011000001108,48840020,199771,Daktarin 20mg/g oromucosal gel (McNeil Products Ltd),Miconazole,20mg/1gram,Oromucosal gel,Oromucosal/Oral,12030200,Oropharyngeal Anti-Infective Drugs,February 2009,1
21022,4668711000001104,80612020,52,Kaletra 133.3mg/33.3mg capsules (Abbott Laboratories Ltd),Ritonavir/Lopinavir,33.3mg + 133.3mg,Capsule,Oral,00000000,Unknown,February 2009,1
5857,705211000001101,64559020,3138,Diflucan 50mg/5ml oral suspension (Pfizer Ltd),Fluconazole,10mg/1ml,Oral suspension,Oral,05020100,Triazole Antifungals,February 2009,1
34824,45995001000027104,53803020,455,Diltiazem HCl 120mg Modified-release tablet (IVAX Pharmaceuticals UK Ltd),Diltiazem hydrochloride,120mg,Modified-release tablet,Oral,02060200,Calcium-Channel Blockers,February 2009,1
3042,10465001000027108,49313020,1426,Erythroped pi 125mg Sachets (Abbott Laboratories Ltd),Erythromycin Ethyl Succinate,125mg,Sachets,Oral,05010500,Macrolides,February 2009,1
1118,318204006,65395020,516755,Verapamil 40mg tablets,Verapamil hydrochloride,40mg,Tablet,Oral,02060200,Calcium-Channel Blockers,February 2009,1
80247,127711000001104,50801020,0,Verapamil 120mg tablets (A A H Pharmaceuticals Ltd),Verapamil hydrochloride,120mg,Tablet,Oral,02060200,Calcium-Channel Blockers,March 2020,1
54495,4813211000001109,68608020,3,Fluconazole 50mg capsules (Wockhardt UK Ltd),Fluconazole,50mg,Capsule,Oral,05020100,Triazole Antifungals,April 2013,1
66866,8276111000001106,18950020,50,Amiodarone 50mg/5ml oral solution,Amiodarone hydrochloride,10mg/1ml,Oral solution,Oral,02030201,Supraventricular & Ventricular Arrhythmias,July 2016,1
45,319733000,65437020,10248397,Warfarin 1mg tablets,Warfarin sodium,1mg,Tablet,Oral,02080200,Oral Anticoagulants,February 2009,1
34795,2411000001108,61120020,395,Erythromycin ethyl succinate 125mg/5ml oral suspension sugar free (IVAX Pharmaceuticals UK Ltd),Erythromycin ethyl succinate,25mg/1ml,Oral suspension,Oral,05010500,Macrolides,February 2009,1
49939,9033811000001100,05905020,1,Clarithromycin 500mg tablets (Alliance Healthcare (Distribution) Ltd),Clarithromycin,500mg,Tablet,Oral,05010500,Macrolides,January 2013,1
42448,16306711000001102,97774020,516,Deximune 50mg capsules (Dexcel-Pharma Ltd),Ciclosporin,50mg,Capsule,Oral,08020200/10010302/13050300,Corticosteroids And Other Immunosuppressants/Drugs Affecting The Immune Response In Rheumatic Disease/Drugs Affecting The Immune Response For Eczema And Psoriasis,May 2010,1
13120,563411000001101,49639020,670,Erythromycin ethyl succinate 250mg/5ml oral suspension (A A H Pharmaceuticals Ltd),Erythromycin ethyl succinate,50mg/1ml,Oral suspension,Oral,05010500,Macrolides,February 2009,1
78962,29768811000001100,52576021,4,Olaparib 50mg capsules,Olaparib,50mg,Capsule,Oral,08010500,Other Antineoplastic Drugs,December 2019,1
73893,33686211000001108,73488021,5,Venetoclax 10mg tablets,Venetoclax,10mg,Tablet,Oral,08010500,Other Antineoplastic Drugs,December 2018,1
54269,17522411000001102,05887020,0,Clarithromycin 250mg tablets (Somex Pharma),Clarithromycin,250mg,Tablet,Oral,05010500,Macrolides,March 2013,1
438,41949311000001104,60855020,237446,Erythromycin stearate 250mg tablets,Erythromycin stearate,250mg,Tablet,Oral,05010500,Macrolides,February 2009,1
9716,2950911000001103,68384020,52028,Supralip 160mg tablets (Viatris UK Healthcare Ltd),Fenofibrate micronised,160mg,Tablet,Oral,02120300,Fibrates,February 2009,1
13302,682311000001105,87828020,73702,Dilzem SR 90 capsules (Teva UK Ltd),Diltiazem hydrochloride,90mg,Modified-release capsule,Oral,02060200,Calcium-Channel Blockers,February 2009,1
36908,4830911000001103,68024020,3,Mifegyne 200mg tablets (Nordic Pharma Ltd),Mifepristone,200mg,Tablet,Oral,07010200,Mifepristone,February 2009,1
10003,207435001000027100,78336020,47,Menopace Capsule (Vitabiotics Ltd),Pantothenic Acid/Biotin/Ascorbic Acid/Aminobenzoic Acid/Copper Sulphate/Folic Acid/Ferrous Fumarate/Magnesium Oxide/Manganese Sulphate/Nicotinic Acid/Potassium Iodide/Riboflavin/Pyridoxine/Vitamin A/Zinc Sulphate/Alpha Tocopheryl Hydrogen Succi,,Capsule,Oral,09060750,-,February 2009,1
29543,41986711000001104,68018020,126,Mifepristone 200mg tablets,Mifepristone,200mg,Tablet,Oral,07010200,Mifepristone,February 2009,1
84641,5377711000001105,05914020,2,Klaricid XL 500mg tablets (Waymade Healthcare Plc),Clarithromycin,500mg,Modified-release tablet,Oral,05010500,Macrolides,October 2021,1
13505,319745009,65648020,14018,Phenindione 10mg tablets,Phenindione,10mg,Tablet,Oral,02080200,Oral Anticoagulants,February 2009,1
13926,39023711000001110,75622020,25362,Diltiazem 360mg modified-release capsules,Diltiazem hydrochloride,360mg,Modified-release capsule,Oral,02060200,Calcium-Channel Blockers,February 2009,1
55845,245635001000027100,92489020,16,Amiodarone oral solution,Amiodarone Hydrochloride,,,,02030201,Supraventricular & Ventricular Arrhythmias,August 2013,1
70831,3783611000001109,62258020,28,Phenindione 50mg tablets (Advanz Pharma),Phenindione,50mg,Tablet,Oral,02080200,Oral Anticoagulants,December 2017,1
80587,8456711000001106,19772020,1,Diltiazem 90mg/5ml oral suspension,Diltiazem hydrochloride,18mg/1ml,Oral suspension,Oral,02060200,Calcium-Channel Blockers,April 2020,1
23233,228235001000027100,84958020,282,Bi-carzem sr 90mg Modified-release capsule (Tillomed Laboratories Ltd),Diltiazem hydrochloride,90mg,Modified-release capsule,Oral,02060200,Calcium-Channel Blockers,February 2009,1
68667,32751311000001100,69465021,7,Warfarin 5mg capsules,Warfarin sodium,5mg,Capsule,Oral,02080200,Oral Anticoagulants,January 2017,1
47724,884811000001103,95577020,2,Bi-Carzem XL 240mg capsules (Tillomed Laboratories Ltd),Diltiazem hydrochloride,240mg,Modified-release capsule,Oral,02060200,Calcium-Channel Blockers,August 2012,1
70876,33687111000001104,73492021,8,Venetoclax 100mg tablets,Venetoclax,100mg,Tablet,Oral,08010500,Other Antineoplastic Drugs,December 2017,1
53703,8826111000001102,05904020,0,Clarithromycin 500mg tablets (Kent Pharma (UK) Ltd),Clarithromycin,500mg,Tablet,Oral,05010500,Macrolides,February 2013,1
5361,227635001000027100,84793020,18892,Daktarin 24mg/ml Oral gel (McNeil Products Ltd),Miconazole,20mg/1gram,Oromucosal gel,Oromucosal/Oral,12030200,Oropharyngeal Anti-Infective Drugs,February 2009,1
28844,44175001000027104,53573020,60,Berkatens 120mg Tablet (Berk Pharmaceuticals Ltd),Verapamil hydrochloride,120mg,Tablet,Oral,02030202/02060200,Supraventricular Arrhythmias/Calcium-Channel Blockers,February 2009,1
34514,4218911000001100,65637020,19,Fluconazole 150mg capsules (Viatris UK Healthcare Ltd),Fluconazole,150mg,Capsule,Oral,05020100,Triazole Antifungals,February 2009,1
68672,18342011000001100,08411020,27,Leflunomide 10mg tablets (Alliance Healthcare (Distribution) Ltd),Leflunomide,10mg,Tablet,Oral,10010302,Drugs Affecting The Immune Response In Rheumatic Disease,January 2017,1
38865,2937811000001108,95559020,259215,Adizem-XL 120mg capsules (Napp Pharmaceuticals Ltd),Diltiazem hydrochloride,120mg,Modified-release capsule,Oral,02060200,Calcium-Channel Blockers,February 2009,1
9569,35367911000001104,65404020,160187,Verapamil 120mg modified-release tablets,Verapamil hydrochloride,120mg,Modified-release tablet,Oral,02060200,Calcium-Channel Blockers,February 2009,1
38317,41766811000001104,95081020,40,Nilotinib 200mg capsules,Nilotinib hydrochloride monohydrate,200mg,Capsule,Oral,08010551,Protein Kinase Inhibitors,February 2009,1
69277,29955811000001104,52686021,0,Adizem-XL 240mg capsules (Lexon (UK) Ltd),Diltiazem hydrochloride,240mg,Modified-release capsule,Oral,02060200,Calcium-Channel Blockers,April 2017,1
23078,32095001000027108,51984020,25825,Warfarin 1mg Tablet (WB Pharmaceuticals Ltd),Warfarin sodium,1mg,Tablet,Oral,02080200,Oral Anticoagulants,February 2009,1
60342,23164211000001104,17495021,1,Berocca effervescent tablets tropical (Bayer Plc),Pantothenic acid/Ascorbic acid/Cyanocobalamin/Zinc/Magnesium/Pyridoxine/Nicotinic acid/Riboflavin/Thiamine/Folic acid/Calcium/Biotin,22.7mg + 476mg + 8.6microgram + 9mg + 95mg + 7.1mg + 45.3mg + 13.6mg + 10.4mg + 366microgram + 95mg + 130microgram,Effervescent tablet,Oral,09040251,Nutritional Supplements,July 2014,1
34019,272711000001102,55895020,3880,Warfarin 1mg tablets (IVAX Pharmaceuticals UK Ltd),Warfarin sodium,1mg,Tablet,Oral,02080200,Oral Anticoagulants,February 2009,1
46924,3781211000001108,62256020,10,Phenindione 10mg tablets (Advanz Pharma),Phenindione,10mg,Tablet,Oral,02080200,Oral Anticoagulants,March 2012,1
4229,41787111000001104,68919020,17058,Fluconazole 200mg capsules,Fluconazole,200mg,Capsule,Oral,05020100,Triazole Antifungals,February 2009,1
64615,21975611000001100,47441020,0,Erythromycin ethyl succinate 125mg/5ml oral suspension sugar free (Waymade Healthcare Plc),Erythromycin ethyl succinate,25mg/1ml,Oral suspension,Oral,05010500,Macrolides,October 2015,1
47047,19377111000001104,00116021,730,Capsorin 50mg capsules (Morningside Healthcare Ltd),Ciclosporin,50mg,Capsule,Oral,08020200/10010302/13050300,Corticosteroids And Other Immunosuppressants/Drugs Affecting The Immune Response In Rheumatic Disease/Drugs Affecting The Immune Response For Eczema And Psoriasis,April 2012,1
82390,21502711000001100,45453020,0,Slozem 120mg capsules (Waymade Healthcare Plc),Diltiazem hydrochloride,120mg,Modified-release capsule,Oral,02060200,Calcium-Channel Blockers,January 2021,1
19426,108711000001107,79164020,696,Disogram SR 240mg capsules (Ranbaxy (UK) Ltd),Diltiazem hydrochloride,240mg,Modified-release capsule,Oral,02060200,Calcium-Channel Blockers,February 2009,1
56203,14223111000001104,05839020,2249,Erythroped A 500mg tablets (Sigma Pharmaceuticals Plc),Erythromycin ethyl succinate,500mg,Tablet,Oral,05010500,Macrolides,August 2013,1
85714,8798111000001105,20937020,1,Warfarin 1mg/5ml oral solution,Warfarin sodium,200microgram/1ml,Oral solution,Oral,02080200,Oral Anticoagulants,March 2022,1
34608,8915511000001104,69279020,37,Clarithromycin 500mg tablets (Viatris UK Healthcare Ltd),Clarithromycin,500mg,Tablet,Oral,05010500,Macrolides,February 2009,1
39576,130711000001102,96389020,6447,Bezalip 200mg tablets (Teva UK Ltd),Bezafibrate,200mg,Tablet,Oral,02120300,Fibrates,May 2009,1
53250,16207911000001106,02566020,333,Modalim 100mg tablets (Lexon (UK) Ltd),Ciprofibrate,100mg,Tablet,Oral,02120300,Fibrates,January 2013,1
71386,8729811000001101,20938020,4,Warfarin 1mg/5ml oral solution (Special Order),Warfarin sodium,200microgram/1ml,Oral solution,Oral,02080200,Oral Anticoagulants,January 2018,1
13410,672311000001103,70830020,6782,Angiozem 60mg modified-release tablets (Ashbourne Pharmaceuticals Ltd),Diltiazem hydrochloride,60mg,Modified-release tablet,Oral,02060200,Calcium-Channel Blockers,February 2009,1
16677,258911000001104,48759020,10252,Cordilox 80mg tablets (IVAX Pharmaceuticals UK Ltd),Verapamil hydrochloride,80mg,Tablet,Oral,02060200,Calcium-Channel Blockers,February 2009,1
34334,126311000001101,62660020,388,Erythromycin 250mg gastro-resistant tablets (Viatris UK Healthcare Ltd),Erythromycin,250mg,Gastro-resistant tablet,Oral,05010500/13060201,Macrolides/Oral Antibacterials For Acne,February 2009,1
30462,782111000001104,85740020,17,Ethimil MR 240mg tablets (Genus Pharmaceuticals Ltd),Verapamil hydrochloride,240mg,Modified-release tablet,Oral,02060200,Calcium-Channel Blockers,February 2009,1
65807,28395311000001100,44222021,13,Ledipasvir 90mg / Sofosbuvir 400mg tablets,Ledipasvir/Sofosbuvir,90mg + 400mg,Tablet,Oral,05030302,Chronic Hepatitis C,March 2016,1
42349,42032411000001104,90379020,43,Aprepitant 125mg capsules,Aprepitant,125mg,Capsule,Oral,04065700,Products Used Against Nausea And Vertigo - Neurokinin Receptor Antagonist,May 2010,1
58037,17965511000001108,05912020,1,Clarithromycin 500mg tablets (Almus Pharmaceuticals Ltd),Clarithromycin,500mg,Tablet,Oral,05010500,Macrolides,December 2013,1
61532,24596711000001104,26725021,3,Diltiazem 120mg modified-release capsules (Sigma Pharmaceuticals Plc),Diltiazem hydrochloride,120mg,Modified-release capsule,Oral,02060200,Calcium-Channel Blockers,October 2014,1
76694,34821611000001104,78653021,3,Generic Vosevi 400mg/100mg/100mg tablets,Velpatasvir/Voxilaprevir/Sofosbuvir,100mg + 100mg + 400mg,Tablet,Oral,05030302,Chronic Hepatitis C,July 2019,1
8832,269511000001109,48752020,34828,Cordarone X 200 tablets (Zentiva Pharma UK Ltd),Amiodarone hydrochloride,200mg,Tablet,Oral,02030201,Supraventricular & Ventricular Arrhythmias,February 2009,1
517,71075001000027104,57066020,79903,Adizem sr 120mg Modified-release capsule (Napp Pharmaceuticals Ltd),Diltiazem Hydrochloride,120mg,Modified-Release Capsule,Oral,02060200,Calcium-Channel Blockers,February 2009,1
26269,159985001000027100,69394020,349,Optil sr 180mg Modified-release capsule (Opus Pharmaceuticals Ltd),Diltiazem Hydrochloride,180mg,Modified-Release Capsule,Oral,02060200,Calcium-Channel Blockers,February 2009,1
3896,41759711000001104,61709020,75989,Ciclosporin 100mg capsules,Ciclosporin,100mg,Capsule,Oral,08020200/10010302/13050300,Corticosteroids And Other Immunosuppressants/Drugs Affecting The Immune Response In Rheumatic Disease/Drugs Affecting The Immune Response For Eczema And Psoriasis,February 2009,1
79574,35526611000001104,80840021,109,Diltiazem 60mg modified-release tablets (Crescent Pharma Ltd),Diltiazem hydrochloride,60mg,Modified-release tablet,Oral,02060200,Calcium-Channel Blockers,January 2020,1
27495,90685001000027100,59508020,13,Arpimycin 125mg/5ml Liquid (Rosemont Pharmaceuticals Ltd),Erythromycin ethyl succinate,25mg/1ml,Oral suspension,Oral,05010500,Macrolides,February 2009,1
49289,10054711000001108,01884020,864,Diltiazem 120mg modified-release capsules (Alliance Healthcare (Distribution) Ltd),Diltiazem hydrochloride,120mg,Modified-release capsule,Oral,02060200,Calcium-Channel Blockers,January 2013,1
82511,16563811000001100,10714020,118,Niaspan 500mg modified-release tablets (Mawdsley-Brooks & Company Ltd),Nicotinic acid,500mg,Modified-release tablet,Oral,02120500,Nicotinic Acid Group,January 2021,1
41453,9042011000001104,69939020,48,Clarithromycin 125mg/5ml oral suspension (Ranbaxy (UK) Ltd),Clarithromycin,25mg/1ml,Oral suspension,Oral,05010500,Macrolides,March 2010,1
83232,17903511000001106,05861020,1,Erythromycin ethyl succinate 500mg/5ml oral suspension sugar free (Phoenix Healthcare Distribution Ltd),Erythromycin ethyl succinate,100mg/1ml,Oral suspension,Oral,05010500,Macrolides,March 2021,1
17406,813611000001103,84734020,73698,Zemtard 180 XL capsules (Galen Ltd),Diltiazem hydrochloride,180mg,Modified-release capsule,Oral,02060200,Calcium-Channel Blockers,February 2009,1
34576,90985001000027100,59540020,31,Warfarin 1mg Tablet (Lagap),Warfarin sodium,1mg,Tablet,Oral,02080200,Oral Anticoagulants,February 2009,1
47230,9527111000001100,59413020,44,Verapamil 240mg modified-release tablets (Teva UK Ltd),Verapamil hydrochloride,240mg,Modified-release tablet,Oral,02060200,Calcium-Channel Blockers,May 2012,1
42659,10060511000001100,68765020,11,Erythromycin ethyl succinate 125mg/5ml oral suspension sugar free (Abbott Laboratories Ltd),Erythromycin ethyl succinate,25mg/1ml,Oral suspension,Oral,05010500,Macrolides,June 2010,1
46958,221775001000027100,82999020,7,Ascorbic acid with other vitamins tablets,Betacarotene/Biotin/Cyanocobalamin/Thiamine Nitrate/Vitamin A/Vitamin D/Ascorbic Acid/Riboflavin/Alpha Tocopherol/Selenium/Nicotinic Acid/Folic Acid,,Tablets,Oral,09060700,Multivitamin And Multimineral Preparations,March 2012,1
69028,23969211000001104,21729021,3,Diltiazem 60mg modified-release capsules (DE Pharmaceuticals),Diltiazem hydrochloride,60mg,Modified-release capsule,Oral,02060200,Calcium-Channel Blockers,March 2017,1
52720,18192211000001104,06221020,1,Sporanox 100mg capsules (Necessity Supplies Ltd),Itraconazole,100mg,Capsule,Oral,05020100,Triazole Antifungals,January 2013,1
15376,99905001000027100,60996020,270,Acenocoumarol 4mg tablets,Acenocoumarol,4mg,Tablets,Oral,02080200,Oral Anticoagulants,February 2009,1
80588,12027011000001108,30481020,1,Diltiazem 100mg/5ml oral solution,Diltiazem hydrochloride,20mg/1ml,Oral solution,Oral,02060200,Calcium-Channel Blockers,April 2020,1
73399,33759211000001100,73793021,1,Venclyxto 100mg tablets (AbbVie Ltd),Venetoclax,100mg,Tablet,Oral,08010500,Other Antineoplastic Drugs,October 2018,1
54892,18723611000001100,37791020,0,Warfarin 1mg/ml oral suspension sugar free (Alliance Healthcare (Distribution) Ltd),Warfarin sodium,1mg/1ml,Oral suspension,Oral,02080200,Oral Anticoagulants,May 2013,1
10267,2886511000001108,81943020,119539,Adizem-XL 200mg capsules (Napp Pharmaceuticals Ltd),Diltiazem hydrochloride,200mg,Modified-release capsule,Oral,02060200,Calcium-Channel Blockers,February 2009,1
78328,36846911000001104,85560021,0,Clarithromycin 250mg tablets (Torrent Pharma (UK) Ltd),Clarithromycin,250mg,Tablet,Oral,05010500,Macrolides,November 2019,1
46884,136715001000027100,65991020,276,Verapamil hc 240mg Modified-release tablet (Sandoz Ltd),Verapamil hydrochloride,240mg,Modified-release tablet,Oral,02030202/02060200,Supraventricular Arrhythmias/Calcium-Channel Blockers,March 2012,1
71009,81311000001105,65538020,0,Verapamil 40mg tablets (Kent Pharma (UK) Ltd),Verapamil hydrochloride,40mg,Tablet,Oral,02060200,Calcium-Channel Blockers,December 2017,1
63071,375374009,09950020,1,Warfarin 4mg tablets,Warfarin sodium,4mg,Tablet,Oral,02080200,Oral Anticoagulants,May 2015,1
50580,20962611000001108,42210020,0,Erythromycin 250mg gastro-resistant capsules (Actavis UK Ltd),Erythromycin,250mg,Gastro-resistant capsule,Oral,05010500/13060201,Macrolides/Oral Antibacterials For Acne,January 2013,1
53776,19715211000001108,38555020,0,Clarithromycin 500mg tablets (DE Pharmaceuticals),Clarithromycin,500mg,Tablet,Oral,05010500,Macrolides,February 2013,1
59036,13621111000001104,75486020,5,Erythromycin ethyl succinate 250mg/5ml oral suspension sugar free (Pinewood Healthcare),Erythromycin ethyl succinate,50mg/1ml,Oral suspension,Oral,05010500,Macrolides,March 2014,1
42087,4115711000001106,65613020,13,Fluconazole 200mg capsules (Teva UK Ltd),Fluconazole,200mg,Capsule,Oral,05020100,Triazole Antifungals,April 2010,1
42804,129425001000027100,65086020,199,Diltiazem HCl 180mg Capsule (PLIVA Pharma Ltd),Diltiazem Hydrochloride,180mg,Capsule,Oral,02060200,Calcium-Channel Blockers,July 2010,1
20085,221695001000027100,82966020,1363,Sanatogen classic Tablet (Roche Consumer Health),Betacarotene/Cyanocobalamin/Iron/Ginkgo Biloba/Ginseng/Pyridoxine Hydrochloride/Thiamine Hydrochloride/Vitamin A/Vitamin D/Pantothenic Acid/Ascorbic Acid/Riboflavin/Potassium/Alpha Tocopherol/Copper/Nicotinic Acid/Folic Acid,,Tablet,Oral,09010101/09060700,Oral Iron/Multivitamin And Multimineral Preparations,February 2009,1
10190,759811000001108,87838020,29959,Erymax 250mg gastro-resistant capsules (Teva UK Ltd),Erythromycin,250mg,Gastro-resistant capsule,Oral,05010500/13060201,Macrolides/Oral Antibacterials For Acne,February 2009,1
9240,196025001000027100,75163020,122745,Adizem xl 180mg Capsule (Napp Pharmaceuticals Ltd),Diltiazem Hydrochloride,180mg,Capsule,Oral,02060200,Calcium-Channel Blockers,February 2009,1
42731,155325001000027100,68577020,277,Diltiazem sr 120mg Capsule (Hillcross Pharmaceuticals Ltd),Diltiazem Hydrochloride,120mg,Capsule,Oral,02060200,Calcium-Channel Blockers,June 2010,1
51154,8825911000001106,05881020,0,Clarithromycin 250mg tablets (Kent Pharma (UK) Ltd),Clarithromycin,250mg,Tablet,Oral,05010500,Macrolides,January 2013,1
65667,16572211000001100,05841020,0,Erythroped A 500mg tablets (Mawdsley-Brooks & Company Ltd),Erythromycin ethyl succinate,500mg,Tablet,Oral,05010500,Macrolides,March 2016,1
37022,90705001000027100,59510020,4,Arpimycin 500mg/5ml Liquid (Rosemont Pharmaceuticals Ltd),Erythromycin ethyl succinate,100mg/1ml,Oral suspension,Oral,05010500,Macrolides,February 2009,1
15713,153765001000027100,68310020,1186,Erythromycin ethylsuccinate 500mg sachets,Erythromycin Ethyl Succinate,500mg,Sachets,Oral,05010500,Macrolides,February 2009,1
43539,4229811000001108,65658020,1,Fluconazole 50mg capsules (IVAX Pharmaceuticals UK Ltd),Fluconazole,50mg,Capsule,Oral,05020100,Triazole Antifungals,September 2010,1
58033,18456511000001100,00829020,0,Amiodarone 100mg tablets (Accord-UK Ltd),Amiodarone hydrochloride,100mg,Tablet,Oral,02030201,Supraventricular & Ventricular Arrhythmias,December 2013,1
50693,14222611000001100,05847020,22,Erythrocin 500 tablets (Sigma Pharmaceuticals Plc),Erythromycin stearate,500mg,Tablet,Oral,05010500,Macrolides,January 2013,1
34303,4115311000001107,65610020,104,Fluconazole 150mg capsules (Teva UK Ltd),Fluconazole,150mg,Capsule,Oral,05020100,Triazole Antifungals,February 2009,1
68780,19731311000001104,38484020,0,Amiodarone 200mg tablets (Medreich Plc),Amiodarone hydrochloride,200mg,Tablet,Oral,02030201,Supraventricular & Ventricular Arrhythmias,February 2017,1
34763,4114311000001108,65566020,7,Fluconazole 50mg capsules (Actavis UK Ltd),Fluconazole,50mg,Capsule,Oral,05020100,Triazole Antifungals,February 2009,1
54241,9253011000001104,70699020,2,Clarithromycin 250mg/5ml oral suspension (A A H Pharmaceuticals Ltd),Clarithromycin,50mg/1ml,Oral suspension,Oral,05010500,Macrolides,March 2013,1
13240,243111000001108,87832020,76197,Dilzem XL 120 capsules (Teva UK Ltd),Diltiazem hydrochloride,120mg,Modified-release capsule,Oral,02060200,Calcium-Channel Blockers,February 2009,1
70463,30175011000001104,54174021,25,Synjardy 12.5mg/850mg tablets (Boehringer Ingelheim Ltd),Metformin hydrochloride/Empagliflozin,850mg + 12.5mg,Tablet,Oral,06010210,Gliflozins Plus Metformin,October 2017,1
52768,18574311000001108,06203020,44,Diflucan 150mg capsules (DE Pharmaceuticals),Fluconazole,150mg,Capsule,Oral,05020100,Triazole Antifungals,January 2013,1
52428,17903711000001100,05834020,0,Erythromycin 250mg gastro-resistant tablets (Phoenix Healthcare Distribution Ltd),Erythromycin,250mg,Gastro-resistant tablet,Oral,05010500/13060201,Macrolides/Oral Antibacterials For Acne,January 2013,1
7544,4993911000001105,87155020,2398,Niaspan 750mg modified-release tablets (Abbott Laboratories Ltd),Nicotinic acid,750mg,Modified-release tablet,Oral,02120500,Nicotinic Acid Group,February 2009,1
636,39023011000001104,86603020,172443,Diltiazem 60mg modified-release capsules,Diltiazem hydrochloride,60mg,Modified-release capsule,Oral,02060200,Calcium-Channel Blockers,February 2009,1
40672,3164211000001101,97286020,21921,Daktarin 20mg/g oromucosal gel (Johnson & Johnson Ltd),Miconazole,20mg/1gram,Oromucosal gel,Oromucosal/Oral,12030200,Oropharyngeal Anti-Infective Drugs,November 2009,1
73648,19783111000001104,78779020,0,Leflunomide 10mg tablets (Actavis UK Ltd),Leflunomide,10mg,Tablet,Oral,00000000,Unknown,November 2018,1
21763,215411000001106,49566020,357,Diltiazem 60mg modified-release tablets (A A H Pharmaceuticals Ltd),Diltiazem hydrochloride,60mg,Modified-release tablet,Oral,02060200,Calcium-Channel Blockers,February 2009,1
536,111175001000027100,62588020,343044,Tildiem la 200mg Modified-release capsule (Sanofi),Diltiazem hydrochloride,200mg,Modified-release capsule,Oral,02060200,Calcium-Channel Blockers,February 2009,1
45576,704465002,99283020,228342,Ticagrelor 90mg tablets,Ticagrelor,90mg,Tablet,Oral,02090000,Antiplatelet Products,June 2011,1
48070,257025001000027100,96752020,119,Warfarin sodium tablets,Warfarin Sodium,,Tablets,Oral,02080200,Oral Anticoagulants,November 2012,1
53144,20096711000001104,79034020,6,Clarithromycin 250mg tablets (Wockhardt UK Ltd),Clarithromycin,250mg,Tablet,Oral,05010500,Macrolides,January 2013,1
537,41946311000001104,69351020,1221668,Clarithromycin 250mg tablets,Clarithromycin,250mg,Tablet,Oral,05010500,Macrolides,February 2009,1
67739,18812611000001100,78068020,0,Leflunomide 20mg tablets (Teva UK Ltd),Leflunomide,20mg,Tablet,Oral,10010302,Drugs Affecting The Immune Response In Rheumatic Disease,October 2016,1
15428,178945001000027100,72129020,29,Femeron 2% w/v Cream (Johnson+Johnson MSD Consumer Pharmaceuticals),Miconazole nitrate,20mg/1gram,Cream,Vaginal,07020200,Vaginal And Vulval Infections,February 2009,1
46823,39702111000001104,98708020,18,Pazopanib 400mg tablets,Pazopanib hydrochloride,400mg,Tablet,Oral,08010551,Protein Kinase Inhibitors,February 2012,1
75422,32506411000001108,66036021,0,Erythromycin ethyl succinate 500mg tablets (Alliance Healthcare (Distribution) Ltd),Erythromycin ethyl succinate,500mg,Tablet,Oral,05010500,Macrolides,April 2019,1
39866,9798311000001104,68098020,69,Warfarin 1mg tablets (Almus Pharmaceuticals Ltd),Warfarin sodium,1mg,Tablet,Oral,02080200,Oral Anticoagulants,August 2009,1
53715,17965511000001108,78523020,0,Clarithromycin 500mg tablets (Almus Pharmaceuticals Ltd),Clarithromycin,500mg,Tablet,Oral,00000000,Unknown,February 2013,1
55397,21935011000001104,47444020,1,Erythromycin 250mg gastro-resistant capsules (Waymade Healthcare Plc),Erythromycin,250mg,Gastro-resistant capsule,Oral,05010500/13060201,Macrolides/Oral Antibacterials For Acne,May 2013,1
51509,19835411000001104,38963020,3,Warfarin 1mg tablets (APC Pharmaceuticals & Chemicals (Europe) Ltd),Warfarin sodium,1mg,Tablet,Oral,02080200,Oral Anticoagulants,January 2013,1
65066,30318111000001108,54171021,4924,Empagliflozin 12.5mg / Metformin 1g tablets,Empagliflozin/Metformin hydrochloride,12.5mg + 1gram,Tablet,Oral,06010210,Gliflozins Plus Metformin,December 2015,1
14961,4186111000001101,82697020,500,Berocca effervescent tablets orange (Bayer Plc),Pantothenic acid/Ascorbic acid/Cyanocobalamin/Zinc/Magnesium/Pyridoxine/Nicotinic acid/Riboflavin/Thiamine/Folic acid/Calcium/Biotin,22.7mg + 476mg + 8.6microgram + 9mg + 95mg + 7.1mg + 45.3mg + 13.6mg + 10.4mg + 366microgram + 95mg + 130microgram,Effervescent tablet,Oral,09040251,Nutritional Supplements,February 2009,1
66048,14005611000001108,11004020,7,Tildiem Retard 120mg tablets (DE Pharmaceuticals),Diltiazem hydrochloride,120mg,Modified-release tablet,Oral,02060200,Calcium-Channel Blockers,April 2016,1
16693,19635001000027100,50491020,508,Monistat 2% Cream (Ward Surgical & Supplies Ltd),Miconazole nitrate,20mg/1gram,Cream,Vaginal,07020200,Vaginal And Vulval Infections,February 2009,1
46465,41762411000001104,98424020,147,Eltrombopag 25mg tablets,Eltrombopag olamine,25mg,Tablet,Oral,09010400,Drugs Used In Platelet Disorders,November 2011,1
9148,40295001000027104,53074020,741,Erythromid ds 500mg Tablet (Abbott Laboratories Ltd),Erythromycin,500mg,Tablet,Oral,05010500/13060201,Macrolides/Oral Antibacterials For Acne,February 2009,1
85573,110965001000027100,62567020,0,Erythromycin 250mg/5ml Liquid (Co-Pharma Ltd),Erythromycin ethyl succinate,50mg/1ml,Oral suspension,Oral,05010500,Macrolides,February 2022,1
60308,468911000001109,05868020,1,Erythromycin ethyl succinate 125mg/5ml oral suspension (Alliance Healthcare (Distribution) Ltd),Erythromycin ethyl succinate,25mg/1ml,Oral suspension,Oral,05010500,Macrolides,July 2014,1
397,89765001000027100,59402020,438890,Erythromycin 125mg/5ml oral suspension,Erythromycin Ethyl Succinate,125mg/5ml,Suspension,Oral,05010500,Macrolides,February 2009,1
62552,223411000001100,00861020,0,Verapamil 80mg tablets (Alliance Healthcare (Distribution) Ltd),Verapamil hydrochloride,80mg,Tablet,Oral,02060200,Calcium-Channel Blockers,March 2015,1
86528,40470511000001104,01312022,1,Generic Kaftrio 37.5mg/25mg/50mg tablets,Ivacaftor/Tezacaftor/Elexacaftor,37.5mg + 25mg + 50mg,Tablet,Oral,00000000,Unknown,July 2022,1
76409,172545001000027100,71161020,2,Miconazole Tampon,Miconazole Nitrate,,Tampon,,07020200,Vaginal And Vulval Infections,May 2019,1
993,40325001000027104,53077020,22907,Erythroped forte 500mg/5ml Liquid (Abbott Laboratories Ltd),Erythromycin ethyl succinate,100mg/1ml,Oral suspension,Oral,05010500,Macrolides,February 2009,1
81076,21911311000001100,47067020,0,Verapamil 40mg tablets (Waymade Healthcare Plc),Verapamil hydrochloride,40mg,Tablet,Oral,02060200,Calcium-Channel Blockers,July 2020,1
72191,17462011000001108,98712020,2,Votrient 400mg tablets (Novartis Pharmaceuticals UK Ltd),Pazopanib hydrochloride,400mg,Tablet,Oral,08010551,Protein Kinase Inhibitors,May 2018,1
47377,203095001000027100,77095020,43,Ciclosporin 25mg Capsule (Hillcross Pharmaceuticals Ltd),Ciclosporin,25mg,Capsule,Oral,01050300/08020200,Products Affecting The Immune Response In Chronic Bowel Problems/Corticosteroids And Other Immunosuppressants,June 2012,1
10688,318248001,69592020,36821,Verapamil 160mg tablets,Verapamil hydrochloride,160mg,Tablet,Oral,02060200,Calcium-Channel Blockers,February 2009,1
16038,5711000001106,87830020,44215,Dilzem SR 120 capsules (Teva UK Ltd),Diltiazem hydrochloride,120mg,Modified-release capsule,Oral,02060200,Calcium-Channel Blockers,February 2009,1
76547,21911511000001104,47090020,0,Verapamil 80mg tablets (Waymade Healthcare Plc),Verapamil hydrochloride,80mg,Tablet,Oral,02060200,Calcium-Channel Blockers,June 2019,1
62881,16222711000001104,97343020,2,Prezista 75mg tablets (Janssen-Cilag Ltd),Darunavir ethanolate,75mg,Tablet,Oral,05030151,Protease Inhibitors,April 2015,1
5054,336611000001101,79521020,56583,Angitil SR 180 capsules (Ethypharm UK Ltd),Diltiazem hydrochloride,180mg,Modified-release capsule,Oral,02060200,Calcium-Channel Blockers,February 2009,1
51484,16071211000001106,02298020,2,Warfarin 1mg tablets (Bristol Laboratories Ltd),Warfarin sodium,1mg,Tablet,Oral,02080200,Oral Anticoagulants,January 2013,1
14379,2957011000001101,86194020,6630,Lipantil Micro 67 capsules (Viatris UK Healthcare Ltd),Fenofibrate micronised,67mg,Capsule,Oral,02120300,Fibrates,February 2009,1
33823,8089611000001108,88280020,39,Glivec 100mg tablets (Novartis Pharmaceuticals UK Ltd),Imatinib mesilate,100mg,Tablet,Oral,08010551,Protein Kinase Inhibitors,February 2009,1
1748,867011000001103,53062020,10014,Cordilox 120mg tablets (IVAX Pharmaceuticals UK Ltd),Verapamil hydrochloride,120mg,Tablet,Oral,02060200,Calcium-Channel Blockers,February 2009,1
76563,39695911000001104,73900021,21,Imatinib 400mg capsules,Imatinib mesilate,400mg,Capsule,Oral,08010551,Protein Kinase Inhibitors,June 2019,1
68429,24615311000001104,26726021,10,Diltiazem 120mg modified-release capsules (Ethigen Ltd),Diltiazem hydrochloride,120mg,Modified-release capsule,Oral,02060200,Calcium-Channel Blockers,December 2016,1
78152,896311000001100,56210020,777,Verapamil 120mg tablets (IVAX Pharmaceuticals UK Ltd),Verapamil hydrochloride,120mg,Tablet,Oral,02060200,Calcium-Channel Blockers,October 2019,1
30520,222485001000027100,83249020,16,Primacine 125mg/5ml Liquid (Pinewood Healthcare),Erythromycin ethyl succinate,25mg/1ml,Oral suspension,Oral,05010500,Macrolides,February 2009,1
81591,35206711000001104,79808021,1,Capsorin 100mg/ml oral solution (Morningside Healthcare Ltd),Ciclosporin,100mg/1ml,Oral solution,Oral,08020200/10010302/13050300,Corticosteroids And Other Immunosuppressants/Drugs Affecting The Immune Response In Rheumatic Disease/Drugs Affecting The Immune Response For Eczema And Psoriasis,September 2020,1
5511,41787411000001104,64111020,24791,Fluconazole 50mg/5ml oral suspension,Fluconazole,10mg/1ml,Oral suspension,Oral,05020100,Triazole Antifungals,February 2009,1
39713,15000911000001100,96403020,56414,Ranolazine 500mg modified-release tablets,Ranolazine,500mg,Modified-release tablet,Oral,02060300,Other Anti-Angina Products,June 2009,1
41586,7911000001103,56375020,26,Verapamil 80mg tablets (Accord-UK Ltd),Verapamil hydrochloride,80mg,Tablet,Oral,02060200,Calcium-Channel Blockers,March 2010,1
42190,216255001000027100,81334020,2,Nicotinic acid with colecalciferol and calcium gluconate Tablet,Calcium Gluconate/Colecalciferol/Nicotinic Acid,,Tablet,Oral,02060400,Peripheral Vasodilators And Related Products,April 2010,1
17586,550211000001104,80135020,59635,Slozem 300mg capsules (Zentiva Pharma UK Ltd),Diltiazem hydrochloride,300mg,Modified-release capsule,Oral,02060200,Calcium-Channel Blockers,February 2009,1
64890,260255001000027100,98541020,0,Diltiazem cream,Diltiazem Hydrochloride,,,,01070400,Anal Fissure Management,December 2015,1
41679,534011000001101,56209020,32,Verapamil 80mg tablets (IVAX Pharmaceuticals UK Ltd),Verapamil hydrochloride,80mg,Tablet,Oral,02060200,Calcium-Channel Blockers,March 2010,1
45820,18468211000001108,99368020,19,Nilotinib 150mg capsules,Nilotinib hydrochloride monohydrate,150mg,Capsule,Oral,08010551,Protein Kinase Inhibitors,August 2011,1
48217,18172711000001108,77715020,0,Leflunomide 10mg tablets (medac UK),Leflunomide,10mg,Tablet,Oral,10010302,Drugs Affecting The Immune Response In Rheumatic Disease,December 2012,1
42082,4334111000001107,79077020,29,VFEND 50mg tablets (Pfizer Ltd),Voriconazole,50mg,Tablet,Oral,05020100,Triazole Antifungals,April 2010,1
65344,30318411000001104,54177021,975,Empagliflozin 5mg / Metformin 850mg tablets,Empagliflozin/Metformin hydrochloride,5mg + 850mg,Tablet,Oral,06010210,Gliflozins Plus Metformin,January 2016,1
70751,14285111000001108,02411020,13,Bezalip Mono 400mg modified-release tablets (Sigma Pharmaceuticals Plc),Bezafibrate,400mg,Modified-release tablet,Oral,02120300,Fibrates,November 2017,1
34918,642911000001101,57163020,22,Warfarin 5mg tablets (Accord-UK Ltd),Warfarin sodium,5mg,Tablet,Oral,02080200,Oral Anticoagulants,February 2009,1
59585,21965711000001100,47168020,1,Uard 120XL capsules (Ennogen Healthcare Ltd),Diltiazem hydrochloride,120mg,Modified-release capsule,Oral,02060200,Calcium-Channel Blockers,April 2014,1
79228,18756811000001108,78011020,0,Leflunomide 10mg tablets (A A H Pharmaceuticals Ltd),Leflunomide,10mg,Tablet,Oral,10010302,Drugs Affecting The Immune Response In Rheumatic Disease,December 2019,1
34457,4218711000001102,65634020,3,Fluconazole 50mg capsules (Viatris UK Healthcare Ltd),Fluconazole,50mg,Capsule,Oral,05020100,Triazole Antifungals,February 2009,1
81667,36866311000001104,86449021,12,Voriconazole 100mg tablets,Voriconazole,100mg,Tablet,Oral,05020100,Triazole Antifungals,September 2020,1
57032,18288311000001104,77754020,1,Warfarin 1mg/ml oral suspension sugar free (Rosemont Pharmaceuticals Ltd),Warfarin sodium,1mg/1ml,Oral suspension,Oral,02080200,Oral Anticoagulants,September 2013,1
2326,89785001000027100,59404020,43847,Erythromycin 500mg/5ml oral suspension,Erythromycin Ethyl Succinate,500mg/5ml,Suspension,Oral,05010500,Macrolides,February 2009,1
4923,197585001000027100,75521020,61837,Diltiazem 24hr 180mg modified-release capsules,Diltiazem Hydrochloride,180mg,24 Hour Modified Release Capsules,Oral,02060200,Calcium-Channel Blockers,February 2009,1
64933,13721411000001104,02460020,0,Fenofibrate micronised 267mg capsules (Ranbaxy (UK) Ltd),Fenofibrate micronised,267mg,Capsule,Oral,02120300,Fibrates,December 2015,1
1574,36565011000001104,68472020,225431,Verapamil 120mg modified-release capsules,Verapamil hydrochloride,120mg,Modified-release capsule,Oral,02060200,Calcium-Channel Blockers,February 2009,1
53449,18056411000001108,05849020,2,Erythrocin 500 tablets (Lexon (UK) Ltd),Erythromycin stearate,500mg,Tablet,Oral,05010500,Macrolides,January 2013,1
52906,789411000001103,05831020,0,Erythromycin 250mg gastro-resistant tablets (Alliance Healthcare (Distribution) Ltd),Erythromycin,250mg,Gastro-resistant tablet,Oral,05010500/13060201,Macrolides/Oral Antibacterials For Acne,January 2013,1
34416,524811000001109,63426020,48,Warfarin 1mg tablets (Kent Pharma (UK) Ltd),Warfarin sodium,1mg,Tablet,Oral,02080200,Oral Anticoagulants,February 2009,1
733,41949111000001104,68309020,350646,Erythromycin ethyl succinate 500mg tablets,Erythromycin ethyl succinate,500mg,Tablet,Oral,05010500,Macrolides,February 2009,1
54975,21835311000001100,46809020,16,Ciclosporin 100mg capsules (Cubic Pharmaceuticals Ltd),Ciclosporin,100mg,Capsule,Oral,08020200/10010302/13050300,Corticosteroids And Other Immunosuppressants/Drugs Affecting The Immune Response In Rheumatic Disease/Drugs Affecting The Immune Response For Eczema And Psoriasis,May 2013,1
41489,580711000001101,95547020,815,Bi-Carzem SR 120mg capsules (Tillomed Laboratories Ltd),Diltiazem hydrochloride,120mg,Modified-release capsule,Oral,02060200,Calcium-Channel Blockers,March 2010,1
66008,30175711000001100,54172021,1587,Synjardy 12.5mg/1000mg tablets (Boehringer Ingelheim Ltd),Empagliflozin/Metformin hydrochloride,12.5mg + 1gram,Tablet,Oral,06010210,Gliflozins Plus Metformin,April 2016,1
16850,144811000001101,83067020,1875,Angiozem CR 120mg tablets (Ashbourne Pharmaceuticals Ltd),Diltiazem hydrochloride,120mg,Modified-release tablet,Oral,02060200,Calcium-Channel Blockers,February 2009,1
74355,29856311000001104,52262021,0,Erythromycin 250mg gastro-resistant tablets (Sigma Pharmaceuticals Plc),Erythromycin,250mg,Gastro-resistant tablet,Oral,05010500/13060201,Macrolides/Oral Antibacterials For Acne,January 2019,1
13127,733511000001107,87836020,72251,Dilzem XL 240 capsules (Teva UK Ltd),Diltiazem hydrochloride,240mg,Modified-release capsule,Oral,02060200,Calcium-Channel Blockers,February 2009,1
50205,17628011000001100,05844020,82,Erythrolar 250mg tablets (Ennogen Pharma Ltd),Erythromycin stearate,250mg,Tablet,Oral,05010500,Macrolides,January 2013,1
11777,4139411000001106,75258020,4504,Verapamil 40mg/5ml oral solution sugar free,Verapamil hydrochloride,8mg/1ml,Oral solution,Oral,02060200,Calcium-Channel Blockers,February 2009,1
67560,30761911000001100,57355021,1,Clarithromycin 250mg/5ml oral suspension (Almus Pharmaceuticals Ltd),Clarithromycin,50mg/1ml,Oral suspension,Oral,05010500,Macrolides,September 2016,1
46962,283711000001104,60308020,65,Colchicine 500microgram tablets (A A H Pharmaceuticals Ltd),Colchicine,500microgram,Tablet,Oral,10010450,Acute Attacks Of Gout,March 2012,1
14816,3253811000001107,86013020,1615,Klaricid Adult 250mg granules sachets (Viatris UK Healthcare Ltd),Clarithromycin,250mg,Granules,Oral,05010500,Macrolides,February 2009,1
32387,241395001000027100,89626020,96,Adeks Drops (Scandipharm),Pantothenic Acid/Biotin/Ascorbic Acid/Nicotinic Acid/Phytomenadione/Riboflavin/Pyridoxine/Alpha Tocopherol/Vitamin A/Zinc Sulphate/Colecalciferol/Beta Carotene/Thiamine/Vitamin B12,,Drops,Oral,09060750,-,February 2009,1
13856,7855011000001100,84570020,2000,Verapress MR 240mg tablets (Actavis UK Ltd),Verapamil hydrochloride,240mg,Modified-release tablet,Oral,02060200,Calcium-Channel Blockers,February 2009,1
32281,41791311000001104,91129020,29,Lopinavir 200mg / Ritonavir 50mg tablets,Ritonavir/Lopinavir,50mg + 200mg,Tablet,Oral,05030151,Protease Inhibitors,February 2009,1
18643,14685001000027108,49902020,220,Ilosone 500mg Tablet (Dista Products Ltd),Erythromycin,500mg,Tablet,Oral,05010500/13060201,Macrolides/Oral Antibacterials For Acne,February 2009,1
18379,353011000001101,86144020,2534,Dilcardia SR 90mg capsules (Viatris UK Healthcare Ltd),Diltiazem hydrochloride,90mg,Modified-release capsule,Oral,02060200,Calcium-Channel Blockers,February 2009,1
68868,33616311000001104,71395021,79,Epclusa 400mg/100mg tablets (Gilead Sciences Ltd),Velpatasvir/Sofosbuvir,100mg + 400mg,Tablet,Oral,05030302,Chronic Hepatitis C,February 2017,1
48163,14694011000001106,75951020,3,Clarithromycin 250mg tablets (Actavis UK Ltd),Clarithromycin,250mg,Tablet,Oral,05010500,Macrolides,December 2012,1
39007,13505811000001106,94803020,67,Loramyc 50mg muco-adhesive buccal tablets (Laboratoires BioAlliance Pharma),Miconazole,50mg,Muco-adhesive buccal tablet,Buccal,12030200,Oropharyngeal Anti-Infective Drugs,February 2009,1
38541,41758711000001104,87722020,27,Atazanavir 200mg capsules,Atazanavir sulfate,200mg,Capsule,Oral,05030151,Protease Inhibitors,February 2009,1
4489,10305001000027100,49294020,4911,Erycen 250mg Tablet (Berk Pharmaceuticals Ltd),Erythromycin,250mg,Gastro-resistant tablet,Oral,05010500/13060201,Macrolides/Oral Antibacterials For Acne,February 2009,1
34837,111015001000027100,62571020,29,Erythromycin 250mg Gastro-resistant tablet (Co-Pharma Ltd),Erythromycin,250mg,Gastro-resistant tablet,Oral,05010500/13060201,Macrolides/Oral Antibacterials For Acne,February 2009,1
72488,33424611000001104,70361021,1,Diltiazem 300mg modified-release capsules (A A H Pharmaceuticals Ltd),Diltiazem hydrochloride,300mg,Modified-release capsule,Oral,02060200,Calcium-Channel Blockers,July 2018,1
46955,803411000001104,60640020,19,Verapamil 80mg tablets (Viatris UK Healthcare Ltd),Verapamil hydrochloride,80mg,Tablet,Oral,02060200,Calcium-Channel Blockers,March 2012,1
59022,23163711000001108,17575021,30,Stribild 150mg/150mg/200mg/245mg tablets (Gilead Sciences Ltd),Elvitegravir/Emtricitabine/Cobicistat/Tenofovir disoproxil fumarate,150mg + 200mg + 150mg + 245mg,Tablet,Oral,05030100,HIV Infection,March 2014,1
105,10415001000027108,49307020,120822,Erythroped 250mg/5ml Liquid (Abbott Laboratories Ltd),Erythromycin ethyl succinate,50mg/1ml,Oral suspension,Oral,05010500,Macrolides,February 2009,1
87966,17880311000001100,02477020,0,Fenofibrate micronised 160mg tablets (A A H Pharmaceuticals Ltd),Fenofibrate micronised,160mg,Tablet,Oral,02120300,Fibrates,April 2023,1
34086,22275001000027104,50811020,328,Warfarin 3mg Tablet (Celltech Pharma Europe Ltd),Warfarin sodium,3mg,Tablet,Oral,02080200,Oral Anticoagulants,February 2009,1
4330,642811000001106,81558020,33314,Sporanox-Pulse 100mg capsules (Janssen-Cilag Ltd),Itraconazole,100mg,Capsule,Oral,05020100,Triazole Antifungals,February 2009,1
84488,28394811000001108,44212021,2,Darunavir 800mg / Cobicistat 150mg tablets,Darunavir ethanolate/Cobicistat,800mg + 150mg,Tablet,Oral,05030151,Protease Inhibitors,September 2021,1
67344,24343511000001100,23042021,14,Diltiazem 300mg modified-release capsules (Ennogen Pharma Ltd),Diltiazem hydrochloride,300mg,Modified-release capsule,Oral,02060200,Calcium-Channel Blockers,August 2016,1
28843,22045001000027100,50788020,2,Verapamil hc 80mg Tablet (Celltech Pharma Europe Ltd),Verapamil hydrochloride,80mg,Tablet,Oral,02030202/02060200,Supraventricular Arrhythmias/Calcium-Channel Blockers,February 2009,1
34873,12615001000027100,49624020,464,Erythromycin 250mg Tablet (Berk Pharmaceuticals Ltd),Erythromycin,250mg,Gastro-resistant tablet,Oral,05010500/13060201,Macrolides/Oral Antibacterials For Acne,February 2009,1
48272,10054911000001104,01893020,2257,Diltiazem 60mg modified-release capsules (Alliance Healthcare (Distribution) Ltd),Diltiazem hydrochloride,60mg,Modified-release capsule,Oral,02060200,Calcium-Channel Blockers,January 2013,1
14127,228305001000027100,84980020,1367,Adeks Tablet (Scandipharm),Betacarotene/Zinc Oxide/Biotin/Cyanocobalamin/Phytomenadione/Pyridoxine/Thiamine/Vitamin A/Pantothenic Acid/Ascorbic Acid/Riboflavin/Alpha Tocopherol/Colecalciferol/Nicotinic Acid/Folic Acid,,Tablet,Oral,09060750,-,February 2009,1
78143,33426011000001108,70398021,0,Voriconazole 50mg tablets (A A H Pharmaceuticals Ltd),Voriconazole,50mg,Tablet,Oral,05020100,Triazole Antifungals,October 2019,1
31689,9739911000001106,89869020,5,Clarosip 187.5mg granules for oral suspension straws (Grunenthal Ltd),Clarithromycin,187.5mg,Granules,Oral,00000000,Unknown,February 2009,1
44437,17066411000001106,98194020,372,Multaq 400mg tablets (Sanofi),Dronedarone hydrochloride,400mg,Tablet,Oral,02030202,Supraventricular Arrhythmias,January 2011,1
3231,21475001000027108,50729020,1348,Nizoral 100mg/5ml Liquid (Janssen-Cilag Ltd),Ketoconazole,100mg/5ml,Liquid,Oral,05020000,Antifungals,February 2009,1
21318,39696111000001104,87708020,374,Imatinib 400mg tablets,Imatinib mesilate,400mg,Tablet,Oral,08010551,Protein Kinase Inhibitors,February 2009,1
69528,32170911000001100,65935021,4,Cholib 145mg/20mg tablets (Viatris UK Healthcare Ltd),Simvastatin/Fenofibrate,20mg + 145mg,Tablet,Oral,02120300/02120400,Fibrates/Statins,May 2017,1
22826,69645001000027104,56814020,195,Securon 160mg Tablet (Abbott Laboratories Ltd),Verapamil hydrochloride,160mg,Tablet,Oral,02030202/02060200,Supraventricular Arrhythmias/Calcium-Channel Blockers,February 2009,1
65746,22736711000001108,17198021,0,Warfarin 500microgram tablets (DE Pharmaceuticals),Warfarin sodium,500microgram,Tablet,Oral,02080200,Oral Anticoagulants,March 2016,1
19175,422111000001103,56208020,183,Verapamil 40mg tablets (IVAX Pharmaceuticals UK Ltd),Verapamil hydrochloride,40mg,Tablet,Oral,02060200,Calcium-Channel Blockers,February 2009,1
23872,44155001000027104,53571020,671,Berkatens 40mg Tablet (Berk Pharmaceuticals Ltd),Verapamil hydrochloride,40mg,Tablet,Oral,02030202/02060200,Supraventricular Arrhythmias/Calcium-Channel Blockers,February 2009,1
47608,640311000001101,97279020,208,Zemret 300 XL capsules (Tillomed Laboratories Ltd),Diltiazem hydrochloride,300mg,Modified-release capsule,Oral,02060200,Calcium-Channel Blockers,August 2012,1
54134,21263511000001104,44423020,20,Ciclosporin 100mg capsules (Sigma Pharmaceuticals Plc),Ciclosporin,100mg,Capsule,Oral,08020200/10010302/13050300,Corticosteroids And Other Immunosuppressants/Drugs Affecting The Immune Response In Rheumatic Disease/Drugs Affecting The Immune Response For Eczema And Psoriasis,March 2013,1
60385,16142411000001106,02412020,0,Bezalip Mono 400mg modified-release tablets (Lexon (UK) Ltd),Bezafibrate,400mg,Modified-release tablet,Oral,02120300,Fibrates,July 2014,1
81627,28031711000001108,40620021,3,Diltiazem 120mg modified-release capsules (Ennogen Healthcare Ltd),Diltiazem hydrochloride,120mg,Modified-release capsule,Oral,02060200,Calcium-Channel Blockers,September 2020,1
57184,16246111000001104,97345020,4,Darunavir 150mg tablets,Darunavir ethanolate,150mg,Tablet,Oral,05030151,Protease Inhibitors,September 2013,1
49376,19730911000001104,38483020,0,Amiodarone 100mg tablets (Medreich Plc),Amiodarone hydrochloride,100mg,Tablet,Oral,02030201,Supraventricular & Ventricular Arrhythmias,January 2013,1
24583,36031611000001104,87149020,1391,Nicotinic acid 750mg modified-release tablets,Nicotinic acid,750mg,Modified-release tablet,Oral,00000000,Unknown,February 2009,1
34088,22285001000027100,50812020,377,Warfarin 5mg Tablet (Celltech Pharma Europe Ltd),Warfarin sodium,5mg,Tablet,Oral,02080200,Oral Anticoagulants,February 2009,1
29456,128811000001106,59557020,33,Amiodarone 200mg tablets (Sandoz Ltd),Amiodarone hydrochloride,200mg,Tablet,Oral,02030201,Supraventricular & Ventricular Arrhythmias,February 2009,1
71196,13016611000001102,33697020,3,Warfarin 1.5mg/5ml oral solution,Warfarin sodium,300microgram/1ml,Oral solution,Oral,02080200,Oral Anticoagulants,December 2017,1
54224,463511000001106,56571020,4,Amiodarone 100mg tablets (Actavis UK Ltd),Amiodarone hydrochloride,100mg,Tablet,Oral,02030201,Supraventricular & Ventricular Arrhythmias,March 2013,1
53666,8274311000001102,18923020,80,Amiodarone 100mg/5ml oral solution,Amiodarone hydrochloride,20mg/1ml,Oral solution,Oral,02030201,Supraventricular & Ventricular Arrhythmias,February 2013,1
3920,347811000001104,55046020,2548,Sandimmun 25mg capsules (Novartis Pharmaceuticals UK Ltd),Ciclosporin,25mg,Capsule,Oral,08020200/10010302/13050300,Corticosteroids And Other Immunosuppressants/Drugs Affecting The Immune Response In Rheumatic Disease/Drugs Affecting The Immune Response For Eczema And Psoriasis,February 2009,1
83471,10139311000001100,72650020,0,Warfarin 5mg tablets (Zentiva Pharma UK Ltd),Warfarin sodium,5mg,Tablet,Oral,02080200,Oral Anticoagulants,April 2021,1
43408,421411000001103,56200020,958,Warfarin 1mg tablets (A A H Pharmaceuticals Ltd),Warfarin sodium,1mg,Tablet,Oral,02080200,Oral Anticoagulants,September 2010,1
39990,15001011000001108,96405020,23368,Ranolazine 750mg modified-release tablets,Ranolazine,750mg,Modified-release tablet,Oral,02060300,Other Anti-Angina Products,August 2009,1
74689,24342811000001104,23047021,0,Diltiazem 240mg modified-release capsules (Ennogen Pharma Ltd),Diltiazem hydrochloride,240mg,Modified-release capsule,Oral,02060200,Calcium-Channel Blockers,February 2019,1
73633,9784311000001104,70943020,0,Amiodarone 200mg tablets (Almus Pharmaceuticals Ltd),Amiodarone hydrochloride,200mg,Tablet,Oral,02030201,Supraventricular & Ventricular Arrhythmias,November 2018,1
219,39024011000001110,72563020,140776,Diltiazem 120mg modified-release tablets,Diltiazem hydrochloride,120mg,Modified-release tablet,Oral,02060200,Calcium-Channel Blockers,February 2009,1
4970,41790411000001104,76411020,589,Leflunomide 100mg tablets,Leflunomide,100mg,Tablet,Oral,10010302,Drugs Affecting The Immune Response In Rheumatic Disease,February 2009,1
68723,30031911000001104,53526021,0,Clarithromycin 125mg/5ml oral suspension (DE Pharmaceuticals),Clarithromycin,25mg/1ml,Oral suspension,Oral,05010500,Macrolides,January 2017,1
81346,30131611000001108,53538021,0,Fluconazole 200mg capsules (Mawdsley-Brooks & Company Ltd),Fluconazole,200mg,Capsule,Oral,05020100,Triazole Antifungals,July 2020,1
23505,216725001000027100,81470020,30,Adizem xl plus 150mg+12.5mg Modified-release capsule (Napp Pharmaceuticals Ltd),Diltiazem Hydrochloride/Hydrochlorothiazide,150mg+12.5mg,Modified-Release Capsule,Oral,02020100/02060200,Thiazides And Related Diuretics/Calcium-Channel Blockers,February 2009,1
38545,261611000001107,95521020,448641,Tildiem LA 200 capsules (Sanofi),Diltiazem hydrochloride,200mg,Modified-release capsule,Oral,02060200,Calcium-Channel Blockers,February 2009,1
833,8798511000001101,89966020,426,Warfarin 3mg/5ml oral solution,Warfarin sodium,600microgram/1ml,Oral solution,Oral,02080200,Oral Anticoagulants,February 2009,1
401,89745001000027100,59397020,221519,Erythromycin 500mg ec gastro-resistant tablets,Erythromycin,500mg,Gastro-Resistant Tablets,Oral,05010500/13060201,Macrolides/Oral Antibacterials For Acne,February 2009,1
75224,7458911000001101,69372020,0,Fluconazole 150mg capsules (Ranbaxy (UK) Ltd),Fluconazole,150mg,Capsule,Oral,05020100,Triazole Antifungals,March 2019,1
38632,2887011000001102,95541020,191680,Adizem-SR 90mg capsules (Napp Pharmaceuticals Ltd),Diltiazem hydrochloride,90mg,Modified-release capsule,Oral,02060200,Calcium-Channel Blockers,February 2009,1
15251,209345001000027100,79108020,369,Pregnacare Capsule (Vitabiotics Ltd),Ascorbic Acid/Copper/Folic Acid/Iodine/Iron/Magnesium/Nicotinic Acid/Riboflavin/Pyridoxine/Soya Oil/Vitamin D/Zinc/Alpha Tocopheryl Hydrogen Succinate/Selenium/Beta Carotene/Vitamin K/Thiamine/Vitamin B12,,Capsule,Oral,09060750,-,February 2009,1
17207,14675001000027104,49901020,3268,Ilosone 250mg Capsule (Dista Products Ltd),Erythromycin Lactobionate,250mg,Capsule,Oral,05010500/13060201,Macrolides/Oral Antibacterials For Acne,February 2009,1
33685,919211000001106,54613020,2606,Erythromycin 250mg gastro-resistant tablets (Teva UK Ltd),Erythromycin,250mg,Gastro-resistant tablet,Oral,05010500/13060201,Macrolides/Oral Antibacterials For Acne,February 2009,1
51984,17503311000001108,05850020,1,Erythrocin 500 tablets (Mawdsley-Brooks & Company Ltd),Erythromycin stearate,500mg,Tablet,Oral,05010500,Macrolides,January 2013,1
4852,181525001000027100,72558020,42833,Adizem sr 120mg Modified-release tablet (Napp Pharmaceuticals Ltd),Diltiazem hydrochloride,120mg,Modified-release tablet,Oral,02060200,Calcium-Channel Blockers,February 2009,1
34299,437711000001102,55824020,17428,Warfarin 1mg tablets (Teva UK Ltd),Warfarin sodium,1mg,Tablet,Oral,02080200,Oral Anticoagulants,February 2009,1
188,318187007,60110020,1709713,Amiodarone 200mg tablets,Amiodarone hydrochloride,200mg,Tablet,Oral,02030201,Supraventricular & Ventricular Arrhythmias,February 2009,1
80701,37911311000001104,90632021,0,Erythromycin stearate 250mg tablets (Key Pharmaceuticals Ltd),Erythromycin stearate,250mg,Tablet,Oral,05010500,Macrolides,May 2020,1
39010,211000001101,95829020,939,Klaricid Paediatric 250mg/5ml oral suspension (Viatris UK Healthcare Ltd),Clarithromycin,50mg/1ml,Oral suspension,Oral,05010500,Macrolides,February 2009,1
47676,12665001000027102,49629020,1,Erythromycin 500mg/5ml Liquid (C P Pharmaceuticals Ltd),Erythromycin ethyl succinate,100mg/1ml,Oral suspension,Oral,05010500,Macrolides,August 2012,1
58175,20097311000001108,79037020,18,Clarithromycin 500mg tablets (Wockhardt UK Ltd),Clarithromycin,500mg,Tablet,Oral,05010500,Macrolides,December 2013,1
34512,9563611000001104,64325020,28,Erythromycin 250mg gastro-resistant capsules (Teva UK Ltd),Erythromycin,250mg,Gastro-resistant capsule,Oral,05010500/13060201,Macrolides/Oral Antibacterials For Acne,February 2009,1
74651,398811000001108,56959020,1,Erythromycin ethyl succinate 250mg/5ml oral suspension (Actavis UK Ltd),Erythromycin ethyl succinate,50mg/1ml,Oral suspension,Oral,05010500,Macrolides,February 2019,1
3943,39021011000001104,68474020,209952,Verapamil 240mg modified-release capsules,Verapamil hydrochloride,240mg,Modified-release capsule,Oral,02060200,Calcium-Channel Blockers,February 2009,1
20642,228225001000027100,84957020,234,Bi-carzem sr 60mg Modified-release capsule (Tillomed Laboratories Ltd),Diltiazem hydrochloride,60mg,Modified-release capsule,Oral,02060200,Calcium-Channel Blockers,February 2009,1
17492,866811000001107,84732020,72232,Zemtard 300 XL capsules (Galen Ltd),Diltiazem hydrochloride,300mg,Modified-release capsule,Oral,02060200,Calcium-Channel Blockers,February 2009,1
45591,18149211000001104,99227020,48,Clarie XL 500mg tablets (Teva UK Ltd),Clarithromycin,500mg,Modified-release tablet,Oral,05010500,Macrolides,June 2011,1
42637,16306511000001108,97772020,248,Deximune 25mg capsules (Dexcel-Pharma Ltd),Ciclosporin,25mg,Capsule,Oral,08020200/10010302/13050300,Corticosteroids And Other Immunosuppressants/Drugs Affecting The Immune Response In Rheumatic Disease/Drugs Affecting The Immune Response For Eczema And Psoriasis,June 2010,1
79116,30755511000001104,57273021,0,Diltiazem 180mg modified-release capsules (J M McGill Ltd),Diltiazem hydrochloride,180mg,Modified-release capsule,Oral,02060200,Calcium-Channel Blockers,December 2019,1
36957,41761311000001110,92353020,9,Dasatinib 70mg tablets,Dasatinib monohydrate,70mg,Tablet,Oral,08010551,Protein Kinase Inhibitors,February 2009,1
74382,29852611000001104,52264021,3,Erythromycin ethyl succinate 250mg/5ml oral suspension sugar free (Sigma Pharmaceuticals Plc),Erythromycin ethyl succinate,50mg/1ml,Oral suspension,Oral,05010500,Macrolides,January 2019,1
30234,190825001000027100,74143020,32,Erythromycin ethylsuccinate 125mg sachets,Erythromycin Ethyl Succinate,125mg,Sachets,Oral,05010500,Macrolides,February 2009,1
18223,232125001000027100,85883020,882,Trandolapril with verapamil 2mg + 180mg Modified-release capsule,Trandolapril/Verapamil Hydrochloride,2mg + 180mg,Modified-Release Capsule,Oral,02050501/02060200,Angiotensin-Converting Enzyme Inhibitors (ACE Inhibitors)/Calcium-Channel Blockers,February 2009,1
3732,120425001000027100,63875020,585,Ketoconazole 100mg/5ml Oral solution,Ketoconazole,100mg/5ml,Oral Solution,Oral,05020000,Antifungals,February 2009,1
16035,41759811000001110,69119020,1808,Ciclosporin 10mg capsules,Ciclosporin,10mg,Capsule,Oral,08020200/10010302/13050300,Corticosteroids And Other Immunosuppressants/Drugs Affecting The Immune Response In Rheumatic Disease/Drugs Affecting The Immune Response For Eczema And Psoriasis,February 2009,1
75358,30810111000001104,57353021,0,Erythromycin ethyl succinate 250mg/5ml oral suspension sugar free (Mawdsley-Brooks & Company Ltd),Erythromycin ethyl succinate,50mg/1ml,Oral suspension,Oral,05010500,Macrolides,March 2019,1
47325,15164311000001100,96688020,25,Prezista 400mg tablets (Janssen-Cilag Ltd),Darunavir,400mg,Tablet,Oral,05030151,Protease Inhibitors,June 2012,1
71435,10308511000001104,70469020,1,Erythromycin ethyl succinate 500mg/5ml oral suspension sugar free (Focus Pharmaceuticals Ltd),Erythromycin ethyl succinate,100mg/1ml,Oral suspension,Oral,05010500,Macrolides,January 2018,1
82496,5423011000001107,01876020,97,Tildiem LA 300mg capsules (Waymade Healthcare Plc),Diltiazem hydrochloride,300mg,Modified-release capsule,Oral,02060200,Calcium-Channel Blockers,January 2021,1
83450,569211000001103,65543020,0,Verapamil 80mg tablets (Kent Pharma (UK) Ltd),Verapamil hydrochloride,80mg,Tablet,Oral,02060200,Calcium-Channel Blockers,April 2021,1
52411,18271111000001100,05890020,14,Klaricid 250mg tablets (Necessity Supplies Ltd),Clarithromycin,250mg,Tablet,Oral,05010500,Macrolides,January 2013,1
17645,9742511000001108,89865020,467,Clarithromycin 250mg granules straws,Clarithromycin,250mg,Granules,Oral,00000000,Unknown,February 2009,1
4672,36564711000001104,60848020,253028,Erythromycin ethyl succinate 125mg/5ml oral suspension sugar free,Erythromycin ethyl succinate,25mg/1ml,Oral suspension,Oral,05010500,Macrolides,February 2009,1
66469,298711000001106,08447020,6,Colchicine 500microgram tablets (Alliance Healthcare (Distribution) Ltd),Colchicine,500microgram,Tablet,Oral,10010450,Acute Attacks Of Gout,June 2016,1
69403,32800711000001104,69033021,0,Erythromycin 250mg gastro-resistant tablets (Genesis Pharmaceuticals Ltd),Erythromycin,250mg,Gastro-resistant tablet,Oral,05010500/13060201,Macrolides/Oral Antibacterials For Acne,May 2017,1
60190,24099111000001104,23095021,0,Erythromycin 250mg gastro-resistant tablets (Waymade Healthcare Plc),Erythromycin,250mg,Gastro-resistant tablet,Oral,05010500/13060201,Macrolides/Oral Antibacterials For Acne,June 2014,1
70311,816211000001107,05872020,4,Erythromycin ethyl succinate 250mg/5ml oral suspension (Alliance Healthcare (Distribution) Ltd),Erythromycin ethyl succinate,50mg/1ml,Oral suspension,Oral,05010500,Macrolides,September 2017,1
81659,28031911000001104,40622021,22,Diltiazem 180mg modified-release capsules (Ennogen Healthcare Ltd),Diltiazem hydrochloride,180mg,Modified-release capsule,Oral,02060200,Calcium-Channel Blockers,September 2020,1
5348,39023611000001104,72176020,83442,Diltiazem 300mg modified-release capsules,Diltiazem hydrochloride,300mg,Modified-release capsule,Oral,02060200,Calcium-Channel Blockers,February 2009,1
72091,24102211000001104,23044021,1,Diltiazem 180mg modified-release capsules (DE Pharmaceuticals),Diltiazem hydrochloride,180mg,Modified-release capsule,Oral,02060200,Calcium-Channel Blockers,May 2018,1
83399,29955411000001108,52685021,0,Adizem-XL 180mg capsules (Lexon (UK) Ltd),Diltiazem hydrochloride,180mg,Modified-release capsule,Oral,02060200,Calcium-Channel Blockers,April 2021,1
7628,65205001000027104,56215020,9987,Fucidin intertulle sodium fusidate Impregnated gauze dressing 10cmx10cm (LEO Pharma),Sodium Fusidate,10cm x 10cm,Impregnated Gauze Dressing,,72072000,Tulle Dressings,February 2009,1
2376,41949011000001104,60843020,154424,Erythromycin ethyl succinate 250mg/5ml oral suspension,Erythromycin ethyl succinate,50mg/1ml,Oral suspension,Oral,05010500,Macrolides,February 2009,1
2888,762011000001102,62586020,321916,Tildiem 60mg modified-release tablets (Sanofi),Diltiazem hydrochloride,60mg,Modified-release tablet,Oral,02060200,Calcium-Channel Blockers,February 2009,1
43655,243795001000027100,91752020,1,Warfarin sodium oral solution,Warfarin Sodium,,Oral Liquid,Oral,02080200,Oral Anticoagulants,October 2010,1
12104,783511000001101,53065020,7288,Cordilox 160mg tablets (IVAX Pharmaceuticals UK Ltd),Verapamil hydrochloride,160mg,Tablet,Oral,02060200,Calcium-Channel Blockers,February 2009,1
77557,17439511000001102,00871020,0,Securon SR 240mg tablets (Mawdsley-Brooks & Company Ltd),Verapamil hydrochloride,240mg,Modified-release tablet,Oral,02060200,Calcium-Channel Blockers,August 2019,1
41073,14997911000001100,96409020,1208,Ranexa 500mg modified-release tablets (A. Menarini Farmaceutica Internazionale SRL),Ranolazine,500mg,Modified-release tablet,Oral,02060300,Other Anti-Angina Products,January 2010,1
42819,163525001000027100,69923020,26,Diltiazem xl 240mg Capsule (Hillcross Pharmaceuticals Ltd),Diltiazem hydrochloride,240mg,Modified-release capsule,Oral,02060200,Calcium-Channel Blockers,July 2010,1
50071,204365001000027100,77458020,0,Fenofibrate 160mg Tablet (Teva UK Ltd),Fenofibrate micronised,160mg,Tablet,Oral,02120300,Fibrates,January 2013,1
11810,41787211000001110,64112020,1586,Fluconazole 200mg/5ml oral suspension,Fluconazole,40mg/1ml,Oral suspension,Oral,05020100,Triazole Antifungals,February 2009,1
31783,9835611000001100,81036020,1,Fenogal 200mg capsules (Genus Pharmaceuticals Ltd),Fenofibrate,200mg,Capsule,Oral,02120300,Fibrates,February 2009,1
34691,113315001000027100,62856020,12,Warfarin 5mg Tablet (Regent Laboratories Ltd),Warfarin sodium,5mg,Tablet,Oral,02080200,Oral Anticoagulants,February 2009,1
48023,14694411000001102,75954020,3,Clarithromycin 500mg tablets (Actavis UK Ltd),Clarithromycin,500mg,Tablet,Oral,05010500,Macrolides,November 2012,1
48763,17856611000001100,07440020,675,Ciclosporin 25mg capsules (Phoenix Healthcare Distribution Ltd),Ciclosporin,25mg,Capsule,Oral,08020200/10010302/13050300,Corticosteroids And Other Immunosuppressants/Drugs Affecting The Immune Response In Rheumatic Disease/Drugs Affecting The Immune Response For Eczema And Psoriasis,January 2013,1
53752,739511000001109,02297020,2,Warfarin 1mg tablets (Alliance Healthcare (Distribution) Ltd),Warfarin sodium,1mg,Tablet,Oral,02080200,Oral Anticoagulants,February 2013,1
82324,17587211000001108,08416020,0,Arava 20mg tablets (Necessity Supplies Ltd),Leflunomide,20mg,Tablet,Oral,10010302,Drugs Affecting The Immune Response In Rheumatic Disease,January 2021,1
76559,32905811000001108,69937021,1,Norvir 100mg oral powder sachets (AbbVie Ltd),Ritonavir,100mg,Powder,Oral,05030151,Protease Inhibitors,June 2019,1
532,10435001000027102,49309020,33944,Erythroped 250mg/5ml Oral suspension (Abbott Laboratories Ltd),Erythromycin ethyl succinate,50mg/1ml,Oral suspension,Oral,05010500,Macrolides,February 2009,1
43409,751611000001108,56202020,649,Warfarin 5mg tablets (A A H Pharmaceuticals Ltd),Warfarin sodium,5mg,Tablet,Oral,02080200,Oral Anticoagulants,September 2010,1
20579,3691211000001101,85903020,4629,Tarka modified-release capsules (Abbott Laboratories Ltd),Verapamil hydrochloride/Trandolapril,180mg + 2mg,Modified-release capsule,Oral,02050501/02060200,Angiotensin-Converting Enzyme Inhibitors (ACE Inhibitors)/Calcium-Channel Blockers,February 2009,1
3118,181545001000027100,72560020,135608,Adizem sr 90mg Modified-release capsule (Napp Pharmaceuticals Ltd),Diltiazem hydrochloride,90mg,Modified-release capsule,Oral,02060200,Calcium-Channel Blockers,February 2009,1
30177,273611000001101,61118020,533,Erythromycin ethyl succinate 250mg/5ml oral suspension sugar free (IVAX Pharmaceuticals UK Ltd),Erythromycin ethyl succinate,50mg/1ml,Oral suspension,Oral,05010500,Macrolides,February 2009,1
1995,71715001000027104,57177020,168767,Diltiazem 12hr 120mg modified-release capsules,Diltiazem Hydrochloride,120mg,12 Hour Modified Release Capsules,Oral,02060200,Calcium-Channel Blockers,February 2009,1
62007,24408011000001100,24098021,371,Leflunomide 15mg tablets,Leflunomide,15mg,Tablet,Oral,10010302,Drugs Affecting The Immune Response In Rheumatic Disease,January 2015,1
62897,18103211000001100,05922020,0,Clarithromycin 250mg/5ml oral suspension (Phoenix Healthcare Distribution Ltd),Clarithromycin,50mg/1ml,Oral suspension,Oral,05010500,Macrolides,April 2015,1
83929,16547611000001102,77079020,0,Fenofibrate micronised 267mg capsules (Teva UK Ltd),Fenofibrate micronised,267mg,Capsule,Oral,02120300,Fibrates,June 2021,1
58787,883011000001107,02305020,1,Warfarin 5mg tablets (Alliance Healthcare (Distribution) Ltd),Warfarin sodium,5mg,Tablet,Oral,02080200,Oral Anticoagulants,February 2014,1
59002,13585711000001104,02409020,0,Bezafibrate 400mg modified-release tablets (DE Pharmaceuticals),Bezafibrate,400mg,Modified-release tablet,Oral,02120300,Fibrates,March 2014,1
74029,5619211000001106,01870020,129,Tildiem Retard 90mg tablets (Dowelhurst Ltd),Diltiazem hydrochloride,90mg,Modified-release tablet,Oral,02060200,Calcium-Channel Blockers,December 2018,1
61830,15080411000001108,05896020,0,Clarithromycin 125mg/5ml oral suspension (Sigma Pharmaceuticals Plc),Clarithromycin,25mg/1ml,Oral suspension,Oral,05010500,Macrolides,December 2014,1
70950,21979811000001104,47195020,2,Fenofibrate micronised 200mg capsules (Waymade Healthcare Plc),Fenofibrate micronised,200mg,Capsule,Oral,02120300,Fibrates,December 2017,1
73726,584211000001100,02301020,1,Warfarin 3mg tablets (Alliance Healthcare (Distribution) Ltd),Warfarin sodium,3mg,Tablet,Oral,02080200,Oral Anticoagulants,November 2018,1
55428,21854511000001108,47451020,1,Clarithromycin 250mg/5ml oral suspension (Waymade Healthcare Plc),Clarithromycin,50mg/1ml,Oral suspension,Oral,05010500,Macrolides,May 2013,1
41378,14998911000001104,96411020,316,Ranexa 750mg modified-release tablets (A. Menarini Farmaceutica Internazionale SRL),Ranolazine,750mg,Modified-release tablet,Oral,02060300,Other Anti-Angina Products,March 2010,1
34526,347911000001109,62804020,70,Warfarin 3mg tablets (Viatris UK Healthcare Ltd),Warfarin sodium,3mg,Tablet,Oral,02080200,Oral Anticoagulants,February 2009,1
73642,10138911000001108,72644020,0,Warfarin 1mg tablets (Zentiva Pharma UK Ltd),Warfarin sodium,1mg,Tablet,Oral,02080200,Oral Anticoagulants,November 2018,1
2663,181565001000027100,72565020,8234,Diltiazem 240mg modified-release capsules,Diltiazem Hydrochloride,240mg,Modified Release Capsules,Oral,02060200,Calcium-Channel Blockers,February 2009,1
13027,886511000001107,84423020,47274,Viazem XL 240mg capsules (Thornton & Ross Ltd),Diltiazem hydrochloride,240mg,Modified-release capsule,Oral,02060200,Calcium-Channel Blockers,February 2009,1
15006,28445001000027104,51559020,804,Sinthrome 4mg Tablet (Alliance Pharmaceuticals Ltd),Acenocoumarol,4mg,Tablet,Oral,02080200,Oral Anticoagulants,February 2009,1
84042,36621811000001104,85149021,0,Clarithromycin 250mg/5ml oral suspension (Accord-UK Ltd),Clarithromycin,50mg/1ml,Oral suspension,Oral,05010500,Macrolides,June 2021,1
67293,18633611000001108,00876020,188,Half Securon SR 120mg tablets (Mawdsley-Brooks & Company Ltd),Verapamil hydrochloride,120mg,Modified-release tablet,Oral,02060200,Calcium-Channel Blockers,August 2016,1
36879,11961711000001104,93932020,2647,Rasilez 300mg tablets (Noden Pharma DAC),Aliskiren hemifumarate,300mg,Tablet,Oral,02050503,Renin Inhibitors,February 2009,1
14429,160695001000027100,69485020,48,Erythromycin 125mg sprinkle capsules,Erythromycin,125mg,Capsules,Oral,05010500,Macrolides,February 2009,1
86445,28279311000001104,44174021,1,Aprepitant 40mg/5ml oral suspension,Aprepitant,8mg/1ml,Oral suspension,Oral,04065700,Products Used Against Nausea And Vertigo - Neurokinin Receptor Antagonist,July 2022,1
64857,28338911000001104,43098021,182,Vanquoral 100mg capsules (Teva UK Ltd),Ciclosporin,100mg,Capsule,Oral,08020200/10010302/13050300,Corticosteroids And Other Immunosuppressants/Drugs Affecting The Immune Response In Rheumatic Disease/Drugs Affecting The Immune Response For Eczema And Psoriasis,December 2015,1
81269,33686711000001100,73490021,2,Venetoclax 50mg tablets,Venetoclax,50mg,Tablet,Oral,08010500,Other Antineoplastic Drugs,July 2020,1
4231,319211000001101,74678020,143144,Neoral 50mg capsules (Novartis Pharmaceuticals UK Ltd),Ciclosporin,50mg,Capsule,Oral,08020200/10010302/13050300,Corticosteroids And Other Immunosuppressants/Drugs Affecting The Immune Response In Rheumatic Disease/Drugs Affecting The Immune Response For Eczema And Psoriasis,February 2009,1
33944,9526011000001100,71743020,1,Bezafibrate 200mg tablets (Teva UK Ltd),Bezafibrate,200mg,Tablet,Oral,02120300,Fibrates,February 2009,1
18404,4772111000001102,49568020,5769,Diltiazem 60mg modified-release capsules (A A H Pharmaceuticals Ltd),Diltiazem hydrochloride,60mg,Modified-release capsule,Oral,02060200,Calcium-Channel Blockers,February 2009,1
62172,25290611000001104,29553021,285253,Empagliflozin 25mg tablets,Empagliflozin,25mg,Tablet,Oral,06010205,SGLT2 Inhibitors (Gliflozins),January 2015,1
61001,9155811000001104,05893020,0,Clarithromycin 125mg/5ml oral suspension (Kent Pharma (UK) Ltd),Clarithromycin,25mg/1ml,Oral suspension,Oral,05010500,Macrolides,August 2014,1
79562,36621611000001104,85308021,0,Clarithromycin 125mg/5ml oral suspension (Accord-UK Ltd),Clarithromycin,25mg/1ml,Oral suspension,Oral,05010500,Macrolides,January 2020,1
2453,155455001000027100,68603020,25272,Diltiazem 60mg modified-release capsules,Diltiazem Hydrochloride,60mg,Modified Release Capsules,Oral,02060200,Calcium-Channel Blockers,February 2009,1
35851,7458711000001103,69369020,30,Fluconazole 50mg capsules (Ranbaxy (UK) Ltd),Fluconazole,50mg,Capsule,Oral,05020100,Triazole Antifungals,February 2009,1
79175,30800011000001104,60187021,4,Netupitant 300mg / Palonosetron hydrochloride 500micrograms capsules,Netupitant/Palonosetron hydrochloride,300mg + 500microgram,Capsule,Oral,04065600,Products Used Against Nausea And Vertigo - 5 HT3 Antagonists,December 2019,1
82342,19835611000001104,38964020,0,Warfarin 3mg tablets (APC Pharmaceuticals & Chemicals (Europe) Ltd),Warfarin sodium,3mg,Tablet,Oral,02080200,Oral Anticoagulants,January 2021,1
61223,17909311000001102,06198020,1,Fluconazole 150mg capsules (Phoenix Healthcare Distribution Ltd),Fluconazole,150mg,Capsule,Oral,05020100,Triazole Antifungals,September 2014,1
74616,35140911000001104,79497021,0,Clarithromycin 250mg tablets (Milpharm Ltd),Clarithromycin,250mg,Tablet,Oral,05010500,Macrolides,February 2019,1
54472,20165611000001104,39856020,1,Clarithromycin 250mg tablets (Accord-UK Ltd),Clarithromycin,250mg,Tablet,Oral,05010500,Macrolides,April 2013,1
64732,17902611000001100,05855020,1,Erythromycin ethyl succinate 125mg/5ml oral suspension sugar free (Phoenix Healthcare Distribution Ltd),Erythromycin ethyl succinate,25mg/1ml,Oral suspension,Oral,05010500,Macrolides,November 2015,1
46923,4330411000001108,65647020,2,Fluconazole 50mg capsules (Sandoz Ltd),Fluconazole,50mg,Capsule,Oral,05020100,Triazole Antifungals,March 2012,1
65085,27946811000001108,40586021,0,Zydelig 100mg tablets (Gilead Sciences Ltd),Idelalisib,100mg,Tablet,Oral,08010500,Other Antineoplastic Drugs,December 2015,1
14963,36031511000001110,87147020,3427,Nicotinic acid 500mg modified-release tablets,Nicotinic acid,500mg,Modified-release tablet,Oral,02120500,Nicotinic Acid Group,February 2009,1
19440,34711000001104,77223020,243,Disogram SR 300mg capsules (Ranbaxy (UK) Ltd),Diltiazem hydrochloride,300mg,Modified-release capsule,Oral,02060200,Calcium-Channel Blockers,February 2009,1
5234,119211000001108,76294020,127168,Slozem 180mg capsules (Zentiva Pharma UK Ltd),Diltiazem hydrochloride,180mg,Modified-release capsule,Oral,02060200,Calcium-Channel Blockers,February 2009,1
26267,159975001000027100,69393020,997,Optil sr 120mg Modified-release capsule (Opus Pharmaceuticals Ltd),Diltiazem Hydrochloride,120mg,Modified-Release Capsule,Oral,02060200,Calcium-Channel Blockers,February 2009,1
66505,32234311000001108,65936021,104,Fenofibrate 145mg / Simvastatin 40mg tablets,Simvastatin/Fenofibrate,40mg + 145mg,Tablet,Oral,02120300/02120400,Fibrates/Statins,June 2016,1
13503,319747001,65650020,7886,Phenindione 50mg tablets,Phenindione,50mg,Tablet,Oral,02080200,Oral Anticoagulants,February 2009,1
997,10455001000027104,49312020,80287,Erythroped pi 125mg/5ml Liquid (Abbott Laboratories Ltd),Erythromycin ethyl succinate,25mg/1ml,Oral suspension,Oral,05010500,Macrolides,February 2009,1
71680,30041111000001108,53527021,1,Clarithromycin 250mg/5ml oral suspension (DE Pharmaceuticals),Clarithromycin,50mg/1ml,Oral suspension,Oral,05010500,Macrolides,February 2018,1
82213,23903511000001100,21397021,0,Erythromycin ethyl succinate 250mg/5ml oral suspension sugar free (DE Pharmaceuticals),Erythromycin ethyl succinate,50mg/1ml,Oral suspension,Oral,05010500,Macrolides,November 2020,1
37796,98955001000027100,60839020,202,Erythromycin estolate 125mg/5ml suspension,Erythromycin Lactobionate,125mg/5ml,Suspension,Oral,05010500/13060201,Macrolides/Oral Antibacterials For Acne,February 2009,1
87935,40609111000001104,01985022,1,Glecaprevir 50mg / Pibrentasvir 20mg granules sachets sugar free,Pibrentasvir/Glecaprevir,20mg + 50mg,Granules,Oral,05030302,Chronic Hepatitis C,April 2023,1
29344,689511000001108,56957020,772,Erythromycin 250mg gastro-resistant tablets (Accord-UK Ltd),Erythromycin,250mg,Gastro-resistant tablet,Oral,05010500/13060201,Macrolides/Oral Antibacterials For Acne,February 2009,1
16695,6705001000027106,48844020,177,Daktarin 250mg Tablet (Janssen-Cilag Ltd),Miconazole Nitrate,250mg,Tablet,Oral,05020000,Antifungals,February 2009,1
31711,100911000001107,50800020,482,Verapamil 80mg tablets (A A H Pharmaceuticals Ltd),Verapamil hydrochloride,80mg,Tablet,Oral,02060200,Calcium-Channel Blockers,February 2009,1
34479,17198711000001106,66554020,24,Erythromycin 250mg gastro-resistant tablets (Sovereign Medical Ltd),Erythromycin,250mg,Gastro-resistant tablet,Oral,05010500/13060201,Macrolides/Oral Antibacterials For Acne,February 2009,1
26059,9742411000001104,89863020,161,Clarithromycin 187.5mg granules straws,Clarithromycin,187.5mg,Granules,Oral,00000000,Unknown,February 2009,1
65639,23428211000001104,20247021,0,Ciclosporin 100mg capsules (J M McGill Ltd),Ciclosporin,100mg,Capsule,Oral,08020200/10010302/13050300,Corticosteroids And Other Immunosuppressants/Drugs Affecting The Immune Response In Rheumatic Disease/Drugs Affecting The Immune Response For Eczema And Psoriasis,March 2016,1
29637,10910611000001108,89660020,7,Verapress MR 240mg tablets (Teva UK Ltd),Verapamil hydrochloride,240mg,Modified-release tablet,Oral,02060200,Calcium-Channel Blockers,February 2009,1
34231,12595001000027106,49622020,988,Erythromycin 125mg/5ml Liquid (Berk Pharmaceuticals Ltd),Erythromycin ethyl succinate,25mg/1ml,Oral suspension,Oral,05010500,Macrolides,February 2009,1
77268,32055001000027100,51981020,28,Warfarin 5mg Tablet (C P Pharmaceuticals Ltd),Warfarin sodium,5mg,Tablet,Oral,02080200,Oral Anticoagulants,July 2019,1
62993,20290411000001108,40596020,0,Leflunomide 20mg tablets (Sandoz Ltd),Leflunomide,20mg,Tablet,Oral,10010302,Drugs Affecting The Immune Response In Rheumatic Disease,April 2015,1
81754,170475001000027100,70843020,0,Warfarin 1mg Tablet (Forley Generics Ltd),Warfarin sodium,1mg,Tablet,Oral,02080200,Oral Anticoagulants,September 2020,1
34181,101665001000027100,61270020,135,Bezafibrate 400mg Modified-release tablet (Hillcross Pharmaceuticals Ltd),Bezafibrate,400mg,Modified-release tablet,Oral,02120300,Fibrates,February 2009,1
72645,19783511000001104,38844020,0,Leflunomide 20mg tablets (Actavis UK Ltd),Leflunomide,20mg,Tablet,Oral,10010302,Drugs Affecting The Immune Response In Rheumatic Disease,July 2018,1
48585,17429711000001104,37427020,398,Nicotinic acid 500mg capsules,Nicotinic acid,500mg,Capsule,Oral,09060200,Vitamin B Group,January 2013,1
21924,215725001000027100,81123020,19,Acetomenapthone 7mg / Nicotinic acid 25mg tablets,Nicotinic Acid/Acetomenaphthone,7mg + 25mg,Tablets,Oral,02060400,Peripheral Vasodilators And Related Products,February 2009,1
35494,10625411000001108,91131020,70,Kaletra 200mg/50mg tablets (AbbVie Ltd),Ritonavir/Lopinavir,50mg + 200mg,Tablet,Oral,05030151,Protease Inhibitors,February 2009,1
83684,38931411000001104,95249021,635,Bempedoic acid 180mg / Ezetimibe 10mg tablets,Bempedoic acid/Ezetimibe,180mg + 10mg,Tablet,Oral,02120700,Other Lipid-Regulating Products,April 2021,1
77077,12027111000001104,30483020,2,Diltiazem 10mg/5ml oral solution,Diltiazem hydrochloride,2mg/1ml,Oral solution,Oral,02060200,Calcium-Channel Blockers,July 2019,1
53745,16071411000001104,02302020,0,Warfarin 3mg tablets (Bristol Laboratories Ltd),Warfarin sodium,3mg,Tablet,Oral,02080200,Oral Anticoagulants,February 2013,1
62101,10286811000001108,06206020,1,Fluconazole 200mg capsules (Relonchem Ltd),Fluconazole,200mg,Capsule,Oral,05020100,Triazole Antifungals,January 2015,1
33603,7531411000001106,88794020,1341,Fibrazate XL 400mg tablets (Sandoz Ltd),Bezafibrate,400mg,Modified-release tablet,Oral,02120300,Fibrates,February 2009,1
62116,414011000001100,00821020,0,Amiodarone 100mg tablets (Alliance Healthcare (Distribution) Ltd),Amiodarone hydrochloride,100mg,Tablet,Oral,02030201,Supraventricular & Ventricular Arrhythmias,January 2015,1
