prodcode,dmdcode,gemscriptcode,therapyevents,productname,ingredient,strength,formulation,routeofadministration,bnfchapter,bnftext,databasebuild
9375,42035011000001104,83656020,1798,Deflazacort 1mg tablets,Deflazacort,1mg,Tablet,Oral,06030200,Glucocorticoid Therapy,February 2009
17410,42035111000001104,83655020,322,Deflazacort 30mg tablets,Deflazacort,30mg,Tablet,Oral,00000000,Unknown,February 2009
10934,3409611000001103,51213020,2054,Predenema 20mg/100ml long tube (Forest Laboratories UK Ltd),Prednisolone,200microgram/1ml,Enema,Rectal,00000000,Unknown,February 2009
4488,144905001000027100,67171020,8623,Triamcinolone acetonide 40mg/ml IA/IM,Triamcinolone Acetonide,40mg/ml,Intra-Articular / Intramuscular Injection,,06030200/10010202,Glucocorticoid Therapy/Local Corticosteroid Injections,February 2009
72848,34743111000001108,78408021,23,Glensoludex 2mg soluble tablets (Glenmark Pharmaceuticals Europe Ltd),Dexamethasone sodium phosphate,2mg,Soluble tablet,Oral,06030200/64090000,Glucocorticoid Therapy/Diagnostic Test Of Adrenocortical Insufficiency,August 2018
64787,17973911000001104,77481020,10,Hydrocortisone 10mg tablets (Almus Pharmaceuticals Ltd),Hydrocortisone,10mg,Tablet,Oral,06030200,Glucocorticoid Therapy,November 2015
35578,35921811000001104,91304020,533,Triamcinolone acetonide 50mg/5ml suspension for injection vials,Triamcinolone acetonide,10mg/1ml,Suspension for injection,Intraarticular/Intradermal,10010202,Local Corticosteroid Injections,February 2009
24224,77745001000027100,57954020,7,Codelsol 16mg/ml Injection (MSD Thomas Morson Pharmaceuticals),Prednisolone Sodium Phosphate,16mg/ml,Injection,,06030200/10010202,Glucocorticoid Therapy/Local Corticosteroid Injections,February 2009
51167,4182611000001108,13779020,2123,Solu-Cortef 100mg powder and solvent for solution for injection vials (Pfizer Ltd),Hydrocortisone sodium succinate,100mg,Powder and solvent for solution for injection,Intramuscular/Intravenous,06030200,Glucocorticoid Therapy,January 2013
77081,12030511000001104,30531020,6,Fludrocortisone 30micrograms/5ml oral suspension,Fludrocortisone acetate,6microgram/1ml,Oral suspension,Oral,06030100,Replacement Corticosteroids For Endocrine Conditions,July 2019
69572,11716511000001106,29807020,2,Dexamethasone 4mg/5ml oral suspension,Dexamethasone,800microgram/1ml,Oral suspension,Oral,03020000/04065300/06030200,Corticosteroids (For Respiratory Conditions)/Products Used Against Nausea And Vertigo - Cytotoxic Chemotherapy/Glucocorticoid Therapy,May 2017
57931,18394311000001100,78292020,0,Hydrocortisone 20mg tablets (Teva UK Ltd),Hydrocortisone,20mg,Tablet,Oral,06030200,Glucocorticoid Therapy,December 2013
75414,36375411000001104,82646021,29,Prednisolone 20mg/100ml rectal solution (RPH Pharmaceuticals AB),Prednisolone sodium phosphate,200microgram/1ml,Enema,Rectal,01050200,Corticosteroids In Chronic Bowel Problems,April 2019
83086,8515411000001107,19915020,40,Fludrocortisone 125micrograms/5ml oral suspension,Fludrocortisone acetate,25microgram/1ml,Oral suspension,Oral,06030100,Replacement Corticosteroids For Endocrine Conditions,February 2021
56347,8452411000001101,19689020,7,Dexamethasone 5mg/5ml oral solution,Dexamethasone,1mg/1ml,Oral solution,Oral,03020000/04065300/06030200,Corticosteroids (For Respiratory Conditions)/Products Used Against Nausea And Vertigo - Cytotoxic Chemotherapy/Glucocorticoid Therapy,August 2013
85545,33634511000001104,71110021,0,Dexamethasone 2mg tablets (Accord-UK Ltd),Dexamethasone,2mg,Tablet,Oral,06030200/64090000,Glucocorticoid Therapy/Diagnostic Test Of Adrenocortical Insufficiency,January 2022
64050,19792911000001108,00766021,2,Martapan 2mg/5ml oral solution (Martindale Pharmaceuticals Ltd),Dexamethasone sodium phosphate,400microgram/1ml,Oral solution,Oral,03020000/04065300/06030200,Corticosteroids (For Respiratory Conditions)/Products Used Against Nausea And Vertigo - Cytotoxic Chemotherapy/Glucocorticoid Therapy,August 2015
77849,8429011000001104,19595020,1,Dexamethasone 1mg/5ml oral suspension,Dexamethasone,200microgram/1ml,Oral suspension,Oral,03020000/04065300/06030200,Corticosteroids (For Respiratory Conditions)/Products Used Against Nausea And Vertigo - Cytotoxic Chemotherapy/Glucocorticoid Therapy,August 2019
81107,28040011000001104,42993021,0,Dexamethasone (base) 3.8mg/1ml solution for injection vials (Alliance Healthcare (Distribution) Ltd),Dexamethasone sodium phosphate,3.8mg/1ml,Solution for injection,Intrabursal/Intraarticular/Intravenous/Intramuscular/Rectal/Subcutaneous,06030200/10010202,Glucocorticoid Therapy/Local Corticosteroid Injections,July 2020
64007,28799311000001104,46602021,100,Pevanti 10mg tablets (Advanz Pharma),Prednisolone,10mg,Tablet,Oral,01050200/03020000/05011000/05040800/06030200/08020200/10010201,Corticosteroids In Chronic Bowel Problems/Corticosteroids (For Respiratory Conditions)/Antileprotic Drugs/Drugs For Pneumocystis Pneumonia/Glucocorticoid Therapy/Corticosteroids And Other Immunosuppressants/Systemic Corticosteroids (In Musculoskeletal And Joint Conditions),August 2015
5157,196715001000027100,75321020,889,Dexamethasone 2mg/5ml oral solution,Dexamethasone,2mg/5ml,Oral Solution,Oral,06030200,Glucocorticoid Therapy,February 2009
66287,32072011000001104,62215021,341,Dexamethasone 8mg soluble tablets sugar free,Dexamethasone sodium phosphate,8mg,Soluble tablet,Oral,06030200/64090000,Glucocorticoid Therapy/Diagnostic Test Of Adrenocortical Insufficiency,June 2016
32803,512811000001108,50401020,3465,Prednisolone 5mg gastro-resistant tablets (Accord-UK Ltd),Prednisolone,5mg,Gastro-resistant tablet,Oral,01050200/03020000/05011000/05040800/06030200/08020200/10010201,Corticosteroids In Chronic Bowel Problems/Corticosteroids (For Respiratory Conditions)/Antileprotic Drugs/Drugs For Pneumocystis Pneumonia/Glucocorticoid Therapy/Corticosteroids And Other Immunosuppressants/Systemic Corticosteroids (In Musculoskeletal And Joint Conditions),February 2009
69678,19208211000001104,78137020,1,Prednisolone 20mg/application foam enema (Essential Generics Ltd),Prednisolone sodium metasulfobenzoate,20mg/1application,Rectal foam,Rectal,01050200,Corticosteroids In Chronic Bowel Problems,June 2017
79930,17916411000001100,06620020,0,Prednisolone 2.5mg gastro-resistant tablets (Phoenix Healthcare Distribution Ltd),Prednisolone,2.5mg,Gastro-resistant tablet,Oral,01050200/03020000/05011000/05040800/06030200/08020200/10010201,Corticosteroids In Chronic Bowel Problems/Corticosteroids (For Respiratory Conditions)/Antileprotic Drugs/Drugs For Pneumocystis Pneumonia/Glucocorticoid Therapy/Corticosteroids And Other Immunosuppressants/Systemic Corticosteroids (In Musculoskeletal And Joint Conditions),February 2020
68130,21679011000001104,46321020,8,Prednisolone sodium phosphate 5mg suppositories (A A H Pharmaceuticals Ltd),Prednisolone sodium phosphate,5mg,Suppository,Rectal,01050200,Corticosteroids In Chronic Bowel Problems,November 2016
13952,78065001000027100,57986020,267,Decadron 4mg/ml Injection (MSD Thomas Morson Pharmaceuticals),Dexamethasone Sodium Phosphate,4mg/ml,Injection,Intravenous Injection,06030200/10010202,Glucocorticoid Therapy/Local Corticosteroid Injections,February 2009
37500,4052511000001106,92436020,867,Dexamethasone (base) 6.6mg/2ml solution for injection vials,Dexamethasone sodium phosphate,3.3mg/1ml,Solution for injection,Intravenous/Intrabursal/Intraarticular/Intramuscular,06030200/10010202,Glucocorticoid Therapy/Local Corticosteroid Injections,February 2009
20577,224015001000027100,83660020,2351,Calcort 6mg Tablet (Shire Pharmaceuticals Ltd),Deflazacort,6mg,Tablet,Oral,06030200/08020200,Glucocorticoid Therapy/Corticosteroids And Other Immunosuppressants,February 2009
64475,8515811000001109,19923020,58,Fludrocortisone 25micrograms/5ml oral suspension,Fludrocortisone acetate,5microgram/1ml,Oral suspension,Oral,06030100,Replacement Corticosteroids For Endocrine Conditions,October 2015
76173,3391111000001102,11447020,114,Generic Anugesic-HC suppositories,Peru Balsam/Zinc oxide/Pramocaine hydrochloride/Benzyl benzoate/Bismuth oxide/Bismuth subgallate/Hydrocortisone acetate,49mg + 296mg + 27mg + 33mg + 24mg + 59mg + 5mg,Suppository,Rectal,01070200,Compound Haemorrhoid Products With Corticosteroids,May 2019
14188,4195411000001101,64579020,277,Methylprednisolone sodium succinate 500mg powder and solvent for solution for injection vials,Methylprednisolone sodium succinate,500mg,Powder and solvent for solution for injection,Intramuscular/Intravenous,06030200/10010202,Glucocorticoid Therapy/Local Corticosteroid Injections,February 2009
22434,55915001000027104,54996020,5,Hydrocortisone acetate Powder,Hydrocortisone Acetate,,Powder,,50000000,Ingredients,February 2009
14695,225275001000027100,83998020,7253,Prednisolone 1.3mg with cinchocaine 1mg suppositories,Cinchocaine Hydrochloride/Prednisolone Caproate,1.3mg + 1mg,Suppository,Rectal,01070200,Compound Haemorrhoid Products With Corticosteroids,February 2009
26454,78075001000027100,57987020,5,Decadron 4mg/ml Injection (MSD Thomas Morson Pharmaceuticals),Dexamethasone Sodium Phosphate,4mg/ml,Injection,Intravenous Injection,06030200/10010202,Glucocorticoid Therapy/Local Corticosteroid Injections,February 2009
1893,3017511000001100,49867020,58129,Hydrocortistab 25mg/1ml suspension for injection ampoules (Advanz Pharma),Hydrocortisone acetate,25mg/1ml,Suspension for injection,Intraarticular/Periarticular,10010202,Local Corticosteroid Injections,February 2009
75384,8581411000001107,20235020,2,Hydrocortisone 20mg/5ml oral suspension,Hydrocortisone,4mg/1ml,Oral suspension,Oral,06030200,Glucocorticoid Therapy,March 2019
23210,6245001000027108,48788020,24,Cortistab 5mg Tablet (Waymade Healthcare Plc),Cortisone Acetate,5mg,Tablet,Oral,06030100/06030200,Replacement Corticosteroids For Endocrine Conditions/Glucocorticoid Therapy,February 2009
20157,769111000001105,92063020,147605,Depo-Medrone with Lidocaine suspension for injection 2ml vials (Pfizer Ltd),Methylprednisolone acetate/Lidocaine hydrochloride,40mg/1ml + 10mg/1ml,Suspension for injection,Intraarticular/Intrabursal/Periarticular,10010202,Local Corticosteroid Injections,February 2009
34631,111515001000027100,62620020,17,Prednisolone 1mg Tablet (Co-Pharma Ltd),Prednisolone,1mg,Tablet,Oral,06030200,Glucocorticoid Therapy,February 2009
7992,16835001000027104,50153020,1130,Lederspan 5mg/ml Injection (Wyeth Pharmaceuticals),Triamcinolone Hexacetonide,5mg/ml,Injection,Intralesional Injection,10010202,Local Corticosteroid Injections,February 2009
77085,11715411000001104,29785020,4,Dexamethasone 16mg/5ml oral solution,Dexamethasone,3.2mg/1ml,Oral solution,Oral,03020000/04065300/06030200,Corticosteroids (For Respiratory Conditions)/Products Used Against Nausea And Vertigo - Cytotoxic Chemotherapy/Glucocorticoid Therapy,July 2019
12400,6285001000027104,48793020,1263,Cortisyl 25mg Tablet (Aventis Pharma),Cortisone acetate,25mg,Tablet,Oral,06030100/06030200,Replacement Corticosteroids For Endocrine Conditions/Glucocorticoid Therapy,February 2009
54794,21496311000001104,46189020,524,Hydrocortisone 20mg modified-release tablets,Hydrocortisone,20mg,Modified-release tablet,Oral,06030200,Glucocorticoid Therapy,April 2013
53336,716111000001103,06634020,1,Prednisolone 25mg tablets (A A H Pharmaceuticals Ltd),Prednisolone,25mg,Tablet,Oral,01050200/03020000/06030200/08020200/10010201,Corticosteroids In Chronic Bowel Problems/Corticosteroids (For Respiratory Conditions)/Glucocorticoid Therapy/Corticosteroids And Other Immunosuppressants/Systemic Corticosteroids (In Musculoskeletal And Joint Conditions),January 2013
51871,15436911000001100,36273020,4,Hydrocortisone 2mg capsules,Hydrocortisone,2mg,Capsule,Oral,06030200,Glucocorticoid Therapy,January 2013
23111,144855001000027100,67164020,348,Triamcinolone 4mg Tablet,Triamcinolone Acetonide,4mg,Tablet,Oral,06030200,Glucocorticoid Therapy,February 2009
85626,40103511000001104,99921021,19,Hydrocortisone 5mg modified-release capsules,Hydrocortisone,5mg,Modified-release capsule,Oral,06030200,Glucocorticoid Therapy,February 2022
2342,3416911000001102,54528020,37250,Predsol 20mg/100ml retention enema (RPH Pharmaceuticals AB),Prednisolone sodium phosphate,200microgram/1ml,Enema,Rectal,01050200,Corticosteroids In Chronic Bowel Problems,February 2009
59229,22520311000001108,16434021,3,Dilacort 5mg gastro-resistant tablets (Auden McKenzie (Pharma Division) Ltd),Prednisolone,5mg,Gastro-resistant tablet,Oral,01050200/03020000/05011000/05040800/06030200/08020200/10010201,Corticosteroids In Chronic Bowel Problems/Corticosteroids (For Respiratory Conditions)/Antileprotic Drugs/Drugs For Pneumocystis Pneumonia/Glucocorticoid Therapy/Corticosteroids And Other Immunosuppressants/Systemic Corticosteroids (In Musculoskeletal And Joint Conditions),March 2014
48746,17341411000001106,06598020,43,Depo-Medrone 40mg/1ml suspension for injection vials (Mawdsley-Brooks & Company Ltd),Methylprednisolone acetate,40mg/1ml,Suspension for injection,Intraarticular/Periarticular/Intrabursal/Intramuscular/Intralesional,06030200/10010202,Glucocorticoid Therapy/Local Corticosteroid Injections,January 2013
66633,19565211000001104,09689020,4,Prednisolone 20mg/application foam enema (Alliance Healthcare (Distribution) Ltd),Prednisolone sodium metasulfobenzoate,20mg/1application,Rectal foam,Rectal,01050200,Corticosteroids In Chronic Bowel Problems,July 2016
53953,21496411000001104,46191020,1949,Hydrocortisone 5mg modified-release tablets,Hydrocortisone,5mg,Modified-release tablet,Oral,06030200,Glucocorticoid Therapy,March 2013
37622,246925001000027100,92991020,5,Fludrocortisone Capsule,Fludrocortisone Acetate,,Capsule,Oral,06030100,Replacement Corticosteroids For Endocrine Conditions,February 2009
34748,238511000001107,54228020,2117,Prednisolone 1mg tablets (Teva UK Ltd),Prednisolone,1mg,Tablet,Oral,01050200/03020000/05011000/05040800/06030200/08020200/10010201,Corticosteroids In Chronic Bowel Problems/Corticosteroids (For Respiratory Conditions)/Antileprotic Drugs/Drugs For Pneumocystis Pneumonia/Glucocorticoid Therapy/Corticosteroids And Other Immunosuppressants/Systemic Corticosteroids (In Musculoskeletal And Joint Conditions),February 2009
19179,164685001000027100,70072020,5,Benzyl benzoate with hydrocortisone and soothing agents suppository,Peru Balsam/Zinc Oxide/Benzyl Benzoate/Hydrocortisone Acetate/Pramocaine Hydrochloride/Bismuth Oxide/Bismuth Subgallate,,Suppository,Rectal,01070200,Compound Haemorrhoid Products With Corticosteroids,February 2009
75065,35700311000001104,82218021,214,Alkindi 2mg granules in capsules for opening (Diurnal Ltd),Hydrocortisone,2mg,Granules,Oral,06030200,Glucocorticoid Therapy,February 2019
12405,4396811000001102,64583020,5,Methylprednisolone sodium succinate 2g powder and solvent for solution for injection vials,Methylprednisolone sodium succinate,2gram,Powder and solvent for solution for injection,Intramuscular/Intravenous,06030200/10010202,Glucocorticoid Therapy/Local Corticosteroid Injections,February 2009
15164,3441811000001107,71945020,8139,Cinchocaine 1mg / Prednisolone hexanoate 1.3mg suppositories,Cinchocaine hydrochloride/Prednisolone hexanoate,1mg + 1.3mg,Suppository,Rectal,01070200,Compound Haemorrhoid Products With Corticosteroids,February 2009
63214,157711000001100,06629020,42,Prednisolone 5mg soluble tablets (Alliance Healthcare (Distribution) Ltd),Prednisolone sodium phosphate,5mg,Soluble tablet,Oral,01050200/03020000/05011000/05040800/06030200/08020200/10010201,Corticosteroids In Chronic Bowel Problems/Corticosteroids (For Respiratory Conditions)/Antileprotic Drugs/Drugs For Pneumocystis Pneumonia/Glucocorticoid Therapy/Corticosteroids And Other Immunosuppressants/Systemic Corticosteroids (In Musculoskeletal And Joint Conditions),May 2015
35688,36034611000001104,92105020,2653,Methylprednisolone acetate 120mg/3ml suspension for injection vials,Methylprednisolone acetate,40mg/1ml,Suspension for injection,Intramuscular/Intraarticular/Periarticular/Intralesional/Intrabursal,06030200/10010202,Glucocorticoid Therapy/Local Corticosteroid Injections,February 2009
34914,18935001000027104,50404020,2,Prednisolone 1mg Tablet (Celltech Pharma Europe Ltd),Prednisolone,1mg,Tablet,Oral,06030200,Glucocorticoid Therapy,February 2009
34221,164515001000027100,70053020,17,Prednisolone suppositories,Prednisolone,,Suppository,Rectal,01050200,Corticosteroids In Chronic Bowel Problems,February 2009
83665,37420111000001104,88997021,0,Depo-Medrone with Lidocaine suspension for injection 1ml vials (CST Pharma Ltd),Methylprednisolone acetate/Lidocaine hydrochloride,40mg/1ml + 10mg/1ml,Suspension for injection,Intraarticular/Intrabursal/Periarticular,10010202,Local Corticosteroid Injections,April 2021
54434,13079211000001104,33907020,4,Prednisolone 2.5mg/5ml oral suspension,Prednisolone,500microgram/1ml,Oral suspension,Oral,01050200/03020000/05011000/05040800/06030200/08020200/10010201/10020100,Corticosteroids In Chronic Bowel Problems/Corticosteroids (For Respiratory Conditions)/Antileprotic Drugs/Drugs For Pneumocystis Pneumonia/Glucocorticoid Therapy/Corticosteroids And Other Immunosuppressants/Systemic Corticosteroids (In Musculoskeletal And Joint Conditions)/Drugs Which Enhance Neuromuscular Transmission,April 2013
52053,12554911000001104,32204020,2,Hydrocortisone 3mg/5ml oral suspension,Hydrocortisone,600microgram/1ml,Oral suspension,Oral,06030200,Glucocorticoid Therapy,January 2013
66666,18392311000001108,78289020,0,Hydrocortisone 10mg tablets (Teva UK Ltd),Hydrocortisone,10mg,Tablet,Oral,06030200,Glucocorticoid Therapy,July 2016
2439,325336004,61943020,687636,Fludrocortisone 100microgram tablets,Fludrocortisone acetate,100microgram,Tablet,Oral,06030100,Replacement Corticosteroids For Endocrine Conditions,February 2009
2130,325412002,64573020,3430,Methylprednisolone 4mg tablets,Methylprednisolone,4mg,Tablet,Oral,06030200,Glucocorticoid Therapy,February 2009
86835,28418711000001104,44831021,11,Hydrocortisone 5mg/5ml oral solution (Special Order),Hydrocortisone,1mg/1ml,Oral solution,Oral,06030200,Glucocorticoid Therapy,October 2022
28376,29785001000027104,51722020,48,Prednisolone 2.5mg Gastro-resistant tablet (Biorex Laboratories Ltd),Prednisolone,2.5mg,Gastro-resistant tablet,Oral,06030200,Glucocorticoid Therapy,February 2009
86017,40306811000001104,00790022,17,Dexamethasone 20mg soluble tablets sugar free,Dexamethasone sodium phosphate,20mg,Soluble tablet,Oral,06030200/64090000,Glucocorticoid Therapy/Diagnostic Test Of Adrenocortical Insufficiency,April 2022
45234,8792611000001104,91780020,15,Dexamethasone 100microgram capsules,Dexamethasone,100microgram,Capsule,Oral,03020000/04065300/06030200,Corticosteroids (For Respiratory Conditions)/Products Used Against Nausea And Vertigo - Cytotoxic Chemotherapy/Glucocorticoid Therapy,May 2011
34781,350611000001104,65526020,20,Prednisolone 5mg tablets (Kent Pharma (UK) Ltd),Prednisolone,5mg,Tablet,Oral,01050200/03020000/05011000/05040800/06030200/08020200/10010201,Corticosteroids In Chronic Bowel Problems/Corticosteroids (For Respiratory Conditions)/Antileprotic Drugs/Drugs For Pneumocystis Pneumonia/Glucocorticoid Therapy/Corticosteroids And Other Immunosuppressants/Systemic Corticosteroids (In Musculoskeletal And Joint Conditions),February 2009
68103,32400911000001104,65918021,1,Dexamethasone 2mg soluble tablets sugar free (A A H Pharmaceuticals Ltd),Dexamethasone sodium phosphate,2mg,Soluble tablet,Oral,06030200/64090000,Glucocorticoid Therapy/Diagnostic Test Of Adrenocortical Insufficiency,November 2016
77646,8581511000001106,20237020,30,Hydrocortisone 25mg/5ml oral suspension,Hydrocortisone,5mg/1ml,Oral suspension,Oral,06030200,Glucocorticoid Therapy,August 2019
3754,73735001000027100,57434020,2105,Hydrocortisone na succinate 100mg/vial Injection,Hydrocortisone Sodium Succinate,100mg/vial,Injection,Intravenous Injection,06030100/06030200,Replacement Corticosteroids For Endocrine Conditions/Glucocorticoid Therapy,February 2009
21903,41195001000027104,53177020,61,Oradexon-organon 2mg Tablet (Organon Laboratories Ltd),Dexamethasone,2mg,Tablet,Oral,06030200,Glucocorticoid Therapy,February 2009
5913,459611000001100,53819020,48329,Deltacortril 2.5mg gastro-resistant tablets (Phoenix Labs Ltd),Prednisolone,2.5mg,Gastro-resistant tablet,Oral,01050200/03020000/05011000/05040800/06030200/08020200/10010201,Corticosteroids In Chronic Bowel Problems/Corticosteroids (For Respiratory Conditions)/Antileprotic Drugs/Drugs For Pneumocystis Pneumonia/Glucocorticoid Therapy/Corticosteroids And Other Immunosuppressants/Systemic Corticosteroids (In Musculoskeletal And Joint Conditions),February 2009
38022,8581111000001102,94691020,1558,Hydrocortisone 10mg/5ml oral suspension,Hydrocortisone,2mg/1ml,Oral suspension,Oral,06030200,Glucocorticoid Therapy,February 2009
54715,13871211000001104,35238020,244,Solu-Cortef 100mg powder for solution for injection vials (Pfizer Ltd),Hydrocortisone sodium succinate,100mg,Powder for solution for injection,Intramuscular/Intravenous,06030200,Glucocorticoid Therapy,April 2013
44,325443009,66163020,5421611,Prednisolone 5mg gastro-resistant tablets,Prednisolone,5mg,Gastro-resistant tablet,Oral,01050200/03020000/05011000/05040800/06030200/08020200/10010201,Corticosteroids In Chronic Bowel Problems/Corticosteroids (For Respiratory Conditions)/Antileprotic Drugs/Drugs For Pneumocystis Pneumonia/Glucocorticoid Therapy/Corticosteroids And Other Immunosuppressants/Systemic Corticosteroids (In Musculoskeletal And Joint Conditions),February 2009
86935,40609311000001104,02061022,2,Hydrocortisone 20mg dispersible tablets sugar free,Hydrocortisone,20mg,Dispersible tablet,Oral,06030100,Replacement Corticosteroids For Endocrine Conditions,October 2022
14906,4052711000001101,89887020,7391,Dexamethasone 4mg/1ml solution for injection ampoules,Dexamethasone sodium phosphate,4mg/1ml,Solution for injection,Rectal/Intramuscular/Intraarticular/Intrabursal/Intravenous/Subcutaneous,06030200/10010202,Glucocorticoid Therapy/Local Corticosteroid Injections,February 2009
48406,35921711000001108,11073020,12395,Triamcinolone acetonide 40mg/1ml suspension for injection vials,Triamcinolone acetonide,40mg/1ml,Suspension for injection,Intraarticular/Intramuscular,06030200/10010202,Glucocorticoid Therapy/Local Corticosteroid Injections,January 2013
45302,29805001000027104,51724020,1,Prednisolone 5mg Tablet (Biorex Laboratories Ltd),Prednisolone,5mg,Tablet,Oral,06030200,Glucocorticoid Therapy,May 2011
26299,67855001000027110,56573020,4,Oradexon-organon 4mg/ml Intraarticular injection (Organon Laboratories Ltd),Dexamethasone Sodium Phosphate,4mg/ml,Intraarticular Injection,,06030200/10010202,Glucocorticoid Therapy/Local Corticosteroid Injections,February 2009
229,325349009,61624020,32609,Cortisone 25mg tablets,Cortisone acetate,25mg,Tablet,Oral,06030200,Glucocorticoid Therapy,February 2009
86677,40609411000001104,01983022,29,Hydrocortisone 5mg dispersible tablets sugar free,Hydrocortisone,5mg,Dispersible tablet,Oral,06030100,Replacement Corticosteroids For Endocrine Conditions,August 2022
70611,11716211000001108,29801020,2,Dexamethasone 3mg/5ml oral solution,Dexamethasone,600microgram/1ml,Oral solution,Oral,03020000/04065300/06030200,Corticosteroids (For Respiratory Conditions)/Products Used Against Nausea And Vertigo - Cytotoxic Chemotherapy/Glucocorticoid Therapy,November 2017
82432,19743011000001108,38569020,0,Prednisolone 2.5mg gastro-resistant tablets (Almus Pharmaceuticals Ltd),Prednisolone,2.5mg,Gastro-resistant tablet,Oral,01050200/03020000/05011000/05040800/06030200/08020200/10010201,Corticosteroids In Chronic Bowel Problems/Corticosteroids (For Respiratory Conditions)/Antileprotic Drugs/Drugs For Pneumocystis Pneumonia/Glucocorticoid Therapy/Corticosteroids And Other Immunosuppressants/Systemic Corticosteroids (In Musculoskeletal And Joint Conditions),January 2021
14962,89311000001109,91320020,4236,Adcortyl Intra-articular / Intradermal 50mg/5ml suspension for injection vials (Bristol-Myers Squibb Pharmaceuticals Ltd),Triamcinolone acetonide,10mg/1ml,Suspension for injection,Intraarticular/Intradermal,10010202,Local Corticosteroid Injections,February 2009
38407,244685001000027100,92115020,22,Prednisolone 20mg tablet,Prednisolone,20mg,Tablets,Oral,06030200,Glucocorticoid Therapy,February 2009
81344,37130211000001110,87030021,0,Prednisolone 2.5mg gastro-resistant tablets (Mawdsley-Brooks & Company Ltd),Prednisolone,2.5mg,Gastro-resistant tablet,Oral,01050200/03020000/05011000/05040800/06030200/08020200/10010201,Corticosteroids In Chronic Bowel Problems/Corticosteroids (For Respiratory Conditions)/Antileprotic Drugs/Drugs For Pneumocystis Pneumonia/Glucocorticoid Therapy/Corticosteroids And Other Immunosuppressants/Systemic Corticosteroids (In Musculoskeletal And Joint Conditions),July 2020
77708,36827211000001104,85504021,27,Prednisolone 20mg/100ml rectal solution (Alliance Healthcare (Distribution) Ltd),Prednisolone sodium phosphate,200microgram/1ml,Enema,Rectal,01050200,Corticosteroids In Chronic Bowel Problems,August 2019
67076,13079311000001108,33909020,17,Prednisolone 20mg/5ml oral solution,Prednisolone,4mg/1ml,Oral solution,Oral,01050200/03020000/05011000/05040800/06030200/08020200/10010201/10020100,Corticosteroids In Chronic Bowel Problems/Corticosteroids (For Respiratory Conditions)/Antileprotic Drugs/Drugs For Pneumocystis Pneumonia/Glucocorticoid Therapy/Corticosteroids And Other Immunosuppressants/Systemic Corticosteroids (In Musculoskeletal And Joint Conditions)/Drugs Which Enhance Neuromuscular Transmission,August 2016
28859,47615001000027104,54005020,4,Deltastab 5mg Tablet (Waymade Healthcare Plc),Prednisolone,5mg,Tablet,Oral,06030200,Glucocorticoid Therapy,February 2009
18266,4396711000001105,72923020,133,Methylprednisolone sodium succinate 125mg powder and solvent for solution for injection vials,Methylprednisolone sodium succinate,125mg,Powder and solvent for solution for injection,Intramuscular/Intravenous,06030200/10010202,Glucocorticoid Therapy/Local Corticosteroid Injections,February 2009
14335,911211000001105,91318020,22628,Adcortyl Intra-articular / Intradermal 10mg/1ml suspension for injection ampoules (Bristol-Myers Squibb Pharmaceuticals Ltd),Triamcinolone acetonide,10mg/1ml,Suspension for injection,Intraarticular/Intradermal,10010202,Local Corticosteroid Injections,February 2009
50216,793711000001105,06637020,307,Kenalog Intramuscular 40mg/1ml suspension for injection pre-filled syringes (Bristol-Myers Squibb Pharmaceuticals Ltd),Triamcinolone acetonide,40mg/1ml,Suspension for injection,Intramuscular,00000000,Unknown,January 2013
61162,21851411000001104,47497020,0,Prednisolone 5mg tablets (Waymade Healthcare Plc),Prednisolone,5mg,Tablet,Oral,01050200/03020000/05011000/05040800/06030200/08020200/10010201,Corticosteroids In Chronic Bowel Problems/Corticosteroids (For Respiratory Conditions)/Antileprotic Drugs/Drugs For Pneumocystis Pneumonia/Glucocorticoid Therapy/Corticosteroids And Other Immunosuppressants/Systemic Corticosteroids (In Musculoskeletal And Joint Conditions),September 2014
19908,144845001000027100,67163020,211,Triamcinolone 2mg Tablet,Triamcinolone Acetonide,2mg,Tablet,Oral,06030200,Glucocorticoid Therapy,February 2009
6098,197211000001101,58008020,16324,Hydrocortone 10mg tablets (Auden McKenzie (Pharma Division) Ltd),Hydrocortisone,10mg,Tablet,Oral,06030200,Glucocorticoid Therapy,February 2009
13972,175775001000027100,71641020,565,Dexamethasone sodium phosphate 5mg/ml injection,Dexamethasone Sodium Phosphate,5mg/ml,Injection,,06030200/10010202,Glucocorticoid Therapy/Local Corticosteroid Injections,February 2009
83480,17967911000001108,77487020,0,Dexamethasone 2mg tablets (Almus Pharmaceuticals Ltd),Dexamethasone,2mg,Tablet,Oral,06030200/64090000,Glucocorticoid Therapy/Diagnostic Test Of Adrenocortical Insufficiency,April 2021
68693,12030011000001106,30521020,1,Fludrocortisone 10micrograms/5ml oral suspension,Fludrocortisone acetate,2microgram/1ml,Oral suspension,Oral,06030100,Replacement Corticosteroids For Endocrine Conditions,January 2017
65984,13661711000001104,75399020,101,Hydrocortisone 10mg tablets (Accord-UK Ltd),Hydrocortisone,10mg,Tablet,Oral,06030200,Glucocorticoid Therapy,April 2016
80553,37743911000001104,90103021,0,Dexamethasone 4mg tablets (CST Pharma Ltd),Dexamethasone,4mg,Tablet,Oral,06030200,Glucocorticoid Therapy,April 2020
64747,11716011000001104,29797020,90,Dexamethasone 2mg/5ml oral solution,Dexamethasone,400microgram/1ml,Oral solution,Oral,03020000/04065300/06030200,Corticosteroids (For Respiratory Conditions)/Products Used Against Nausea And Vertigo - Cytotoxic Chemotherapy/Glucocorticoid Therapy,November 2015
63138,28422811000001104,44830021,446,Hydrocortisone 5mg/5ml oral solution,Hydrocortisone,1mg/1ml,Oral solution,Oral,06030200,Glucocorticoid Therapy,May 2015
48800,18572811000001104,06599020,22,Depo-Medrone 40mg/1ml suspension for injection vials (DE Pharmaceuticals),Methylprednisolone acetate,40mg/1ml,Suspension for injection,Intraarticular/Periarticular/Intrabursal/Intramuscular/Intralesional,06030200/10010202,Glucocorticoid Therapy/Local Corticosteroid Injections,January 2013
88201,37941611000001104,90842021,0,Prednisolone 10mg/ml oral solution sugar free (Alliance Healthcare (Distribution) Ltd),Prednisolone,10mg/1ml,Oral solution,Oral,01050200/03020000/05011000/05040800/06030200/08020200/10010201/10020100,Corticosteroids In Chronic Bowel Problems/Corticosteroids (For Respiratory Conditions)/Antileprotic Drugs/Drugs For Pneumocystis Pneumonia/Glucocorticoid Therapy/Corticosteroids And Other Immunosuppressants/Systemic Corticosteroids (In Musculoskeletal And Joint Conditions)/Drugs Which Enhance Neuromuscular Transmission,May 2023
18660,355311000001102,54091020,15071,Deltastab 25mg/1ml suspension for injection ampoules (Advanz Pharma),Prednisolone acetate,25mg/1ml,Suspension for injection,Intraarticular/Intramuscular/Periarticular,08020200/10010201/10010202,Corticosteroids And Other Immunosuppressants/Systemic Corticosteroids (In Musculoskeletal And Joint Conditions)/Local Corticosteroid Injections,February 2009
59338,13078911000001100,33901020,2,Prednisolone 1mg/5ml oral solution,Prednisolone,200microgram/1ml,Oral solution,Oral,01050200/03020000/05011000/05040800/06030200/08020200/10010201/10020100,Corticosteroids In Chronic Bowel Problems/Corticosteroids (For Respiratory Conditions)/Antileprotic Drugs/Drugs For Pneumocystis Pneumonia/Glucocorticoid Therapy/Corticosteroids And Other Immunosuppressants/Systemic Corticosteroids (In Musculoskeletal And Joint Conditions)/Drugs Which Enhance Neuromuscular Transmission,April 2014
76923,13005411000001106,94900020,329,Methylprednisolone 1mg/5ml oral suspension,Methylprednisolone,200microgram/1ml,Oral suspension,Oral,06030200,Glucocorticoid Therapy,July 2019
64059,8581311000001100,20233020,2,Hydrocortisone 2.5mg/5ml oral suspension,Hydrocortisone,500microgram/1ml,Oral suspension,Oral,06030200,Glucocorticoid Therapy,August 2015
71620,12563811000001104,32224020,4,Hydrocortisone 7mg/5ml oral suspension,Hydrocortisone,1.4mg/1ml,Oral suspension,Oral,06030200,Glucocorticoid Therapy,February 2018
35172,3852011000001104,92307020,4948,Efcortesol 100mg/1ml solution for injection ampoules (Advanz Pharma),Hydrocortisone sodium phosphate,100mg/1ml,Solution for injection,Intralesional/Intravenous/Intramuscular,06030200,Glucocorticoid Therapy,February 2009
292,317681009,70684020,19510,Hydrocortisone 10% foam aerosol enema,Hydrocortisone acetate,100mg/1gram,Rectal foam,Rectal,01050200,Corticosteroids In Chronic Bowel Problems,February 2009
34880,3291411000001104,53490020,338,Dexamethasone 2mg tablets (Aspen Pharma Trading Ltd),Dexamethasone,2mg,Tablet,Oral,06030200/64090000,Glucocorticoid Therapy/Diagnostic Test Of Adrenocortical Insufficiency,February 2009
84970,39934111000001104,99298021,1649,Hydrocortisone 5mg tablets,Hydrocortisone,5mg,Tablet,Oral,06030200,Glucocorticoid Therapy,November 2021
86330,12030311000001108,30527020,1,Fludrocortisone 1mg/5ml oral suspension,Fludrocortisone acetate,200microgram/1ml,Oral suspension,Oral,06030100,Replacement Corticosteroids For Endocrine Conditions,July 2022
65626,13078611000001106,33899020,6,Prednisolone 10mg/5ml oral suspension,Prednisolone,2mg/1ml,Oral suspension,Oral,01050200/03020000/05011000/05040800/06030200/08020200/10010201/10020100,Corticosteroids In Chronic Bowel Problems/Corticosteroids (For Respiratory Conditions)/Antileprotic Drugs/Drugs For Pneumocystis Pneumonia/Glucocorticoid Therapy/Corticosteroids And Other Immunosuppressants/Systemic Corticosteroids (In Musculoskeletal And Joint Conditions)/Drugs Which Enhance Neuromuscular Transmission,March 2016
84411,32711611000001104,69039021,6,Hydrocortisone 10mg tablets (Alissa Healthcare Research Ltd),Hydrocortisone,10mg,Tablet,Oral,06030200,Glucocorticoid Therapy,August 2021
37737,68305001000027104,56624020,46,Kenalog 40mg/ml Injection (E R Squibb and Sons Ltd),Triamcinolone Acetonide,40mg/ml,Injection,Intramuscular Deep Injection Gluteal Muscle,06030200/10010202,Glucocorticoid Therapy/Local Corticosteroid Injections,February 2009
48320,39722311000001104,00611020,2129,Prednisolone 20mg/100ml rectal solution,Prednisolone sodium phosphate,200microgram/1ml,Enema,Rectal,01050200,Corticosteroids In Chronic Bowel Problems,January 2013
49707,4195211000001100,13778020,2216,Hydrocortisone sodium succinate 100mg powder and solvent for solution for injection vials,Hydrocortisone sodium succinate,100mg,Powder and solvent for solution for injection,Intramuscular/Intravenous,06030200,Glucocorticoid Therapy,January 2013
2434,838111000001105,49494020,17215,Florinef 100microgram tablets (Aspen Pharma Trading Ltd),Fludrocortisone acetate,100microgram,Tablet,Oral,06030100,Replacement Corticosteroids For Endocrine Conditions,February 2009
820,161315001000027100,69583020,10457,Prednisolone 20mg/100ml retention enema,Prednisolone,20mg/100ml,Retention Enema,Rectal,01050200,Corticosteroids In Chronic Bowel Problems,February 2009
10754,14365001000027102,49862020,105,Hydrocortistab 20mg Tablet (Waymade Healthcare Plc),Hydrocortisone,20mg,Tablet,Oral,06030100/06030200,Replacement Corticosteroids For Endocrine Conditions/Glucocorticoid Therapy,February 2009
69568,32652511000001108,68380021,65,Dilacort 5mg gastro-resistant tablets (Crescent Pharma Ltd),Prednisolone,5mg,Gastro-resistant tablet,Oral,01050200/03020000/05011000/05040800/06030200/08020200/10010201,Corticosteroids In Chronic Bowel Problems/Corticosteroids (For Respiratory Conditions)/Antileprotic Drugs/Drugs For Pneumocystis Pneumonia/Glucocorticoid Therapy/Corticosteroids And Other Immunosuppressants/Systemic Corticosteroids (In Musculoskeletal And Joint Conditions),May 2017
85188,39933911000001104,99295021,112,Hydrocortisone 15mg tablets,Hydrocortisone,15mg,Tablet,Oral,06030200,Glucocorticoid Therapy,December 2021
77994,36917711000001104,86533021,51,Hydventia 10mg tablets (OcXia),Hydrocortisone,10mg,Tablet,Oral,06030200,Glucocorticoid Therapy,September 2019
61316,4045311000001108,13639020,0,Dexamethasone 4mg/1ml solution for injection ampoules (Alliance Healthcare (Distribution) Ltd),Dexamethasone sodium phosphate,4mg/1ml,Solution for injection,Rectal/Intramuscular/Intraarticular/Intrabursal/Intravenous/Subcutaneous,06030200/10010202,Glucocorticoid Therapy/Local Corticosteroid Injections,October 2014
88575,11816411000001104,30092020,0,Cortisone 2.5mg/5ml oral solution,Cortisone acetate,500microgram/1ml,Oral solution,Oral,06030200,Glucocorticoid Therapy,August 2023
74502,35700011000001100,82216021,125,Alkindi 1mg granules in capsules for opening (Diurnal Ltd),Hydrocortisone,1mg,Granules,Oral,06030200,Glucocorticoid Therapy,January 2019
19141,392511000001108,61726020,5185,Prednisolone 5mg soluble tablets (Advanz Pharma),Prednisolone sodium phosphate,5mg,Soluble tablet,Oral,01050200/03020000/05011000/05040800/06030200/08020200/10010201,Corticosteroids In Chronic Bowel Problems/Corticosteroids (For Respiratory Conditions)/Antileprotic Drugs/Drugs For Pneumocystis Pneumonia/Glucocorticoid Therapy/Corticosteroids And Other Immunosuppressants/Systemic Corticosteroids (In Musculoskeletal And Joint Conditions),February 2009
82745,12555211000001108,32210020,1,Hydrocortisone 50mg/5ml oral suspension,Hydrocortisone,10mg/1ml,Oral suspension,Oral,06030200,Glucocorticoid Therapy,January 2021
63066,28808611000001100,46603021,78743,Prednisolone 2.5mg tablets,Prednisolone,2.5mg,Tablet,Oral,01050200/03020000/05011000/05040800/06030200/08020200/10010201,Corticosteroids In Chronic Bowel Problems/Corticosteroids (For Respiratory Conditions)/Antileprotic Drugs/Drugs For Pneumocystis Pneumonia/Glucocorticoid Therapy/Corticosteroids And Other Immunosuppressants/Systemic Corticosteroids (In Musculoskeletal And Joint Conditions),May 2015
71404,10528411000001108,06576020,2,Dexamethasone 2mg/5ml oral solution sugar free (Waymade Healthcare Plc),Dexamethasone sodium phosphate,400microgram/1ml,Oral solution,Oral,03020000/04065300/06030200,Corticosteroids (For Respiratory Conditions)/Products Used Against Nausea And Vertigo - Cytotoxic Chemotherapy/Glucocorticoid Therapy,January 2018
70603,28937511000001104,48867021,8,Prednisolone 5mg soluble tablets (Focus Pharmaceuticals Ltd),Prednisolone sodium phosphate,5mg,Soluble tablet,Oral,01050200/03020000/05011000/05040800/06030200/08020200/10010201,Corticosteroids In Chronic Bowel Problems/Corticosteroids (For Respiratory Conditions)/Antileprotic Drugs/Drugs For Pneumocystis Pneumonia/Glucocorticoid Therapy/Corticosteroids And Other Immunosuppressants/Systemic Corticosteroids (In Musculoskeletal And Joint Conditions),November 2017
60064,24350911000001104,23637021,783,Dexamethasone 10mg/5ml oral solution sugar free,Dexamethasone sodium phosphate,2mg/1ml,Oral solution,Oral,03020000/04065300/06030200,Corticosteroids (For Respiratory Conditions)/Products Used Against Nausea And Vertigo - Cytotoxic Chemotherapy/Glucocorticoid Therapy,May 2014
10050,904311000001101,56886020,96245,Uniroid HC suppositories (Chemidex Pharma Ltd),Cinchocaine hydrochloride/Hydrocortisone,5mg + 5mg,Suppository,Rectal,01070200,Compound Haemorrhoid Products With Corticosteroids,February 2009
55480,17999311000001104,06621020,1,Prednisolone 2.5mg gastro-resistant tablets (Phoenix Labs Ltd),Prednisolone,2.5mg,Gastro-resistant tablet,Oral,01050200/03020000/05011000/05040800/06030200/08020200/10010201,Corticosteroids In Chronic Bowel Problems/Corticosteroids (For Respiratory Conditions)/Antileprotic Drugs/Drugs For Pneumocystis Pneumonia/Glucocorticoid Therapy/Corticosteroids And Other Immunosuppressants/Systemic Corticosteroids (In Musculoskeletal And Joint Conditions),June 2013
16583,306011000001103,91322020,139610,Kenalog Intra-articular / Intramuscular 40mg/1ml suspension for injection vials (Bristol-Myers Squibb Pharmaceuticals Ltd),Triamcinolone acetonide,40mg/1ml,Suspension for injection,Intraarticular/Intramuscular,06030200/10010202,Glucocorticoid Therapy/Local Corticosteroid Injections,February 2009
4535,325374007,63492020,83840,Hydrocortisone 20mg tablets,Hydrocortisone,20mg,Tablet,Oral,06030200,Glucocorticoid Therapy,February 2009
51824,20093511000001108,40205020,94,Hydrocortisone 5mg/5ml oral suspension sugar free,Hydrocortisone,1mg/1ml,Oral suspension,Oral,06030200,Glucocorticoid Therapy,January 2013
3418,325373001,63491020,733671,Hydrocortisone 10mg tablets,Hydrocortisone,10mg,Tablet,Oral,06030200,Glucocorticoid Therapy,February 2009
87505,40938611000001104,03346022,0,Dexamethasone 500microgram tablets (Genesis Pharmaceuticals Ltd),Dexamethasone,500microgram,Tablet,Oral,06030200/64090000,Glucocorticoid Therapy/Diagnostic Test Of Adrenocortical Insufficiency,January 2023
57716,3391311000001100,11449020,92,Generic Anusol HC suppositories,Bismuth oxide/Zinc oxide/Peru Balsam/Hydrocortisone acetate/Bismuth subgallate/Benzyl benzoate,24mg + 296mg + 49mg + 10mg + 59mg + 33mg,Suppository,Rectal,01070200,Compound Haemorrhoid Products With Corticosteroids,October 2013
66550,255211000001101,06622020,0,Prednisolone 5mg gastro-resistant tablets (Alliance Healthcare (Distribution) Ltd),Prednisolone,5mg,Gastro-resistant tablet,Oral,01050200/03020000/05011000/05040800/06030200/08020200/10010201,Corticosteroids In Chronic Bowel Problems/Corticosteroids (For Respiratory Conditions)/Antileprotic Drugs/Drugs For Pneumocystis Pneumonia/Glucocorticoid Therapy/Corticosteroids And Other Immunosuppressants/Systemic Corticosteroids (In Musculoskeletal And Joint Conditions),June 2016
54118,13079611000001102,33915020,3,Prednisolone 25mg/5ml oral suspension,Prednisolone,5mg/1ml,Oral suspension,Oral,01050200/03020000/05011000/05040800/06030200/08020200/10010201/10020100,Corticosteroids In Chronic Bowel Problems/Corticosteroids (For Respiratory Conditions)/Antileprotic Drugs/Drugs For Pneumocystis Pneumonia/Glucocorticoid Therapy/Corticosteroids And Other Immunosuppressants/Systemic Corticosteroids (In Musculoskeletal And Joint Conditions)/Drugs Which Enhance Neuromuscular Transmission,March 2013
33990,65425001000027104,56243020,798,Prednisolone 5mg Tablet (IVAX Pharmaceuticals UK Ltd),Prednisolone,5mg,Tablet,Oral,06030200,Glucocorticoid Therapy,February 2009
75461,20011611000001108,39902020,9,Prednisolone 20mg/application foam enema (A A H Pharmaceuticals Ltd),Prednisolone sodium metasulfobenzoate,20mg/1application,Rectal foam,Rectal,01050200,Corticosteroids In Chronic Bowel Problems,April 2019
8261,4051911000001105,64591020,64,Medrone 16mg tablets (Pfizer Ltd),Methylprednisolone,16mg,Tablet,Oral,06030200,Glucocorticoid Therapy,February 2009
61132,14786411000001104,06605020,0,Prednisolone 1mg tablets (Boston Healthcare Ltd),Prednisolone,1mg,Tablet,Oral,01050200/03020000/05011000/05040800/06030200/08020200/10010201,Corticosteroids In Chronic Bowel Problems/Corticosteroids (For Respiratory Conditions)/Antileprotic Drugs/Drugs For Pneumocystis Pneumonia/Glucocorticoid Therapy/Corticosteroids And Other Immunosuppressants/Systemic Corticosteroids (In Musculoskeletal And Joint Conditions),September 2014
71106,11104811000001106,06596020,181,Depo-Medrone 40mg/1ml suspension for injection vials (Waymade Healthcare Plc),Methylprednisolone acetate,40mg/1ml,Suspension for injection,Intraarticular/Periarticular/Intrabursal/Intramuscular/Intralesional,06030200/10010202,Glucocorticoid Therapy/Local Corticosteroid Injections,December 2017
186,325365005,62323020,1464,Dexamethasone 500micrograms/5ml oral solution,Dexamethasone,100microgram/1ml,Oral solution,Oral,03020000/04065300/06030200,Corticosteroids (For Respiratory Conditions)/Products Used Against Nausea And Vertigo - Cytotoxic Chemotherapy/Glucocorticoid Therapy,February 2009
30244,144925001000027100,67173020,1005,Triamcinolone acetonide 40mg/ml injection,Triamcinolone Acetonide,40mg/ml,Injection,,06030200/10010202,Glucocorticoid Therapy/Local Corticosteroid Injections,February 2009
61413,24606111000001100,26806021,652,Anusol Soothing Relief suppositories (Church & Dwight UK Ltd),Bismuth oxide/Zinc oxide/Peru Balsam/Hydrocortisone acetate/Bismuth subgallate/Benzyl benzoate,24mg + 296mg + 49mg + 10mg + 59mg + 33mg,Suppository,Rectal,01070200,Compound Haemorrhoid Products With Corticosteroids,October 2014
86201,40306711000001104,00828022,17,Dexamethasone 10mg soluble tablets sugar free,Dexamethasone sodium phosphate,10mg,Soluble tablet,Oral,06030200/64090000,Glucocorticoid Therapy/Diagnostic Test Of Adrenocortical Insufficiency,June 2022
71926,11714611000001100,29769020,2,Dexamethasone 1.25mg/5ml oral suspension,Dexamethasone,250microgram/1ml,Oral suspension,Oral,03020000/04065300/06030200,Corticosteroids (For Respiratory Conditions)/Products Used Against Nausea And Vertigo - Cytotoxic Chemotherapy/Glucocorticoid Therapy,April 2018
24014,53555001000027104,54731020,867,Ledercort 2mg Tablet (Wyeth Pharmaceuticals),Triamcinolone Acetonide,2mg,Tablet,Oral,06030200,Glucocorticoid Therapy,February 2009
75064,35699311000001104,82220021,128,Alkindi 0.5mg granules in capsules for opening (Diurnal Ltd),Hydrocortisone,500microgram,Granules,Oral,06030200,Glucocorticoid Therapy,February 2019
955,39722711000001104,74386020,677563,Prednisolone 5mg soluble tablets,Prednisolone sodium phosphate,5mg,Soluble tablet,Oral,01050200/03020000/05011000/05040800/06030200/08020200/10010201,Corticosteroids In Chronic Bowel Problems/Corticosteroids (For Respiratory Conditions)/Antileprotic Drugs/Drugs For Pneumocystis Pneumonia/Glucocorticoid Therapy/Corticosteroids And Other Immunosuppressants/Systemic Corticosteroids (In Musculoskeletal And Joint Conditions),February 2009
73216,35574111000001104,81384021,195,Dexamethasone 8mg tablets,Dexamethasone,8mg,Tablet,Oral,06030200,Glucocorticoid Therapy,September 2018
35349,36034811000001110,92103020,7019,Methylprednisolone acetate 80mg/2ml suspension for injection vials,Methylprednisolone acetate,40mg/1ml,Suspension for injection,Intraarticular/Periarticular/Intrabursal/Intramuscular/Intralesional,06030200/10010202,Glucocorticoid Therapy/Local Corticosteroid Injections,February 2009
34461,380011000001100,57098020,220,Prednisolone 2.5mg gastro-resistant tablets (Accord-UK Ltd),Prednisolone,2.5mg,Gastro-resistant tablet,Oral,01050200/03020000/05011000/05040800/06030200/08020200/10010201,Corticosteroids In Chronic Bowel Problems/Corticosteroids (For Respiratory Conditions)/Antileprotic Drugs/Drugs For Pneumocystis Pneumonia/Glucocorticoid Therapy/Corticosteroids And Other Immunosuppressants/Systemic Corticosteroids (In Musculoskeletal And Joint Conditions),February 2009
47598,4043411000001100,72102020,1,Dexamethasone 8mg/2ml solution for injection vials (Organon Laboratories Ltd),Dexamethasone sodium phosphate,4mg/1ml,Solution for injection,Rectal/Intramuscular/Subcutaneous/Intrabursal/Intravenous/Intraarticular,06030200,Glucocorticoid Therapy,August 2012
21417,876911000001107,50409020,253,Prednisolone 5mg tablets (A A H Pharmaceuticals Ltd),Prednisolone,5mg,Tablet,Oral,01050200/03020000/05011000/05040800/06030200/08020200/10010201,Corticosteroids In Chronic Bowel Problems/Corticosteroids (For Respiratory Conditions)/Antileprotic Drugs/Drugs For Pneumocystis Pneumonia/Glucocorticoid Therapy/Corticosteroids And Other Immunosuppressants/Systemic Corticosteroids (In Musculoskeletal And Joint Conditions),February 2009
68673,32502211000001108,66048021,17,Fludrocortisone 100microgram tablets (A A H Pharmaceuticals Ltd),Fludrocortisone acetate,100microgram,Tablet,Oral,06030100,Replacement Corticosteroids For Endocrine Conditions,January 2017
14958,35921511000001104,91302020,3360,Triamcinolone acetonide 10mg/1ml suspension for injection ampoules,Triamcinolone acetonide,10mg/1ml,Suspension for injection,Intraarticular/Intradermal,10010202,Local Corticosteroid Injections,February 2009
85268,39934011000001104,98973021,253,Hydrocortisone 2.5mg tablets,Hydrocortisone,2.5mg,Tablet,Oral,06030200,Glucocorticoid Therapy,December 2021
557,325442004,71488020,1603501,Prednisolone 2.5mg gastro-resistant tablets,Prednisolone,2.5mg,Gastro-resistant tablet,Oral,01050200/03020000/05011000/05040800/06030200/08020200/10010201,Corticosteroids In Chronic Bowel Problems/Corticosteroids (For Respiratory Conditions)/Antileprotic Drugs/Drugs For Pneumocystis Pneumonia/Glucocorticoid Therapy/Corticosteroids And Other Immunosuppressants/Systemic Corticosteroids (In Musculoskeletal And Joint Conditions),February 2009
74095,8515311000001100,19913020,207,Fludrocortisone 100micrograms/5ml oral suspension,Fludrocortisone acetate,20microgram/1ml,Oral suspension,Oral,06030100,Replacement Corticosteroids For Endocrine Conditions,December 2018
79091,13078311000001100,33895020,1,Prednisolone 1.5mg/5ml oral solution,Prednisolone,300microgram/1ml,Oral solution,Oral,01050200/03020000/05011000/05040800/06030200/08020200/10010201/10020100,Corticosteroids In Chronic Bowel Problems/Corticosteroids (For Respiratory Conditions)/Antileprotic Drugs/Drugs For Pneumocystis Pneumonia/Glucocorticoid Therapy/Corticosteroids And Other Immunosuppressants/Systemic Corticosteroids (In Musculoskeletal And Joint Conditions)/Drugs Which Enhance Neuromuscular Transmission,December 2019
58000,9807911000001104,71574020,265,Prednisolone 5mg tablets (Almus Pharmaceuticals Ltd),Prednisolone,5mg,Tablet,Oral,01050200/03020000/05011000/05040800/06030200/08020200/10010201,Corticosteroids In Chronic Bowel Problems/Corticosteroids (For Respiratory Conditions)/Antileprotic Drugs/Drugs For Pneumocystis Pneumonia/Glucocorticoid Therapy/Corticosteroids And Other Immunosuppressants/Systemic Corticosteroids (In Musculoskeletal And Joint Conditions),December 2013
55024,13133111000001100,34075020,134,Prednisolone 5mg/5ml oral solution,Prednisolone,1mg/1ml,Oral solution,Oral,03020000/06030200/10010201,Corticosteroids (For Respiratory Conditions)/Glucocorticoid Therapy/Systemic Corticosteroids (In Musculoskeletal And Joint Conditions),May 2013
72449,8515711000001101,19921020,171,Fludrocortisone 250micrograms/5ml oral suspension,Fludrocortisone acetate,50microgram/1ml,Oral suspension,Oral,06030100,Replacement Corticosteroids For Endocrine Conditions,July 2018
56940,22153811000001100,14717021,1786,Dexamethasone (base) 6.6mg/2ml solution for injection ampoules,Dexamethasone sodium phosphate,3.3mg/1ml,Solution for injection,Subconjunctival/Infiltration/Subcutaneous/Intramuscular/Intrabursal/Intraarticular/Intralesional/Intravenous,06030200/10010202,Glucocorticoid Therapy/Local Corticosteroid Injections,August 2013
80531,19532111000001104,78396020,10,Dexamethasone (base) 3.3mg/1ml solution for injection ampoules (hameln pharma Ltd),Dexamethasone sodium phosphate,3.3mg/1ml,Solution for injection,Subconjunctival/Subcutaneous/Intralesional/Intrabursal/Intraarticular/Intramuscular/Intravenous,06030200/10010202,Glucocorticoid Therapy/Local Corticosteroid Injections,April 2020
15016,145085001000027100,67195020,138,Triamcinolone hexacetonide 5mg/ml Injection,Triamcinolone Hexacetonide,5mg/ml,Injection,,10010202,Local Corticosteroid Injections,February 2009
51849,12540711000001108,32190020,8,Hydrocortisone 1mg/5ml oral suspension,Hydrocortisone,200microgram/1ml,Oral suspension,Oral,06030200,Glucocorticoid Therapy,January 2013
86878,40000311000001110,99839021,10,Efmody 10mg modified-release capsules (Diurnal Ltd),Hydrocortisone,10mg,Modified-release capsule,Oral,06030200,Glucocorticoid Therapy,October 2022
75019,35775611000001108,82215021,104,Hydrocortisone 1mg granules in capsules for opening,Hydrocortisone,1mg,Granules,Oral,06030200,Glucocorticoid Therapy,February 2019
57856,4562411000001104,14130020,4,Triamcinolone hexacetonide 20mg/1ml suspension for injection vials,Triamcinolone hexacetonide,20mg/1ml,Suspension for injection,Intraarticular,00000000,Unknown,December 2013
1432,34775001000027108,52314020,38308,Xyloproct Suppository (AstraZeneca UK Ltd),Lidocaine/Hydrocortisone Acetate,,Suppository,Rectal,01070200,Compound Haemorrhoid Products With Corticosteroids,February 2009
85034,38790211000001104,94896021,1,Fludrocortisone 100microgram tablets (Aspen Pharma Trading Ltd),Fludrocortisone acetate,100microgram,Tablet,Oral,06030100,Replacement Corticosteroids For Endocrine Conditions,December 2021
23511,4393011000001100,56343020,82,Solu-Medrone 40mg powder and solvent for solution for injection vials (Pfizer Ltd),Methylprednisolone sodium succinate,40mg,Powder and solvent for solution for injection,Intramuscular/Intravenous,06030200/10010202,Glucocorticoid Therapy/Local Corticosteroid Injections,February 2009
4943,37084211000001104,75320020,35984,Dexamethasone 2mg/5ml oral solution sugar free,Dexamethasone sodium phosphate,400microgram/1ml,Oral solution,Oral,03020000/04065300/06030200,Corticosteroids (For Respiratory Conditions)/Products Used Against Nausea And Vertigo - Cytotoxic Chemotherapy/Glucocorticoid Therapy,February 2009
51722,8581611000001105,20239020,2674,Hydrocortisone 5mg/5ml oral suspension,Hydrocortisone,1mg/1ml,Oral suspension,Oral,06030200,Glucocorticoid Therapy,January 2013
29333,85511000001101,50400020,1559,Prednisolone 5mg tablets (Accord-UK Ltd),Prednisolone,5mg,Tablet,Oral,01050200/03020000/05011000/05040800/06030200/08020200/10010201,Corticosteroids In Chronic Bowel Problems/Corticosteroids (For Respiratory Conditions)/Antileprotic Drugs/Drugs For Pneumocystis Pneumonia/Glucocorticoid Therapy/Corticosteroids And Other Immunosuppressants/Systemic Corticosteroids (In Musculoskeletal And Joint Conditions),February 2009
20095,79935001000027100,58192020,442,Precortisyl forte 25mg Tablet (Aventis Pharma),Prednisolone,25mg,Tablet,Oral,06030200,Glucocorticoid Therapy,February 2009
2615,9695001000027108,49217020,5595,Efcortesol 100mg/ml Injection (Sovereign Medical Ltd),Hydrocortisone Sodium Phosphate,100mg/ml,Injection,Intravenous Injection,06030100/06030200,Replacement Corticosteroids For Endocrine Conditions/Glucocorticoid Therapy,February 2009
35156,36034411000001104,92067020,15291,Methylprednisolone 40mg/1ml / Lidocaine 10mg/1ml (1%) suspension for injection vials,Methylprednisolone acetate/Lidocaine hydrochloride,40mg/1ml + 10mg/1ml,Suspension for injection,Intraarticular/Intrabursal/Periarticular,10010202,Local Corticosteroid Injections,February 2009
60120,3292011000001100,06571020,3,Dexamethasone 2mg tablets (Alliance Healthcare (Distribution) Ltd),Dexamethasone,2mg,Tablet,Oral,06030200/64090000,Glucocorticoid Therapy/Diagnostic Test Of Adrenocortical Insufficiency,June 2014
78335,11714811000001102,29773020,1,Dexamethasone 1.5mg/5ml oral suspension,Dexamethasone,300microgram/1ml,Oral suspension,Oral,03020000/04065300/06030200,Corticosteroids (For Respiratory Conditions)/Products Used Against Nausea And Vertigo - Cytotoxic Chemotherapy/Glucocorticoid Therapy,November 2019
3651,116865001000027100,63381020,1566,Solu-cortef 100mg/vial Injection (Pharmacia Ltd),Hydrocortisone Sodium Succinate,100mg/vial,Injection,Intravenous Injection,06030100/06030200,Replacement Corticosteroids For Endocrine Conditions/Glucocorticoid Therapy,February 2009
66200,32071811000001108,62211021,5031,Dexamethasone 2mg soluble tablets sugar free,Dexamethasone sodium phosphate,2mg,Soluble tablet,Oral,06030200/64090000,Glucocorticoid Therapy/Diagnostic Test Of Adrenocortical Insufficiency,May 2016
8306,36021411000001108,66172020,1105,Prednisolone 25mg/1ml suspension for injection ampoules,Prednisolone acetate,25mg/1ml,Suspension for injection,Intraarticular/Intramuscular/Periarticular,08020200/10010201/10010202,Corticosteroids And Other Immunosuppressants/Systemic Corticosteroids (In Musculoskeletal And Joint Conditions)/Local Corticosteroid Injections,February 2009
33988,111525001000027100,62621020,3,Prednisolone 5mg Tablet (Co-Pharma Ltd),Prednisolone,5mg,Tablet,Oral,06030200,Glucocorticoid Therapy,February 2009
34915,3287811000001105,53489020,46,Dexamethasone 500microgram tablets (Organon Laboratories Ltd),Dexamethasone,500microgram,Tablet,Oral,06030200/64090000,Glucocorticoid Therapy/Diagnostic Test Of Adrenocortical Insufficiency,February 2009
28375,858811000001104,50410020,886,Prednisolone 2.5mg gastro-resistant tablets (A A H Pharmaceuticals Ltd),Prednisolone,2.5mg,Gastro-resistant tablet,Oral,01050200/03020000/05011000/05040800/06030200/08020200/10010201,Corticosteroids In Chronic Bowel Problems/Corticosteroids (For Respiratory Conditions)/Antileprotic Drugs/Drugs For Pneumocystis Pneumonia/Glucocorticoid Therapy/Corticosteroids And Other Immunosuppressants/Systemic Corticosteroids (In Musculoskeletal And Joint Conditions),February 2009
21668,78245001000027100,58005020,6,Decadron shock pak 20 20mg/ml Shock pack (Merck Sharp & Dohme Ltd),Dexamethasone Sodium Phosphate,20mg/ml,Shock Pack,,06030200,Glucocorticoid Therapy,February 2009
58384,9807711000001108,71571020,146,Prednisolone 1mg tablets (Almus Pharmaceuticals Ltd),Prednisolone,1mg,Tablet,Oral,01050200/03020000/05011000/05040800/06030200/08020200/10010201,Corticosteroids In Chronic Bowel Problems/Corticosteroids (For Respiratory Conditions)/Antileprotic Drugs/Drugs For Pneumocystis Pneumonia/Glucocorticoid Therapy/Corticosteroids And Other Immunosuppressants/Systemic Corticosteroids (In Musculoskeletal And Joint Conditions),December 2013
77821,36595311000001104,85410021,158,Hydrocortisone 10mg soluble tablets sugar free,Hydrocortisone sodium phosphate,10mg,Soluble tablet,Oral,06030100,Replacement Corticosteroids For Endocrine Conditions,August 2019
50026,35921611000001104,06636020,66,Triamcinolone acetonide 40mg/1ml suspension for injection pre-filled syringes,Triamcinolone acetonide,40mg/1ml,Suspension for injection,Intramuscular,00000000,Unknown,January 2013
8108,36056711000001104,69573020,30524,Hydrocortisone acetate 25mg/1ml suspension for injection ampoules,Hydrocortisone acetate,25mg/1ml,Suspension for injection,Intraarticular/Periarticular,10010202,Local Corticosteroid Injections,February 2009
73678,30114311000001108,53567021,0,Prednisolone 5mg gastro-resistant tablets (DE Pharmaceuticals),Prednisolone,5mg,Gastro-resistant tablet,Oral,01050200/03020000/05011000/05040800/06030200/08020200/10010201,Corticosteroids In Chronic Bowel Problems/Corticosteroids (For Respiratory Conditions)/Antileprotic Drugs/Drugs For Pneumocystis Pneumonia/Glucocorticoid Therapy/Corticosteroids And Other Immunosuppressants/Systemic Corticosteroids (In Musculoskeletal And Joint Conditions),November 2018
75729,20092311000001108,40206020,15,Hydrocortisone 5mg/5ml oral suspension sugar free (Special Order),Hydrocortisone,1mg/1ml,Oral suspension,Oral,06030200,Glucocorticoid Therapy,April 2019
68497,22452711000001104,15684021,0,Prednisolone 2.5mg gastro-resistant tablets (Waymade Healthcare Plc),Prednisolone,2.5mg,Gastro-resistant tablet,Oral,01050200/03020000/05011000/05040800/06030200/08020200/10010201,Corticosteroids In Chronic Bowel Problems/Corticosteroids (For Respiratory Conditions)/Antileprotic Drugs/Drugs For Pneumocystis Pneumonia/Glucocorticoid Therapy/Corticosteroids And Other Immunosuppressants/Systemic Corticosteroids (In Musculoskeletal And Joint Conditions),December 2016
52396,8429111000001103,19597020,7,Dexamethasone 1mg/5ml oral solution,Dexamethasone,200microgram/1ml,Oral solution,Oral,03020000/04065300/06030200,Corticosteroids (For Respiratory Conditions)/Products Used Against Nausea And Vertigo - Cytotoxic Chemotherapy/Glucocorticoid Therapy,January 2013
49498,13893711000001102,35237020,359,Hydrocortisone sodium succinate 100mg powder for solution for injection vials,Hydrocortisone sodium succinate,100mg,Powder for solution for injection,Intramuscular/Intravenous,06030200,Glucocorticoid Therapy,January 2013
35154,36034511000001104,92059020,14338,Methylprednisolone 80mg/2ml / Lidocaine 20mg/2ml (1%) suspension for injection vials,Methylprednisolone acetate/Lidocaine hydrochloride,40mg/1ml + 10mg/1ml,Suspension for injection,Intraarticular/Intrabursal/Periarticular,10010202,Local Corticosteroid Injections,February 2009
80396,11715711000001108,29791020,1,Dexamethasone 20mg/5ml oral suspension,Dexamethasone,4mg/1ml,Oral suspension,Oral,03020000/04065300/06030200,Corticosteroids (For Respiratory Conditions)/Products Used Against Nausea And Vertigo - Cytotoxic Chemotherapy/Glucocorticoid Therapy,April 2020
33132,36034711000001104,92101020,17432,Methylprednisolone acetate 40mg/1ml suspension for injection vials,Methylprednisolone acetate,40mg/1ml,Suspension for injection,Intraarticular/Periarticular/Intrabursal/Intramuscular/Intralesional,06030200/10010202,Glucocorticoid Therapy/Local Corticosteroid Injections,February 2009
78144,17917211000001102,06635020,0,Prednisolone 25mg tablets (Phoenix Healthcare Distribution Ltd),Prednisolone,25mg,Tablet,Oral,01050200/03020000/06030200/08020200/10010201,Corticosteroids In Chronic Bowel Problems/Corticosteroids (For Respiratory Conditions)/Glucocorticoid Therapy/Corticosteroids And Other Immunosuppressants/Systemic Corticosteroids (In Musculoskeletal And Joint Conditions),October 2019
36055,191525001000027100,74310020,2,Dexamethasone 2mg Tablet (Hillcross Pharmaceuticals Ltd),Dexamethasone,2mg,Tablet,Oral,06030200,Glucocorticoid Therapy,February 2009
64221,432224007,11092020,39,Prednisolone 5mg/5ml oral suspension,Prednisolone,1mg/1ml,Oral suspension,Oral,01050200/03020000/05011000/05040800/06030200/08020200/10010201/10020100,Corticosteroids In Chronic Bowel Problems/Corticosteroids (For Respiratory Conditions)/Antileprotic Drugs/Drugs For Pneumocystis Pneumonia/Glucocorticoid Therapy/Corticosteroids And Other Immunosuppressants/Systemic Corticosteroids (In Musculoskeletal And Joint Conditions)/Drugs Which Enhance Neuromuscular Transmission,September 2015
1567,3050211000001109,70691020,102859,Colifoam 10% aerosol (Viatris UK Healthcare Ltd),Hydrocortisone acetate,100mg/1gram,Rectal foam,Rectal,01050200,Corticosteroids In Chronic Bowel Problems,February 2009
86604,40609211000001104,01971022,82,Hydrocortisone 10mg dispersible tablets sugar free,Hydrocortisone,10mg,Dispersible tablet,Oral,06030100,Replacement Corticosteroids For Endocrine Conditions,August 2022
2581,2948311000001104,79417020,16738,Anusol Plus HC suppositories (Church & Dwight UK Ltd),Bismuth oxide/Zinc oxide/Peru Balsam/Hydrocortisone acetate/Bismuth subgallate/Benzyl benzoate,24mg + 296mg + 49mg + 10mg + 59mg + 33mg,Suppository,Rectal,01070200,Compound Haemorrhoid Products With Corticosteroids,February 2009
35453,4052611000001105,92434020,7271,Dexamethasone (base) 3.3mg/1ml solution for injection ampoules,Dexamethasone sodium phosphate,3.3mg/1ml,Solution for injection,Subconjunctival/Subcutaneous/Intralesional/Intrabursal/Intraarticular/Intramuscular/Intravenous,06030200/10010202,Glucocorticoid Therapy/Local Corticosteroid Injections,February 2009
58047,16036211000001100,36769020,65,Hydrocortisone 100mg suppositories,Hydrocortisone,100mg,Suppository,Rectal,01070200,Compound Haemorrhoid Products With Corticosteroids,December 2013
13397,4195311000001108,64582020,267,Methylprednisolone sodium succinate 1g powder and solvent for solution for injection vials,Methylprednisolone sodium succinate,1gram,Powder and solvent for solution for injection,Intravenous/Intramuscular,06030200/10010202,Glucocorticoid Therapy/Local Corticosteroid Injections,February 2009
25272,25615001000027104,51208020,1366,Precortisyl 1mg Tablet (Hoechst Marion Roussel),Prednisolone,1mg,Tablet,Oral,06030200,Glucocorticoid Therapy,February 2009
76020,779211000001109,06616020,0,Prednisolone 2.5mg gastro-resistant tablets (Alliance Healthcare (Distribution) Ltd),Prednisolone,2.5mg,Gastro-resistant tablet,Oral,01050200/03020000/05011000/05040800/06030200/08020200/10010201,Corticosteroids In Chronic Bowel Problems/Corticosteroids (For Respiratory Conditions)/Antileprotic Drugs/Drugs For Pneumocystis Pneumonia/Glucocorticoid Therapy/Corticosteroids And Other Immunosuppressants/Systemic Corticosteroids (In Musculoskeletal And Joint Conditions),May 2019
41515,110811000001100,55527020,2983,Prednisolone 5mg tablets (Teva UK Ltd),Prednisolone,5mg,Tablet,Oral,01050200/03020000/05011000/05040800/06030200/08020200/10010201,Corticosteroids In Chronic Bowel Problems/Corticosteroids (For Respiratory Conditions)/Antileprotic Drugs/Drugs For Pneumocystis Pneumonia/Glucocorticoid Therapy/Corticosteroids And Other Immunosuppressants/Systemic Corticosteroids (In Musculoskeletal And Joint Conditions),March 2010
10683,4051211000001101,64589020,1970,Medrone 2mg tablets (Pfizer Ltd),Methylprednisolone,2mg,Tablet,Oral,06030200,Glucocorticoid Therapy,February 2009
29112,3960211000001106,83661020,84,Calcort 30mg tablets (Shire Pharmaceuticals Ltd),Deflazacort,30mg,Tablet,Oral,00000000,Unknown,February 2009
58592,21494911000001104,46190020,708,Plenadren 20mg modified-release tablets (Takeda UK Ltd),Hydrocortisone,20mg,Modified-release tablet,Oral,06030200,Glucocorticoid Therapy,January 2014
6805,38753811000001104,69637020,46721,Prednisolone 20mg/application foam enema,Prednisolone sodium metasulfobenzoate,20mg/1application,Rectal foam,Rectal,01050200,Corticosteroids In Chronic Bowel Problems,February 2009
38054,245935001000027100,92567020,103,Hydrocortisone Tablet,Hydrocortisone,,Tablet,Oral,06030100/06030200,Replacement Corticosteroids For Endocrine Conditions/Glucocorticoid Therapy,February 2009
9994,3286911000001103,57978020,663,Decadron 500microgram tablets (Organon Pharma (UK) Ltd),Dexamethasone,500microgram,Tablet,Oral,06030200/64090000,Glucocorticoid Therapy/Diagnostic Test Of Adrenocortical Insufficiency,February 2009
74493,34035411000001104,73875021,2,Prednisolone 5mg soluble tablets (Accord-UK Ltd),Prednisolone sodium phosphate,5mg,Soluble tablet,Oral,01050200/03020000/05011000/05040800/06030200/08020200/10010201,Corticosteroids In Chronic Bowel Problems/Corticosteroids (For Respiratory Conditions)/Antileprotic Drugs/Drugs For Pneumocystis Pneumonia/Glucocorticoid Therapy/Corticosteroids And Other Immunosuppressants/Systemic Corticosteroids (In Musculoskeletal And Joint Conditions),January 2019
58234,429995001,11087020,11,Prednisolone 10mg/5ml oral solution,Prednisolone,2mg/1ml,Oral solution,Oral,01050200/03020000/05011000/05040800/06030200/08020200/10010201/10020100,Corticosteroids In Chronic Bowel Problems/Corticosteroids (For Respiratory Conditions)/Antileprotic Drugs/Drugs For Pneumocystis Pneumonia/Glucocorticoid Therapy/Corticosteroids And Other Immunosuppressants/Systemic Corticosteroids (In Musculoskeletal And Joint Conditions)/Drugs Which Enhance Neuromuscular Transmission,December 2013
768,68285001000027104,56622020,57784,Kenalog 40mg/ml Injection (E R Squibb and Sons Ltd),Triamcinolone Acetonide,40mg/ml,Injection,Intramuscular Deep Injection Gluteal Muscle,06030200/10010202,Glucocorticoid Therapy/Local Corticosteroid Injections,February 2009
78129,33577911000001104,70648021,1,Dilacort 5mg gastro-resistant tablets (Teva UK Ltd),Prednisolone,5mg,Gastro-resistant tablet,Oral,01050200/03020000/05011000/05040800/06030200/08020200/10010201,Corticosteroids In Chronic Bowel Problems/Corticosteroids (For Respiratory Conditions)/Antileprotic Drugs/Drugs For Pneumocystis Pneumonia/Glucocorticoid Therapy/Corticosteroids And Other Immunosuppressants/Systemic Corticosteroids (In Musculoskeletal And Joint Conditions),October 2019
76339,11714911000001108,29775020,1,Dexamethasone 10mg/5ml oral suspension,Dexamethasone,2mg/1ml,Oral suspension,Oral,03020000/04065300/06030200,Corticosteroids (For Respiratory Conditions)/Products Used Against Nausea And Vertigo - Cytotoxic Chemotherapy/Glucocorticoid Therapy,May 2019
82675,30129111000001104,53918021,0,Prednisolone 10mg/ml oral solution sugar free (A A H Pharmaceuticals Ltd),Prednisolone,10mg/1ml,Oral solution,Oral,01050200/03020000/05011000/05040800/06030200/08020200/10010201/10020100,Corticosteroids In Chronic Bowel Problems/Corticosteroids (For Respiratory Conditions)/Antileprotic Drugs/Drugs For Pneumocystis Pneumonia/Glucocorticoid Therapy/Corticosteroids And Other Immunosuppressants/Systemic Corticosteroids (In Musculoskeletal And Joint Conditions)/Drugs Which Enhance Neuromuscular Transmission,January 2021
60421,18285211000001104,06613020,1,Prednisolone 5mg tablets (Strides Pharma UK Ltd),Prednisolone,5mg,Tablet,Oral,01050200/03020000/05011000/05040800/06030200/08020200/10010201,Corticosteroids In Chronic Bowel Problems/Corticosteroids (For Respiratory Conditions)/Antileprotic Drugs/Drugs For Pneumocystis Pneumonia/Glucocorticoid Therapy/Corticosteroids And Other Immunosuppressants/Systemic Corticosteroids (In Musculoskeletal And Joint Conditions),July 2014
2857,385411000001102,51492020,279203,Scheriproct suppositories (Karo Pharma UK Ltd),Cinchocaine hydrochloride/Prednisolone hexanoate,1mg + 1.3mg,Suppository,Rectal,01070200,Compound Haemorrhoid Products With Corticosteroids,February 2009
35040,3231811000001107,92111020,17074,Depo-Medrone 120mg/3ml suspension for injection vials (Pfizer Ltd),Methylprednisolone acetate,40mg/1ml,Suspension for injection,Intramuscular/Intraarticular/Periarticular/Intralesional/Intrabursal,06030200/10010202,Glucocorticoid Therapy/Local Corticosteroid Injections,February 2009
11334,109235001000027100,62328020,97,Dexamethasone sodium phosphate iv 4mg/ml injection,Dexamethasone Sodium Phosphate,4mg/ml,IV Injection,,06030200/10010202,Glucocorticoid Therapy/Local Corticosteroid Injections,February 2009
27962,47605001000027104,54004020,106,Deltastab 1mg Tablet (Waymade Healthcare Plc),Prednisolone,1mg,Tablet,Oral,06030200,Glucocorticoid Therapy,February 2009
80050,33428411000001104,70523021,0,Prednisolone 1mg gastro-resistant tablets (Alliance Healthcare (Distribution) Ltd),Prednisolone,1mg,Gastro-resistant tablet,Oral,01050200/03020000/05011000/05040800/06030200/08020200/10010201,Corticosteroids In Chronic Bowel Problems/Corticosteroids (For Respiratory Conditions)/Antileprotic Drugs/Drugs For Pneumocystis Pneumonia/Glucocorticoid Therapy/Corticosteroids And Other Immunosuppressants/Systemic Corticosteroids (In Musculoskeletal And Joint Conditions),March 2020
1044,564411000001103,51285020,510242,Proctosedyl suppositories (Sanofi Consumer Healthcare),Cinchocaine hydrochloride/Hydrocortisone,5mg + 5mg,Suppository,Rectal,01070200,Compound Haemorrhoid Products With Corticosteroids,February 2009
63082,28808711000001108,46605021,26656,Prednisolone 20mg tablets,Prednisolone,20mg,Tablet,Oral,01050200/03020000/05011000/05040800/06030200/08020200/10010201,Corticosteroids In Chronic Bowel Problems/Corticosteroids (For Respiratory Conditions)/Antileprotic Drugs/Drugs For Pneumocystis Pneumonia/Glucocorticoid Therapy/Corticosteroids And Other Immunosuppressants/Systemic Corticosteroids (In Musculoskeletal And Joint Conditions),May 2015
22047,865511000001102,91324020,3927,Kenalog Intramuscular 80mg/2ml suspension for injection pre-filled syringes (Bristol-Myers Squibb Pharmaceuticals Ltd),Triamcinolone acetonide,40mg/1ml,Suspension for injection,Intramuscular,00000000,Unknown,February 2009
9026,16845001000027104,50154020,24860,Lederspan 20mg/ml Injection (Wyeth Pharmaceuticals),Triamcinolone Hexacetonide/Benzyl Alcohol,20mg/ml,Injection,Intra-Articular Injection,10010202,Local Corticosteroid Injections,February 2009
34393,18307211000001104,54227020,482,Prednisolone 5mg gastro-resistant tablets (Teva UK Ltd),Prednisolone,5mg,Gastro-resistant tablet,Oral,01050200/03020000/05011000/05040800/06030200/08020200/10010201,Corticosteroids In Chronic Bowel Problems/Corticosteroids (For Respiratory Conditions)/Antileprotic Drugs/Drugs For Pneumocystis Pneumonia/Glucocorticoid Therapy/Corticosteroids And Other Immunosuppressants/Systemic Corticosteroids (In Musculoskeletal And Joint Conditions),February 2009
58987,17916811000001104,06627020,0,Prednisolone 5mg gastro-resistant tablets (Phoenix Healthcare Distribution Ltd),Prednisolone,5mg,Gastro-resistant tablet,Oral,01050200/03020000/05011000/05040800/06030200/08020200/10010201,Corticosteroids In Chronic Bowel Problems/Corticosteroids (For Respiratory Conditions)/Antileprotic Drugs/Drugs For Pneumocystis Pneumonia/Glucocorticoid Therapy/Corticosteroids And Other Immunosuppressants/Systemic Corticosteroids (In Musculoskeletal And Joint Conditions),March 2014
86311,33423211000001104,70372021,0,Hydrocortisone 10mg tablets (Advanz Pharma),Hydrocortisone,10mg,Tablet,Oral,06030200,Glucocorticoid Therapy,July 2022
25226,4392411000001100,72920020,96,Solu-Medrone 125mg powder and solvent for solution for injection vials (Pfizer Ltd),Methylprednisolone sodium succinate,125mg,Powder and solvent for solution for injection,Intramuscular/Intravenous,06030200/10010202,Glucocorticoid Therapy/Local Corticosteroid Injections,February 2009
34166,52025001000027104,54511020,36,Efcortelan soluble 50mg/ml Injection (Glaxo Laboratories Ltd),Hydrocortisone Sodium Succinate,50mg/ml,Injection,,06030100/06030200,Replacement Corticosteroids For Endocrine Conditions/Glucocorticoid Therapy,February 2009
74497,12563611000001104,32220020,2,Hydrocortisone 7.5mg/5ml oral suspension,Hydrocortisone,1.5mg/1ml,Oral suspension,Oral,06030200,Glucocorticoid Therapy,January 2019
75241,173935001000027100,71332020,0,Topical corticosteroid preperation cream,Allantoin/Chloramphenicol/Hydrocortisone Acetate/Sulphur/Butoxyethyl Nicotinate,,Cream,,13060104,Other Topical Preparations For Acne,March 2019
2704,325450008,66162020,230232,Prednisolone 25mg tablets,Prednisolone,25mg,Tablet,Oral,01050200/03020000/06030200/08020200/10010201,Corticosteroids In Chronic Bowel Problems/Corticosteroids (For Respiratory Conditions)/Glucocorticoid Therapy/Corticosteroids And Other Immunosuppressants/Systemic Corticosteroids (In Musculoskeletal And Joint Conditions),February 2009
72537,11716411000001108,29805020,3,Dexamethasone 4mg/5ml oral solution,Dexamethasone,800microgram/1ml,Oral solution,Oral,03020000/04065300/06030200,Corticosteroids (For Respiratory Conditions)/Products Used Against Nausea And Vertigo - Cytotoxic Chemotherapy/Glucocorticoid Therapy,July 2018
16582,243245001000027100,91308020,12176,Triamcinolone acetonide 40mg/ml suspension for injection,Triamcinolone Acetonide,40mg/ml,Injection Suspension,Tendon Sheath Injection,06030200/10010202,Glucocorticoid Therapy/Local Corticosteroid Injections,February 2009
13981,365001000027106,48035020,761,Adcortyl 10mg/ml Intradermal injection (E R Squibb and Sons Ltd),Triamcinolone Acetonide,10mg/ml,Intradermal Injection,Intradermal Injection,10010202,Local Corticosteroid Injections,February 2009
26300,109265001000027100,62332020,24,Dexamethasone 20mg/ml shock pack,Dexamethasone Sodium Phosphate,20mg/ml,Shock Treatment Pack,,06030200,Glucocorticoid Therapy,February 2009
31948,104285001000027100,61648020,42,Dexamethasone 4mg/ml Injection (Mayne Pharma Plc 1),Dexamethasone Sodium Phosphate,4mg/ml,Injection,Subcutaneous Injection,06030200/10010202,Glucocorticoid Therapy/Local Corticosteroid Injections,February 2009
49076,16157411000001108,06590020,206,Depo-Medrone with Lidocaine suspension for injection 1ml vials (Lexon (UK) Ltd),Methylprednisolone acetate/Lidocaine hydrochloride,40mg/1ml + 10mg/1ml,Suspension for injection,Intraarticular/Intrabursal/Periarticular,10010202,Local Corticosteroid Injections,January 2013
16815,199635001000027100,76038020,1484,Triamcinolone hexacetonide 20mg/ml Injection,Triamcinolone Hexacetonide/Benzyl Alcohol,20mg/ml,Injection,,10010202,Local Corticosteroid Injections,February 2009
71905,30393911000001100,54001021,3,Hydrocortisone sodium phosphate 100mg/1ml solution for injection ampoules (Advanz Pharma),Hydrocortisone sodium phosphate,100mg/1ml,Solution for injection,Intralesional/Intravenous/Intramuscular,06030200,Glucocorticoid Therapy,April 2018
64128,28799011000001104,44907021,88,Pevanti 5mg tablets (Advanz Pharma),Prednisolone,5mg,Tablet,Oral,01050200/03020000/05011000/05040800/06030200/08020200/10010201,Corticosteroids In Chronic Bowel Problems/Corticosteroids (For Respiratory Conditions)/Antileprotic Drugs/Drugs For Pneumocystis Pneumonia/Glucocorticoid Therapy/Corticosteroids And Other Immunosuppressants/Systemic Corticosteroids (In Musculoskeletal And Joint Conditions),August 2015
78546,164505001000027100,70052020,1,Prednisolone rectal ointment,Prednisolone,,,,01050200,Corticosteroids In Chronic Bowel Problems,November 2019
61052,39722211000001104,00610020,4,Prednisolone 20mg/100ml enema long tube,Prednisolone,200microgram/1ml,Enema,Rectal,00000000,Unknown,September 2014
60516,8794211000001105,20887020,48,Fludrocortisone 50microgram capsules,Fludrocortisone acetate,50microgram,Capsule,Oral,06030100,Replacement Corticosteroids For Endocrine Conditions,July 2014
31532,662011000001105,54231020,1492,Prednisolone 5mg gastro-resistant tablets (A A H Pharmaceuticals Ltd),Prednisolone,5mg,Gastro-resistant tablet,Oral,01050200/03020000/05011000/05040800/06030200/08020200/10010201,Corticosteroids In Chronic Bowel Problems/Corticosteroids (For Respiratory Conditions)/Antileprotic Drugs/Drugs For Pneumocystis Pneumonia/Glucocorticoid Therapy/Corticosteroids And Other Immunosuppressants/Systemic Corticosteroids (In Musculoskeletal And Joint Conditions),February 2009
3992,42035211000001104,83654020,14140,Deflazacort 6mg tablets,Deflazacort,6mg,Tablet,Oral,06030200,Glucocorticoid Therapy,February 2009
1907,363511000001104,69640020,72593,Predfoam 20mg/application enema (Chemidex Pharma Ltd),Prednisolone sodium metasulfobenzoate,20mg/1application,Rectal foam,Rectal,01050200,Corticosteroids In Chronic Bowel Problems,February 2009
79684,34743411000001104,78409021,1,Glensoludex 4mg soluble tablets (Glenmark Pharmaceuticals Europe Ltd),Dexamethasone sodium phosphate,4mg,Soluble tablet,Oral,06030200/64090000,Glucocorticoid Therapy/Diagnostic Test Of Adrenocortical Insufficiency,January 2020
38109,27015001000027108,51379020,1,Hydrocortisone 25mg Suppository (Celltech Pharma Europe Ltd),Hydrocortisone Acetate/Massupol 15,25mg,Suppository,Rectal,01070200,Compound Haemorrhoid Products With Corticosteroids,February 2009
9574,116915001000027100,63392020,1250,Hydrocortisone na phosphate 100mg/ml Injection,Hydrocortisone Sodium Phosphate,100mg/ml,Injection,,06030100/06030200,Replacement Corticosteroids For Endocrine Conditions/Glucocorticoid Therapy,February 2009
73294,13079111000001104,33905020,2,Prednisolone 2.5mg/5ml oral solution,Prednisolone,500microgram/1ml,Oral solution,Oral,01050200/03020000/05011000/05040800/06030200/08020200/10010201/10020100,Corticosteroids In Chronic Bowel Problems/Corticosteroids (For Respiratory Conditions)/Antileprotic Drugs/Drugs For Pneumocystis Pneumonia/Glucocorticoid Therapy/Corticosteroids And Other Immunosuppressants/Systemic Corticosteroids (In Musculoskeletal And Joint Conditions)/Drugs Which Enhance Neuromuscular Transmission,October 2018
34978,844111000001103,51718020,38,Prednisolone 1mg tablets (Wockhardt UK Ltd),Prednisolone,1mg,Tablet,Oral,01050200/03020000/05011000/05040800/06030200/08020200/10010201,Corticosteroids In Chronic Bowel Problems/Corticosteroids (For Respiratory Conditions)/Antileprotic Drugs/Drugs For Pneumocystis Pneumonia/Glucocorticoid Therapy/Corticosteroids And Other Immunosuppressants/Systemic Corticosteroids (In Musculoskeletal And Joint Conditions),February 2009
2368,137755001000027100,66161020,47060,Prednisolone 2.5mg tablet,Prednisolone,2.5mg,Tablets,Oral,06030200,Glucocorticoid Therapy,February 2009
76671,35697611000001104,82222021,71,Alkindi 5mg granules in capsules for opening (Diurnal Ltd),Hydrocortisone,5mg,Granules,Oral,06030200,Glucocorticoid Therapy,July 2019
64630,24098311000001108,23172021,2,Anusol HC suppositories (Waymade Healthcare Plc),Bismuth oxide/Zinc oxide/Peru Balsam/Hydrocortisone acetate/Bismuth subgallate/Benzyl benzoate,24mg + 296mg + 49mg + 10mg + 59mg + 33mg,Suppository,Rectal,01070200,Compound Haemorrhoid Products With Corticosteroids,November 2015
12398,6215001000027101,48785020,280,Cortelan 25mg Tablet (Glaxo Laboratories Ltd),Cortisone acetate,25mg,Tablet,Oral,06030100/06030200,Replacement Corticosteroids For Endocrine Conditions/Glucocorticoid Therapy,February 2009
85362,38134211000001104,91834021,0,Fludrocortisone 100microgram tablets (DE Pharmaceuticals),Fludrocortisone acetate,100microgram,Tablet,Oral,06030100,Replacement Corticosteroids For Endocrine Conditions,December 2021
66645,29361211000001104,49060021,5,Prednisolone 5mg/5ml oral solution unit dose (Logixx Pharma Solutions Ltd),Prednisolone,1mg/1ml,Oral solution,Oral,03020000/06030200/10010201,Corticosteroids (For Respiratory Conditions)/Glucocorticoid Therapy/Systemic Corticosteroids (In Musculoskeletal And Joint Conditions),July 2016
76801,35574611000001108,81390021,1,Fludrocortisone 150microgram capsules,Fludrocortisone acetate,150microgram,Capsule,Oral,06030100,Replacement Corticosteroids For Endocrine Conditions,July 2019
42408,9407011000001104,93317020,19,Prednisolone 40mg/100ml enema,Prednisolone sodium phosphate,400microgram/1ml,Enema,Rectal,01050200,Corticosteroids In Chronic Bowel Problems,May 2010
578,325426006,59233020,2369512,Prednisolone 1mg tablets,Prednisolone,1mg,Tablet,Oral,01050200/03020000/05011000/05040800/06030200/08020200/10010201,Corticosteroids In Chronic Bowel Problems/Corticosteroids (For Respiratory Conditions)/Antileprotic Drugs/Drugs For Pneumocystis Pneumonia/Glucocorticoid Therapy/Corticosteroids And Other Immunosuppressants/Systemic Corticosteroids (In Musculoskeletal And Joint Conditions),February 2009
1133,65615001000027104,56264020,216704,Depo-medrone 40mg/ml Injection (Pharmacia Ltd),Methylprednisolone Acetate,40mg/ml,Injection,Periarticular Injection,06030200/10010202,Glucocorticoid Therapy/Local Corticosteroid Injections,February 2009
52472,8516111000001108,19929020,45,Fludrocortisone 50micrograms/5ml oral suspension,Fludrocortisone acetate,10microgram/1ml,Oral suspension,Oral,06030100,Replacement Corticosteroids For Endocrine Conditions,January 2013
61958,27957911000001104,40591021,670,Dexamethasone (base) 3.8mg/1ml solution for injection vials,Dexamethasone sodium phosphate,3.8mg/1ml,Solution for injection,Intrabursal/Intraarticular/Intravenous/Intramuscular/Rectal/Subcutaneous,06030200/10010202,Glucocorticoid Therapy/Local Corticosteroid Injections,January 2015
78214,11716311000001100,29803020,1,Dexamethasone 3mg/5ml oral suspension,Dexamethasone,600microgram/1ml,Oral suspension,Oral,03020000/04065300/06030200,Corticosteroids (For Respiratory Conditions)/Products Used Against Nausea And Vertigo - Cytotoxic Chemotherapy/Glucocorticoid Therapy,October 2019
10574,104135001000027100,61623020,1972,Cortisone acetate 5mg tablets,Cortisone Acetate,5mg,Tablets,Oral,06030100/06030200,Replacement Corticosteroids For Endocrine Conditions/Glucocorticoid Therapy,February 2009
77483,23590911000001104,20227021,9,Dexamethasone 2mg/5ml oral solution sugar free (Waymade Healthcare Plc),Dexamethasone sodium phosphate,400microgram/1ml,Oral solution,Oral,03020000/04065300/06030200,Corticosteroids (For Respiratory Conditions)/Products Used Against Nausea And Vertigo - Cytotoxic Chemotherapy/Glucocorticoid Therapy,August 2019
81168,32584711000001104,67857021,0,Prednisolone 1mg gastro-resistant tablets (Phoenix Labs Ltd),Prednisolone,1mg,Gastro-resistant tablet,Oral,01050200/03020000/05011000/05040800/06030200/08020200/10010201,Corticosteroids In Chronic Bowel Problems/Corticosteroids (For Respiratory Conditions)/Antileprotic Drugs/Drugs For Pneumocystis Pneumonia/Glucocorticoid Therapy/Corticosteroids And Other Immunosuppressants/Systemic Corticosteroids (In Musculoskeletal And Joint Conditions),July 2020
66867,24566011000001104,26696021,50,Triamcinolone hexacetonide 20mg/1ml suspension for injection ampoules,Triamcinolone hexacetonide,20mg/1ml,Suspension for injection,Intraarticular/Periarticular,10010202,Local Corticosteroid Injections,July 2016
66914,32611811000001104,67856021,9452,Prednisolone 1mg gastro-resistant tablets,Prednisolone,1mg,Gastro-resistant tablet,Oral,01050200/03020000/05011000/05040800/06030200/08020200/10010201,Corticosteroids In Chronic Bowel Problems/Corticosteroids (For Respiratory Conditions)/Antileprotic Drugs/Drugs For Pneumocystis Pneumonia/Glucocorticoid Therapy/Corticosteroids And Other Immunosuppressants/Systemic Corticosteroids (In Musculoskeletal And Joint Conditions),July 2016
7405,470611000001109,92071020,211021,Depo-Medrone with Lidocaine suspension for injection 1ml vials (Pfizer Ltd),Methylprednisolone acetate/Lidocaine hydrochloride,40mg/1ml + 10mg/1ml,Suspension for injection,Intraarticular/Intrabursal/Periarticular,10010202,Local Corticosteroid Injections,February 2009
68593,8452511000001102,19691020,4,Dexamethasone 5mg/5ml oral suspension,Dexamethasone,1mg/1ml,Oral suspension,Oral,03020000/04065300/06030200,Corticosteroids (For Respiratory Conditions)/Products Used Against Nausea And Vertigo - Cytotoxic Chemotherapy/Glucocorticoid Therapy,January 2017
66015,31386211000001108,61162021,16,Prednisolone Dompe 5mg/5ml oral solution unit dose (Logixx Pharma Solutions Ltd),Prednisolone,1mg/1ml,Oral solution,Oral,03020000/06030200/10010201,Corticosteroids (For Respiratory Conditions)/Glucocorticoid Therapy/Systemic Corticosteroids (In Musculoskeletal And Joint Conditions),April 2016
64009,28799611000001108,46606021,72,Pevanti 20mg tablets (Advanz Pharma),Prednisolone,20mg,Tablet,Oral,01050200/03020000/05011000/05040800/06030200/08020200/10010201,Corticosteroids In Chronic Bowel Problems/Corticosteroids (For Respiratory Conditions)/Antileprotic Drugs/Drugs For Pneumocystis Pneumonia/Glucocorticoid Therapy/Corticosteroids And Other Immunosuppressants/Systemic Corticosteroids (In Musculoskeletal And Joint Conditions),August 2015
1992,2948111000001101,58788020,239773,Anusol HC suppositories (Church & Dwight UK Ltd),Bismuth oxide/Zinc oxide/Peru Balsam/Hydrocortisone acetate/Bismuth subgallate/Benzyl benzoate,24mg + 296mg + 49mg + 10mg + 59mg + 33mg,Suppository,Rectal,01070200,Compound Haemorrhoid Products With Corticosteroids,February 2009
78772,12030911000001104,30537020,1,Fludrocortisone 750micrograms/5ml oral suspension,Fludrocortisone acetate,150microgram/1ml,Oral suspension,Oral,06030100,Replacement Corticosteroids For Endocrine Conditions,November 2019
82678,11714511000001100,29767020,1,Dexamethasone 1.25mg/5ml oral solution,Dexamethasone,250microgram/1ml,Oral solution,Oral,03020000/04065300/06030200,Corticosteroids (For Respiratory Conditions)/Products Used Against Nausea And Vertigo - Cytotoxic Chemotherapy/Glucocorticoid Therapy,January 2021
66724,24580511000001100,26700021,1,Dexamethasone 10mg capsules,Dexamethasone,10mg,Capsule,Oral,03020000/04065300/06030200,Corticosteroids (For Respiratory Conditions)/Products Used Against Nausea And Vertigo - Cytotoxic Chemotherapy/Glucocorticoid Therapy,July 2016
34083,100755001000027100,61132020,41,Dexamethasone 5mg/ml Injection (Organon Laboratories Ltd),Dexamethasone Sodium Phosphate,5mg/ml,Injection,Subcutaneous Injection,06030200/10010202,Glucocorticoid Therapy/Local Corticosteroid Injections,February 2009
14982,623611000001104,92107020,208951,Depo-Medrone 40mg/1ml suspension for injection vials (Pfizer Ltd),Methylprednisolone acetate,40mg/1ml,Suspension for injection,Intraarticular/Periarticular/Intrabursal/Intramuscular/Intralesional,06030200/10010202,Glucocorticoid Therapy/Local Corticosteroid Injections,February 2009
65020,13079511000001100,33913020,1,Prednisolone 25mg/5ml oral solution,Prednisolone,5mg/1ml,Oral solution,Oral,01050200/03020000/05011000/05040800/06030200/08020200/10010201/10020100,Corticosteroids In Chronic Bowel Problems/Corticosteroids (For Respiratory Conditions)/Antileprotic Drugs/Drugs For Pneumocystis Pneumonia/Glucocorticoid Therapy/Corticosteroids And Other Immunosuppressants/Systemic Corticosteroids (In Musculoskeletal And Joint Conditions)/Drugs Which Enhance Neuromuscular Transmission,December 2015
68860,32401311000001100,65922021,1,Dexamethasone 8mg soluble tablets sugar free (A A H Pharmaceuticals Ltd),Dexamethasone sodium phosphate,8mg,Soluble tablet,Oral,06030200/64090000,Glucocorticoid Therapy/Diagnostic Test Of Adrenocortical Insufficiency,February 2017
34452,649711000001109,50408020,411,Prednisolone 1mg tablets (A A H Pharmaceuticals Ltd),Prednisolone,1mg,Tablet,Oral,01050200/03020000/05011000/05040800/06030200/08020200/10010201,Corticosteroids In Chronic Bowel Problems/Corticosteroids (For Respiratory Conditions)/Antileprotic Drugs/Drugs For Pneumocystis Pneumonia/Glucocorticoid Therapy/Corticosteroids And Other Immunosuppressants/Systemic Corticosteroids (In Musculoskeletal And Joint Conditions),February 2009
19259,4052811000001109,89889020,1052,Dexamethasone 8mg/2ml solution for injection vials,Dexamethasone sodium phosphate,4mg/1ml,Solution for injection,Rectal/Intramuscular/Subcutaneous/Intrabursal/Intravenous/Intraarticular,06030200,Glucocorticoid Therapy,February 2009
18637,6255001000027106,48789020,700,Cortistab 25mg Tablet (Waymade Healthcare Plc),Cortisone acetate,25mg,Tablet,Oral,06030100/06030200,Replacement Corticosteroids For Endocrine Conditions/Glucocorticoid Therapy,February 2009
50854,4563011000001104,10289020,1,Lederspan 100mg/5ml suspension for injection vials (Wyeth Pharmaceuticals),Triamcinolone hexacetonide,20mg/1ml,Suspension for injection,Intraarticular,00000000,Unknown,January 2013
72421,33425811000001104,70522021,0,Prednisolone 1mg gastro-resistant tablets (A A H Pharmaceuticals Ltd),Prednisolone,1mg,Gastro-resistant tablet,Oral,01050200/03020000/05011000/05040800/06030200/08020200/10010201,Corticosteroids In Chronic Bowel Problems/Corticosteroids (For Respiratory Conditions)/Antileprotic Drugs/Drugs For Pneumocystis Pneumonia/Glucocorticoid Therapy/Corticosteroids And Other Immunosuppressants/Systemic Corticosteroids (In Musculoskeletal And Joint Conditions),June 2018
64988,8515511000001106,19917020,4,Fludrocortisone 150micrograms/5ml oral suspension,Fludrocortisone acetate,30microgram/1ml,Oral suspension,Oral,06030100,Replacement Corticosteroids For Endocrine Conditions,December 2015
7548,8792411000001102,87443020,193,Cortisone 5mg capsules,Cortisone acetate,5mg,Capsule,Oral,06030200,Glucocorticoid Therapy,February 2009
83928,19743211000001104,38570020,0,Prednisolone 5mg gastro-resistant tablets (Almus Pharmaceuticals Ltd),Prednisolone,5mg,Gastro-resistant tablet,Oral,01050200/03020000/05011000/05040800/06030200/08020200/10010201,Corticosteroids In Chronic Bowel Problems/Corticosteroids (For Respiratory Conditions)/Antileprotic Drugs/Drugs For Pneumocystis Pneumonia/Glucocorticoid Therapy/Corticosteroids And Other Immunosuppressants/Systemic Corticosteroids (In Musculoskeletal And Joint Conditions),June 2021
51872,15533611000001108,36388020,11,Hydrocortisone 2.5mg capsules,Hydrocortisone,2.5mg,Capsule,Oral,06030200,Glucocorticoid Therapy,January 2013
84237,30991311000001108,60293021,0,Prednisolone 25mg tablets (Accord-UK Ltd),Prednisolone,25mg,Tablet,Oral,01050200/03020000/06030200/08020200/10010201,Corticosteroids In Chronic Bowel Problems/Corticosteroids (For Respiratory Conditions)/Glucocorticoid Therapy/Corticosteroids And Other Immunosuppressants/Systemic Corticosteroids (In Musculoskeletal And Joint Conditions),July 2021
61689,245011000001108,06630020,10,Prednisolone 5mg soluble tablets (A A H Pharmaceuticals Ltd),Prednisolone sodium phosphate,5mg,Soluble tablet,Oral,01050200/03020000/05011000/05040800/06030200/08020200/10010201,Corticosteroids In Chronic Bowel Problems/Corticosteroids (For Respiratory Conditions)/Antileprotic Drugs/Drugs For Pneumocystis Pneumonia/Glucocorticoid Therapy/Corticosteroids And Other Immunosuppressants/Systemic Corticosteroids (In Musculoskeletal And Joint Conditions),November 2014
63791,29424511000001108,49059021,8001,Prednisolone 5mg/5ml oral solution unit dose,Prednisolone,1mg/1ml,Oral solution,Oral,03020000/06030200/10010201,Corticosteroids (For Respiratory Conditions)/Glucocorticoid Therapy/Systemic Corticosteroids (In Musculoskeletal And Joint Conditions),July 2015
22555,3850711000001101,83662020,451,Calcort 1mg tablets (Shire Pharmaceuticals Ltd),Deflazacort,1mg,Tablet,Oral,06030200,Glucocorticoid Therapy,February 2009
56443,11612111000001108,29397020,2,Dexamethasone 10mg/5ml oral solution,Dexamethasone,2mg/1ml,Oral solution,Oral,03020000/04065300/06030200,Corticosteroids (For Respiratory Conditions)/Products Used Against Nausea And Vertigo - Cytotoxic Chemotherapy/Glucocorticoid Therapy,August 2013
54793,11716111000001102,29799020,9,Dexamethasone 2mg/5ml oral suspension,Dexamethasone,400microgram/1ml,Oral suspension,Oral,03020000/04065300/06030200,Corticosteroids (For Respiratory Conditions)/Products Used Against Nausea And Vertigo - Cytotoxic Chemotherapy/Glucocorticoid Therapy,April 2013
2881,900711000001108,54531020,23548,Predsol 5mg suppositories (Focus Pharmaceuticals Ltd),Prednisolone sodium phosphate,5mg,Suppository,Rectal,01050200,Corticosteroids In Chronic Bowel Problems,February 2009
75020,35776011000001104,82219021,85,Hydrocortisone 500microgram granules in capsules for opening,Hydrocortisone,500microgram,Granules,Oral,06030200,Glucocorticoid Therapy,February 2019
48748,16157011000001104,06597020,163,Depo-Medrone 40mg/1ml suspension for injection vials (Lexon (UK) Ltd),Methylprednisolone acetate,40mg/1ml,Suspension for injection,Intraarticular/Periarticular/Intrabursal/Intramuscular/Intralesional,06030200/10010202,Glucocorticoid Therapy/Local Corticosteroid Injections,January 2013
1280,325356003,62322020,360980,Dexamethasone 2mg tablets,Dexamethasone,2mg,Tablet,Oral,06030200/64090000,Glucocorticoid Therapy/Diagnostic Test Of Adrenocortical Insufficiency,February 2009
4125,144915001000027100,67172020,1697,Triamcinolone acetonide 80mg/2ml intramuscular injection,Triamcinolone Acetonide,80mg/2ml,IM Injection,,06030200/10010202,Glucocorticoid Therapy/Local Corticosteroid Injections,February 2009
53207,251655001000027100,95127020,0,Dexamethasone tablets,Dexamethasone,,,,06030200,Glucocorticoid Therapy,January 2013
67107,17999611000001108,06628020,0,Prednisolone 5mg gastro-resistant tablets (Phoenix Labs Ltd),Prednisolone,5mg,Gastro-resistant tablet,Oral,01050200/03020000/05011000/05040800/06030200/08020200/10010201,Corticosteroids In Chronic Bowel Problems/Corticosteroids (For Respiratory Conditions)/Antileprotic Drugs/Drugs For Pneumocystis Pneumonia/Glucocorticoid Therapy/Corticosteroids And Other Immunosuppressants/Systemic Corticosteroids (In Musculoskeletal And Joint Conditions),August 2016
47142,299285001000027140,78430020,4,Prednisolone 5mg Soluble tablet (Amdipharm Plc),Prednisolone sodium phosphate,5mg,Soluble tablet,Oral,06030200,Glucocorticoid Therapy,May 2012
4123,15845001000027100,50024020,14677,Kenalog 40mg/ml Intraarticular injection (E R Squibb and Sons Ltd),Triamcinolone Acetonide,40mg/ml,Intraarticular Injection,Intra-Articular Injection,06030200/10010202,Glucocorticoid Therapy/Local Corticosteroid Injections,February 2009
75763,18945001000027104,50405020,12,Prednisolone 5mg Tablet (Celltech Pharma Europe Ltd),Prednisolone,5mg,Tablet,Oral,06030200,Glucocorticoid Therapy,April 2019
18765,4396911000001107,64578020,86,Methylprednisolone sodium succinate 40mg powder and solvent for solution for injection vials,Methylprednisolone sodium succinate,40mg,Powder and solvent for solution for injection,Intramuscular/Intravenous,06030200/10010202,Glucocorticoid Therapy/Local Corticosteroid Injections,February 2009
82880,35776111000001108,82221021,11,Hydrocortisone 5mg granules in capsules for opening,Hydrocortisone,5mg,Granules,Oral,06030200,Glucocorticoid Therapy,January 2021
74239,416533002,10956020,7,Prednisolone 15mg/5ml oral solution,Prednisolone,3mg/1ml,Oral solution,Oral,01050200/03020000/05011000/05040800/06030200/08020200/10010201/10020100,Corticosteroids In Chronic Bowel Problems/Corticosteroids (For Respiratory Conditions)/Antileprotic Drugs/Drugs For Pneumocystis Pneumonia/Glucocorticoid Therapy/Corticosteroids And Other Immunosuppressants/Systemic Corticosteroids (In Musculoskeletal And Joint Conditions)/Drugs Which Enhance Neuromuscular Transmission,January 2019
73553,52911000001107,06601020,0,Prednisolone 1mg tablets (Alliance Healthcare (Distribution) Ltd),Prednisolone,1mg,Tablet,Oral,01050200/03020000/05011000/05040800/06030200/08020200/10010201,Corticosteroids In Chronic Bowel Problems/Corticosteroids (For Respiratory Conditions)/Antileprotic Drugs/Drugs For Pneumocystis Pneumonia/Glucocorticoid Therapy/Corticosteroids And Other Immunosuppressants/Systemic Corticosteroids (In Musculoskeletal And Joint Conditions),October 2018
70893,34796811000001100,78467021,27,Dexamethasone 40mg tablets,Dexamethasone,40mg,Tablet,Oral,08020200,Corticosteroids And Other Immunosuppressants,December 2017
10684,325411009,64572020,1888,Methylprednisolone 2mg tablets,Methylprednisolone,2mg,Tablet,Oral,06030200,Glucocorticoid Therapy,February 2009
74157,8452211000001100,19685020,2,Dexamethasone 2.5mg/5ml oral suspension,Dexamethasone,500microgram/1ml,Oral suspension,Oral,03020000/04065300/06030200,Corticosteroids (For Respiratory Conditions)/Products Used Against Nausea And Vertigo - Cytotoxic Chemotherapy/Glucocorticoid Therapy,December 2018
11123,23135001000027100,50911020,1350,Triamcinolone acetonide 10mg/ml IA/ID,Triamcinolone Acetonide,10mg/ml,Intra-Articular / Intradermal Injection,,10010202,Local Corticosteroid Injections,February 2009
80523,28876811000001104,46548021,0,Dexamethasone 10mg/5ml oral solution sugar free (Advanz Pharma),Dexamethasone sodium phosphate,2mg/1ml,Oral solution,Oral,03020000/04065300/06030200,Corticosteroids (For Respiratory Conditions)/Products Used Against Nausea And Vertigo - Cytotoxic Chemotherapy/Glucocorticoid Therapy,April 2020
82743,13078411000001108,33897020,1,Prednisolone 1.5mg/5ml oral suspension,Prednisolone,300microgram/1ml,Oral suspension,Oral,01050200/03020000/05011000/05040800/06030200/08020200/10010201/10020100,Corticosteroids In Chronic Bowel Problems/Corticosteroids (For Respiratory Conditions)/Antileprotic Drugs/Drugs For Pneumocystis Pneumonia/Glucocorticoid Therapy/Corticosteroids And Other Immunosuppressants/Systemic Corticosteroids (In Musculoskeletal And Joint Conditions)/Drugs Which Enhance Neuromuscular Transmission,January 2021
34404,646211000001106,50399020,843,Prednisolone 1mg tablets (Accord-UK Ltd),Prednisolone,1mg,Tablet,Oral,01050200/03020000/05011000/05040800/06030200/08020200/10010201,Corticosteroids In Chronic Bowel Problems/Corticosteroids (For Respiratory Conditions)/Antileprotic Drugs/Drugs For Pneumocystis Pneumonia/Glucocorticoid Therapy/Corticosteroids And Other Immunosuppressants/Systemic Corticosteroids (In Musculoskeletal And Joint Conditions),February 2009
73858,8515611000001105,19919020,10,Fludrocortisone 200micrograms/5ml oral suspension,Fludrocortisone acetate,40microgram/1ml,Oral suspension,Oral,06030100,Replacement Corticosteroids For Endocrine Conditions,November 2018
9727,325445002,71490020,275,Prednisolone 50mg tablets,Prednisolone,50mg,Tablet,Oral,00000000,Unknown,February 2009
6170,495211000001105,52417020,41922,Anugesic-HC suppositories (Pfizer Ltd),Peru Balsam/Zinc oxide/Pramocaine hydrochloride/Benzyl benzoate/Bismuth oxide/Bismuth subgallate/Hydrocortisone acetate,49mg + 296mg + 27mg + 33mg + 24mg + 59mg + 5mg,Suppository,Rectal,01070200,Compound Haemorrhoid Products With Corticosteroids,February 2009
13350,73745001000027100,57435020,23,Hydrocortisone na succinate 500mg/vial Injection,Hydrocortisone Sodium Succinate,500mg/vial,Injection,,06030100/06030200,Replacement Corticosteroids For Endocrine Conditions/Glucocorticoid Therapy,February 2009
51753,18285011000001108,06607020,0,Prednisolone 1mg tablets (Strides Pharma UK Ltd),Prednisolone,1mg,Tablet,Oral,01050200/03020000/05011000/05040800/06030200/08020200/10010201,Corticosteroids In Chronic Bowel Problems/Corticosteroids (For Respiratory Conditions)/Antileprotic Drugs/Drugs For Pneumocystis Pneumonia/Glucocorticoid Therapy/Corticosteroids And Other Immunosuppressants/Systemic Corticosteroids (In Musculoskeletal And Joint Conditions),January 2013
83555,16568411000001108,00606020,1,Colifoam 10% aerosol (Waymade Healthcare Plc),Hydrocortisone acetate,100mg/1gram,Rectal foam,Rectal,01050200,Corticosteroids In Chronic Bowel Problems,April 2021
64416,29904211000001104,53121021,1792,Prednisolone 10mg/ml oral solution sugar free,Prednisolone,10mg/1ml,Oral solution,Oral,01050200/03020000/05011000/05040800/06030200/08020200/10010201/10020100,Corticosteroids In Chronic Bowel Problems/Corticosteroids (For Respiratory Conditions)/Antileprotic Drugs/Drugs For Pneumocystis Pneumonia/Glucocorticoid Therapy/Corticosteroids And Other Immunosuppressants/Systemic Corticosteroids (In Musculoskeletal And Joint Conditions)/Drugs Which Enhance Neuromuscular Transmission,October 2015
10552,325413007,64574020,805,Methylprednisolone 16mg tablets,Methylprednisolone,16mg,Tablet,Oral,06030200,Glucocorticoid Therapy,February 2009
34801,61165001000027104,55666020,2,Dexamethasone 0.5mg/5ml Oral solution (Rosemont Pharmaceuticals Ltd),Dexamethasone,100microgram/1ml,Oral solution,Oral,06030200,Glucocorticoid Therapy,February 2009
25839,4180211000001105,56347020,79,Solu-Medrone 1g powder and solvent for solution for injection vials (Pfizer Ltd),Methylprednisolone sodium succinate,1gram,Powder and solvent for solution for injection,Intravenous/Intramuscular,06030200/10010202,Glucocorticoid Therapy/Local Corticosteroid Injections,February 2009
6697,164735001000027100,70077020,719,Hydrocortisone with benzyl benzoate and soothing agents Suppository,Peru Balsam/Zinc Oxide/Benzyl Benzoate/Hydrocortisone Acetate/Pramocaine Hydrochloride/Bismuth Oxide/Bismuth Subgallate,,Suppository,Rectal,01070200,Compound Haemorrhoid Products With Corticosteroids,February 2009
41335,3756411000001107,97523020,542,Calcort 6mg tablets (Neon Healthcare Ltd),Deflazacort,6mg,Tablet,Oral,06030200,Glucocorticoid Therapy,February 2010
81822,28490511000001104,44777021,0,Triamcinolone hexacetonide 20mg/1ml suspension for injection ampoules (A A H Pharmaceuticals Ltd),Triamcinolone hexacetonide,20mg/1ml,Suspension for injection,Intraarticular/Periarticular,10010202,Local Corticosteroid Injections,September 2020
66524,32071911000001104,62213021,1549,Dexamethasone 4mg soluble tablets sugar free,Dexamethasone sodium phosphate,4mg,Soluble tablet,Oral,06030200/64090000,Glucocorticoid Therapy/Diagnostic Test Of Adrenocortical Insufficiency,June 2016
5493,125255001000027100,64586020,8527,Methylprednisolone acetate 40mg/ml Injection,Methylprednisolone Acetate,40mg/ml,Injection,Periarticular Injection,06030200/10010202,Glucocorticoid Therapy/Local Corticosteroid Injections,February 2009
43355,36057011000001104,92305020,59,Hydrocortisone sodium phosphate 500mg/5ml solution for injection ampoules,Hydrocortisone sodium phosphate,100mg/1ml,Solution for injection,Intramuscular/Intralesional/Intravenous,00000000,Unknown,September 2010
925,65635001000027104,56267020,249264,Depo-medrone with lidocaine 40mg/ml+10mg/ml Injection (Pharmacia Ltd),Lidocaine Hydrochloride/Methylprednisolone Acetate,40mg/ml+10mg/ml,Injection,Periarticular Injection,06030200/10010202,Glucocorticoid Therapy/Local Corticosteroid Injections,February 2009
5490,331111000001100,53820020,133257,Deltacortril 5mg gastro-resistant tablets (Phoenix Labs Ltd),Prednisolone,5mg,Gastro-resistant tablet,Oral,01050200/03020000/05011000/05040800/06030200/08020200/10010201,Corticosteroids In Chronic Bowel Problems/Corticosteroids (For Respiratory Conditions)/Antileprotic Drugs/Drugs For Pneumocystis Pneumonia/Glucocorticoid Therapy/Corticosteroids And Other Immunosuppressants/Systemic Corticosteroids (In Musculoskeletal And Joint Conditions),February 2009
75001,30114811000001104,53564021,0,Prednisolone 1mg tablets (DE Pharmaceuticals),Prednisolone,1mg,Tablet,Oral,01050200/03020000/05011000/05040800/06030200/08020200/10010201,Corticosteroids In Chronic Bowel Problems/Corticosteroids (For Respiratory Conditions)/Antileprotic Drugs/Drugs For Pneumocystis Pneumonia/Glucocorticoid Therapy/Corticosteroids And Other Immunosuppressants/Systemic Corticosteroids (In Musculoskeletal And Joint Conditions),February 2019
50853,4562611000001101,14131020,46,Lederspan 20mg/1ml suspension for injection vials (Wyeth Pharmaceuticals),Triamcinolone hexacetonide,20mg/1ml,Suspension for injection,Intraarticular,00000000,Unknown,January 2013
53143,3669611000001101,06565020,0,Cortisone 25mg tablets (A A H Pharmaceuticals Ltd),Cortisone acetate,25mg,Tablet,Oral,06030200,Glucocorticoid Therapy,January 2013
63549,28995411000001104,48498021,8,Prednisolone 1mg/ml oral solution (Logixx Pharma Solutions Ltd),Prednisolone,1mg/1ml,Oral solution,Oral,03020000/06030200/10010201,Corticosteroids (For Respiratory Conditions)/Glucocorticoid Therapy/Systemic Corticosteroids (In Musculoskeletal And Joint Conditions),July 2015
34109,174995001000027100,71489020,17830,Prednisolone 5 mg gastro-resistant tablet,Prednisolone,5mg,Enteric Coated Tablets,Oral,06030200,Glucocorticoid Therapy,February 2009
59418,21494611000001108,46192020,360,Plenadren 5mg modified-release tablets (Takeda UK Ltd),Hydrocortisone,5mg,Modified-release tablet,Oral,06030200,Glucocorticoid Therapy,April 2014
80110,32652311000001104,68379021,1,Dilacort 2.5mg gastro-resistant tablets (Crescent Pharma Ltd),Prednisolone,2.5mg,Gastro-resistant tablet,Oral,01050200/03020000/05011000/05040800/06030200/08020200/10010201,Corticosteroids In Chronic Bowel Problems/Corticosteroids (For Respiratory Conditions)/Antileprotic Drugs/Drugs For Pneumocystis Pneumonia/Glucocorticoid Therapy/Corticosteroids And Other Immunosuppressants/Systemic Corticosteroids (In Musculoskeletal And Joint Conditions),March 2020
18042,4052211000001108,56650020,277,Medrone 100mg tablets (Pfizer Ltd),Methylprednisolone,100mg,Tablet,Oral,06030200,Glucocorticoid Therapy,February 2009
69811,32774411000001108,69510021,0,Prednisolone 30mg tablets (Accord-UK Ltd),Prednisolone,30mg,Tablet,Oral,01050200/03020000/05011000/05040800/06030200/08020200/10010201,Corticosteroids In Chronic Bowel Problems/Corticosteroids (For Respiratory Conditions)/Antileprotic Drugs/Drugs For Pneumocystis Pneumonia/Glucocorticoid Therapy/Corticosteroids And Other Immunosuppressants/Systemic Corticosteroids (In Musculoskeletal And Joint Conditions),June 2017
37870,246905001000027100,92989020,149,Fludrocortisone Liquid,Fludrocortisone Acetate,,Liquid,Oral,06030100,Replacement Corticosteroids For Endocrine Conditions,February 2009
59283,22519711000001104,16433021,6,Dilacort 2.5mg gastro-resistant tablets (Auden McKenzie (Pharma Division) Ltd),Prednisolone,2.5mg,Gastro-resistant tablet,Oral,01050200/03020000/05011000/05040800/06030200/08020200/10010201,Corticosteroids In Chronic Bowel Problems/Corticosteroids (For Respiratory Conditions)/Antileprotic Drugs/Drugs For Pneumocystis Pneumonia/Glucocorticoid Therapy/Corticosteroids And Other Immunosuppressants/Systemic Corticosteroids (In Musculoskeletal And Joint Conditions),April 2014
33691,29795001000027104,51723020,194,Prednisolone 5mg Gastro-resistant tablet (Biorex Laboratories Ltd),Prednisolone,5mg,Gastro-resistant tablet,Oral,06030200,Glucocorticoid Therapy,February 2009
95,325427002,59234020,7487567,Prednisolone 5mg tablets,Prednisolone,5mg,Tablet,Oral,01050200/03020000/05011000/05040800/06030200/08020200/10010201,Corticosteroids In Chronic Bowel Problems/Corticosteroids (For Respiratory Conditions)/Antileprotic Drugs/Drugs For Pneumocystis Pneumonia/Glucocorticoid Therapy/Corticosteroids And Other Immunosuppressants/Systemic Corticosteroids (In Musculoskeletal And Joint Conditions),February 2009
56891,21851211000001108,47496020,0,Prednisolone 1mg tablets (Waymade Healthcare Plc),Prednisolone,1mg,Tablet,Oral,01050200/03020000/05011000/05040800/06030200/08020200/10010201,Corticosteroids In Chronic Bowel Problems/Corticosteroids (For Respiratory Conditions)/Antileprotic Drugs/Drugs For Pneumocystis Pneumonia/Glucocorticoid Therapy/Corticosteroids And Other Immunosuppressants/Systemic Corticosteroids (In Musculoskeletal And Joint Conditions),August 2013
53705,144835001000027100,67162020,0,Cortisone acetate 5mg Capsule (Martindale Pharmaceuticals Ltd),Cortisone acetate,5mg,Capsule,Oral,06030100/06030200,Replacement Corticosteroids For Endocrine Conditions/Glucocorticoid Therapy,February 2013
13043,706611000001109,58009020,2660,Hydrocortone 20mg tablets (Auden McKenzie (Pharma Division) Ltd),Hydrocortisone,20mg,Tablet,Oral,06030200,Glucocorticoid Therapy,February 2009
27413,777311000001106,92109020,62218,Depo-Medrone 80mg/2ml suspension for injection vials (Pfizer Ltd),Methylprednisolone acetate,40mg/1ml,Suspension for injection,Intraarticular/Periarticular/Intrabursal/Intramuscular/Intralesional,06030200/10010202,Glucocorticoid Therapy/Local Corticosteroid Injections,February 2009
52153,87345001000027100,59063020,16,Hydrocortisone acetate Powder (Biorex Laboratories Ltd),Hydrocortisone Acetate,,Powder,,50000000,Ingredients,January 2013
68182,15628711000001100,06573020,2,Dexamethasone 2mg tablets (Teva UK Ltd),Dexamethasone,2mg,Tablet,Oral,06030200/64090000,Glucocorticoid Therapy/Diagnostic Test Of Adrenocortical Insufficiency,November 2016
9368,56825001000027104,55104020,1172,Triamcinolone acetonide 10mg/ml IA/ID,Triamcinolone Acetonide,10mg/ml,Intra-Articular / Intradermal Injection,,10010202,Local Corticosteroid Injections,February 2009
15617,53565001000027104,54732020,1433,Ledercort 4mg Tablet (Wyeth Pharmaceuticals),Triamcinolone Acetonide,4mg,Tablet,Oral,06030200,Glucocorticoid Therapy,February 2009
86715,4047111000001102,13636020,0,Dexamethasone (base) 3.3mg/1ml solution for injection ampoules (A A H Pharmaceuticals Ltd),Dexamethasone sodium phosphate,3.3mg/1ml,Solution for injection,Subconjunctival/Subcutaneous/Intralesional/Intrabursal/Intraarticular/Intramuscular/Intravenous,06030200/10010202,Glucocorticoid Therapy/Local Corticosteroid Injections,September 2022
32835,940311000001100,51719020,58,Prednisolone 5mg tablets (Wockhardt UK Ltd),Prednisolone,5mg,Tablet,Oral,01050200/03020000/05011000/05040800/06030200/08020200/10010201,Corticosteroids In Chronic Bowel Problems/Corticosteroids (For Respiratory Conditions)/Antileprotic Drugs/Drugs For Pneumocystis Pneumonia/Glucocorticoid Therapy/Corticosteroids And Other Immunosuppressants/Systemic Corticosteroids (In Musculoskeletal And Joint Conditions),February 2009
67559,29559211000001100,52010021,1,Prednisolone 5mg/5ml oral solution unit dose (A A H Pharmaceuticals Ltd),Prednisolone,1mg/1ml,Oral solution,Oral,03020000/06030200/10010201,Corticosteroids (For Respiratory Conditions)/Glucocorticoid Therapy/Systemic Corticosteroids (In Musculoskeletal And Joint Conditions),September 2016
14172,325410005,56636020,10255,Methylprednisolone 100mg tablets,Methylprednisolone,100mg,Tablet,Oral,06030200,Glucocorticoid Therapy,February 2009
9324,191235001000027100,74240020,226,Lidocaine with hydrocortisone acetate 5% + 0.275% Suppository,Lidocaine/Hydrocortisone Acetate,5% + 0.275%,Suppository,Rectal,01070200,Compound Haemorrhoid Products With Corticosteroids,February 2009
10512,91605001000027100,59631020,359,Hydrocortisone 25mg Suppository,Hydrocortisone Acetate/Massupol 15,25mg,Suppository,Rectal,01070200,Compound Haemorrhoid Products With Corticosteroids,February 2009
86213,39998611000001104,99922021,13,Efmody 5mg modified-release capsules (Diurnal Ltd),Hydrocortisone,5mg,Modified-release capsule,Oral,06030200,Glucocorticoid Therapy,June 2022
10677,169385001000027100,70685020,19,Hydrocortisone retention enema,Hydrocortisone Acetate,,Enema,Rectal,01050200,Corticosteroids In Chronic Bowel Problems,February 2009
59912,22453011000001108,15685021,20,Prednisolone 5mg gastro-resistant tablets (Waymade Healthcare Plc),Prednisolone,5mg,Gastro-resistant tablet,Oral,01050200/03020000/05011000/05040800/06030200/08020200/10010201,Corticosteroids In Chronic Bowel Problems/Corticosteroids (For Respiratory Conditions)/Antileprotic Drugs/Drugs For Pneumocystis Pneumonia/Glucocorticoid Therapy/Corticosteroids And Other Immunosuppressants/Systemic Corticosteroids (In Musculoskeletal And Joint Conditions),May 2014
67507,32781411000001104,69509021,1873,Prednisolone 30mg tablets,Prednisolone,30mg,Tablet,Oral,01050200/03020000/05011000/05040800/06030200/08020200/10010201,Corticosteroids In Chronic Bowel Problems/Corticosteroids (For Respiratory Conditions)/Antileprotic Drugs/Drugs For Pneumocystis Pneumonia/Glucocorticoid Therapy/Corticosteroids And Other Immunosuppressants/Systemic Corticosteroids (In Musculoskeletal And Joint Conditions),September 2016
50253,18573011000001108,06592020,19,Depo-Medrone with Lidocaine suspension for injection 1ml vials (DE Pharmaceuticals),Methylprednisolone acetate/Lidocaine hydrochloride,40mg/1ml + 10mg/1ml,Suspension for injection,Intraarticular/Intrabursal/Periarticular,10010202,Local Corticosteroid Injections,January 2013
18005,210825001000027100,79549020,151,Hydrocortisone with benzyl benzoate and soothing agents Suppository,Peru Balsam/Zinc Oxide/Benzyl Benzoate/Hydrocortisone Acetate/Bismuth Oxide/Bismuth Subgallate,,Suppository,Rectal,01070200,Compound Haemorrhoid Products With Corticosteroids,February 2009
21218,3851611000001100,78819020,545,Dexsol 2mg/5ml oral solution (Rosemont Pharmaceuticals Ltd),Dexamethasone sodium phosphate,400microgram/1ml,Oral solution,Oral,03020000/04065300/06030200,Corticosteroids (For Respiratory Conditions)/Products Used Against Nausea And Vertigo - Cytotoxic Chemotherapy/Glucocorticoid Therapy,February 2009
64766,28881311000001104,46623021,32,Dexamethasone 20mg/5ml oral solution sugar free,Dexamethasone sodium phosphate,4mg/1ml,Oral solution,Oral,03020000/04065300/06030200,Corticosteroids (For Respiratory Conditions)/Products Used Against Nausea And Vertigo - Cytotoxic Chemotherapy/Glucocorticoid Therapy,November 2015
8864,355001000027102,48034020,31735,Adcortyl 10mg/ml Intraarticular / intradermal injection (E R Squibb and Sons Ltd),Triamcinolone Acetonide,10mg/ml,Intraarticular / Intradermal Injection,Intradermal Injection,10010202,Local Corticosteroid Injections,February 2009
4687,150805001000027100,67851020,8109,Methylprednisolone acetate with lidocaine 40mg/ml + 10mg/ml Injection,Lidocaine Hydrochloride/Methylprednisolone Acetate,40mg/ml + 10mg/ml,Injection,Periarticular Injection,06030200/10010202,Glucocorticoid Therapy/Local Corticosteroid Injections,February 2009
58474,21926211000001104,47495020,1,Dexamethasone 2mg/5ml oral solution sugar free (A A H Pharmaceuticals Ltd),Dexamethasone sodium phosphate,400microgram/1ml,Oral solution,Oral,03020000/04065300/06030200,Corticosteroids (For Respiratory Conditions)/Products Used Against Nausea And Vertigo - Cytotoxic Chemotherapy/Glucocorticoid Therapy,January 2014
53173,4044311000001109,72099020,1,Dexamethasone 4mg/1ml solution for injection ampoules (Aspen Pharma Trading Ltd),Dexamethasone sodium phosphate,4mg/1ml,Solution for injection,Rectal/Intramuscular/Intraarticular/Intrabursal/Intravenous/Subcutaneous,06030200/10010202,Glucocorticoid Therapy/Local Corticosteroid Injections,January 2013
85440,40103411000001104,99838021,42,Hydrocortisone 10mg modified-release capsules,Hydrocortisone,10mg,Modified-release capsule,Oral,06030200,Glucocorticoid Therapy,January 2022
23512,25625001000027108,51209020,811,Precortisyl 5mg Tablet (Hoechst Marion Roussel),Prednisolone,5mg,Tablet,Oral,06030200,Glucocorticoid Therapy,February 2009
69686,28799811000001108,44908021,6,Pevanti 25mg tablets (Advanz Pharma),Prednisolone,25mg,Tablet,Oral,01050200/03020000/06030200/08020200/10010201,Corticosteroids In Chronic Bowel Problems/Corticosteroids (For Respiratory Conditions)/Glucocorticoid Therapy/Corticosteroids And Other Immunosuppressants/Systemic Corticosteroids (In Musculoskeletal And Joint Conditions),June 2017
4779,325355004,62321020,127371,Dexamethasone 500microgram tablets,Dexamethasone,500microgram,Tablet,Oral,06030200/64090000,Glucocorticoid Therapy/Diagnostic Test Of Adrenocortical Insufficiency,February 2009
74436,8452311000001108,19687020,1,Dexamethasone 500micrograms/5ml oral suspension,Dexamethasone,100microgram/1ml,Oral suspension,Oral,03020000/04065300/06030200,Corticosteroids (For Respiratory Conditions)/Products Used Against Nausea And Vertigo - Cytotoxic Chemotherapy/Glucocorticoid Therapy,January 2019
84513,11714711000001104,29771020,2,Dexamethasone 1.5mg/5ml oral solution,Dexamethasone,300microgram/1ml,Oral solution,Oral,03020000/04065300/06030200,Corticosteroids (For Respiratory Conditions)/Products Used Against Nausea And Vertigo - Cytotoxic Chemotherapy/Glucocorticoid Therapy,September 2021
78789,30114611000001104,53568021,1,Prednisolone 5mg soluble tablets (DE Pharmaceuticals),Prednisolone sodium phosphate,5mg,Soluble tablet,Oral,01050200/03020000/05011000/05040800/06030200/08020200/10010201,Corticosteroids In Chronic Bowel Problems/Corticosteroids (For Respiratory Conditions)/Antileprotic Drugs/Drugs For Pneumocystis Pneumonia/Glucocorticoid Therapy/Corticosteroids And Other Immunosuppressants/Systemic Corticosteroids (In Musculoskeletal And Joint Conditions),November 2019
75937,35775711000001100,82217021,63,Hydrocortisone 2mg granules in capsules for opening,Hydrocortisone,2mg,Granules,Oral,06030200,Glucocorticoid Therapy,April 2019
52969,16515511000001100,00605020,2,Colifoam 10% aerosol (Mawdsley-Brooks & Company Ltd),Hydrocortisone acetate,100mg/1gram,Rectal foam,Rectal,01050200,Corticosteroids In Chronic Bowel Problems,January 2013
50734,17341211000001108,06591020,9,Depo-Medrone with Lidocaine suspension for injection 1ml vials (Mawdsley-Brooks & Company Ltd),Methylprednisolone acetate/Lidocaine hydrochloride,40mg/1ml + 10mg/1ml,Suspension for injection,Intraarticular/Intrabursal/Periarticular,10010202,Local Corticosteroid Injections,January 2013
55401,3286511000001105,06568020,1,Dexamethasone 500microgram tablets (A A H Pharmaceuticals Ltd),Dexamethasone,500microgram,Tablet,Oral,06030200/64090000,Glucocorticoid Therapy/Diagnostic Test Of Adrenocortical Insufficiency,May 2013
58369,14786811000001100,06612020,0,Prednisolone 5mg tablets (Boston Healthcare Ltd),Prednisolone,5mg,Tablet,Oral,01050200/03020000/05011000/05040800/06030200/08020200/10010201,Corticosteroids In Chronic Bowel Problems/Corticosteroids (For Respiratory Conditions)/Antileprotic Drugs/Drugs For Pneumocystis Pneumonia/Glucocorticoid Therapy/Corticosteroids And Other Immunosuppressants/Systemic Corticosteroids (In Musculoskeletal And Joint Conditions),December 2013
63172,28808411000001104,46601021,18728,Prednisolone 10mg tablets,Prednisolone,10mg,Tablet,Oral,01050200/03020000/05011000/05040800/06030200/08020200/10010201,Corticosteroids In Chronic Bowel Problems/Corticosteroids (For Respiratory Conditions)/Antileprotic Drugs/Drugs For Pneumocystis Pneumonia/Glucocorticoid Therapy/Corticosteroids And Other Immunosuppressants/Systemic Corticosteroids (In Musculoskeletal And Joint Conditions),May 2015
41745,4852811000001108,64355020,27,Prednisolone 25mg tablets (Zentiva Pharma UK Ltd),Prednisolone,25mg,Tablet,Oral,01050200/03020000/06030200/08020200/10010201,Corticosteroids In Chronic Bowel Problems/Corticosteroids (For Respiratory Conditions)/Glucocorticoid Therapy/Corticosteroids And Other Immunosuppressants/Systemic Corticosteroids (In Musculoskeletal And Joint Conditions),March 2010
3703,68295001000027104,56623020,13410,Kenalog 80mg/2ml Intramuscular injection (E R Squibb and Sons Ltd),Triamcinolone Acetonide,80mg/2ml,Intramuscular Injection,Intramuscular Deep Injection Gluteal Muscle,06030200/10010202,Glucocorticoid Therapy/Local Corticosteroid Injections,February 2009
81369,32808311000001100,69041021,1,Prednisolone 5mg tablets (Genesis Pharmaceuticals Ltd),Prednisolone,5mg,Tablet,Oral,01050200/03020000/05011000/05040800/06030200/08020200/10010201,Corticosteroids In Chronic Bowel Problems/Corticosteroids (For Respiratory Conditions)/Antileprotic Drugs/Drugs For Pneumocystis Pneumonia/Glucocorticoid Therapy/Corticosteroids And Other Immunosuppressants/Systemic Corticosteroids (In Musculoskeletal And Joint Conditions),August 2020
3913,317690002,72190020,28099,Prednisolone sodium phosphate 5mg suppositories,Prednisolone sodium phosphate,5mg,Suppository,Rectal,01050200,Corticosteroids In Chronic Bowel Problems,February 2009
62909,3290311000001101,06570020,4,Dexamethasone 2mg tablets (A A H Pharmaceuticals Ltd),Dexamethasone,2mg,Tablet,Oral,06030200/64090000,Glucocorticoid Therapy/Diagnostic Test Of Adrenocortical Insufficiency,April 2015
10657,109245001000027100,62329020,68,Dexamethasone sodium phosphate 4mg/ml intra-artic injection,Dexamethasone Sodium Phosphate,4mg/ml,Intra-Articular Injection,,06030200/10010202,Glucocorticoid Therapy/Local Corticosteroid Injections,February 2009
69964,317678004,41296020,47,Hydrocortisone 25mg suppositories,Hydrocortisone,25mg,Suppository,Rectal,01070200,Compound Haemorrhoid Products With Corticosteroids,July 2017
15175,3413611000001102,51212020,2490,Predenema 20mg/100ml standard tube (Forest Laboratories UK Ltd),Prednisolone sodium phosphate,200microgram/1ml,Enema,Rectal,01050200,Corticosteroids In Chronic Bowel Problems,February 2009
37638,4888811000001103,92309020,42,Efcortesol 500mg/5ml solution for injection ampoules (Advanz Pharma),Hydrocortisone sodium phosphate,100mg/1ml,Solution for injection,Intramuscular/Intralesional/Intravenous,06030200,Glucocorticoid Therapy,February 2009
35175,36056911000001104,92303020,10350,Hydrocortisone sodium phosphate 100mg/1ml solution for injection ampoules,Hydrocortisone sodium phosphate,100mg/1ml,Solution for injection,Intralesional/Intravenous/Intramuscular,06030200,Glucocorticoid Therapy,February 2009
1063,25675001000027104,51216020,58405,Prednesol 5mg Tablet (Sovereign Medical Ltd),Prednisolone sodium phosphate,5mg,Soluble tablet,Oral,06030200,Glucocorticoid Therapy,February 2009
68489,376688006,70674021,4567,Dexamethasone 4mg tablets,Dexamethasone,4mg,Tablet,Oral,06030200,Glucocorticoid Therapy,December 2016
64008,28798211000001104,46604021,105,Pevanti 2.5mg tablets (Advanz Pharma),Prednisolone,2.5mg,Tablet,Oral,01050200/03020000/05011000/05040800/06030200/08020200/10010201,Corticosteroids In Chronic Bowel Problems/Corticosteroids (For Respiratory Conditions)/Antileprotic Drugs/Drugs For Pneumocystis Pneumonia/Glucocorticoid Therapy/Corticosteroids And Other Immunosuppressants/Systemic Corticosteroids (In Musculoskeletal And Joint Conditions),August 2015
84302,32688311000001104,68800021,1,Prednisolone 5mg/5ml oral solution unit dose (Alliance Healthcare (Distribution) Ltd),Prednisolone,1mg/1ml,Oral solution,Oral,03020000/06030200/10010201,Corticosteroids (For Respiratory Conditions)/Glucocorticoid Therapy/Systemic Corticosteroids (In Musculoskeletal And Joint Conditions),August 2021
68166,12030411000001102,30529020,3,Fludrocortisone 20micrograms/5ml oral suspension,Fludrocortisone acetate,4microgram/1ml,Oral suspension,Oral,06030100,Replacement Corticosteroids For Endocrine Conditions,November 2016
15555,4051611000001104,64590020,2449,Medrone 4mg tablets (Pfizer Ltd),Methylprednisolone,4mg,Tablet,Oral,06030200,Glucocorticoid Therapy,February 2009
78839,33037911000001104,70319021,1,Deflazacort 22.75mg/1ml oral suspension,Deflazacort,22.75mg/1ml,Oral suspension,Oral,06030200,Glucocorticoid Therapy,November 2019
33131,35921911000001108,91316020,1771,Triamcinolone acetonide 80mg/2ml suspension for injection pre-filled syringes,Triamcinolone acetonide,40mg/1ml,Suspension for injection,Intramuscular,00000000,Unknown,February 2009
86891,15410611000001104,36233020,1,Fludrocortisone 30microgram capsules,Fludrocortisone acetate,30microgram,Capsule,Oral,06030100,Replacement Corticosteroids For Endocrine Conditions,October 2022
82367,18625211000001108,06614020,0,Prednisolone 5mg tablets (Phoenix Healthcare Distribution Ltd),Prednisolone,5mg,Tablet,Oral,01050200/03020000/05011000/05040800/06030200/08020200/10010201,Corticosteroids In Chronic Bowel Problems/Corticosteroids (For Respiratory Conditions)/Antileprotic Drugs/Drugs For Pneumocystis Pneumonia/Glucocorticoid Therapy/Corticosteroids And Other Immunosuppressants/Systemic Corticosteroids (In Musculoskeletal And Joint Conditions),January 2021
53313,13079411000001100,33911020,13,Prednisolone 20mg/5ml oral suspension,Prednisolone,4mg/1ml,Oral suspension,Oral,01050200/03020000/05011000/05040800/06030200/08020200/10010201/10020100,Corticosteroids In Chronic Bowel Problems/Corticosteroids (For Respiratory Conditions)/Antileprotic Drugs/Drugs For Pneumocystis Pneumonia/Glucocorticoid Therapy/Corticosteroids And Other Immunosuppressants/Systemic Corticosteroids (In Musculoskeletal And Joint Conditions)/Drugs Which Enhance Neuromuscular Transmission,January 2013
14076,201505001000027100,76613020,3039,Hydrocortisone 5mg/5ml Oral solution,Hydrocortisone,5mg/5ml,Oral Solution,Oral,06030100/06030200,Replacement Corticosteroids For Endocrine Conditions/Glucocorticoid Therapy,February 2009
34660,707911000001100,65523020,34,Prednisolone 1mg tablets (Kent Pharma (UK) Ltd),Prednisolone,1mg,Tablet,Oral,01050200/03020000/05011000/05040800/06030200/08020200/10010201,Corticosteroids In Chronic Bowel Problems/Corticosteroids (For Respiratory Conditions)/Antileprotic Drugs/Drugs For Pneumocystis Pneumonia/Glucocorticoid Therapy/Corticosteroids And Other Immunosuppressants/Systemic Corticosteroids (In Musculoskeletal And Joint Conditions),February 2009
66327,13661911000001108,75402020,1,Hydrocortisone 20mg tablets (Accord-UK Ltd),Hydrocortisone,20mg,Tablet,Oral,06030200,Glucocorticoid Therapy,June 2016
5529,3335211000001102,57083020,37425,Cinchocaine 5mg / Hydrocortisone 5mg suppositories,Cinchocaine hydrochloride/Hydrocortisone,5mg + 5mg,Suppository,Rectal,01070200,Compound Haemorrhoid Products With Corticosteroids,February 2009
75680,145015001000027100,67187020,2,Triamcinolone with neomycin and undecylenic acid Cream,Neomycin/Triamcinolone Acetonide,,Cream,,13040400/13100101,Potent Topical Corticosteroids/Antibacterial Preparations Only Used Topically,April 2019
21540,4179311000001102,56344020,77,Solu-Medrone 500mg powder and solvent for solution for injection vials (Pfizer Ltd),Methylprednisolone sodium succinate,500mg,Powder and solvent for solution for injection,Intramuscular/Intravenous,06030200/10010202,Glucocorticoid Therapy/Local Corticosteroid Injections,February 2009
4233,109225001000027100,62327020,2362,Dexamethasone sodium phosphate 4mg/ml injection,Dexamethasone Sodium Phosphate,4mg/ml,Injection,Subcutaneous Injection,06030200/10010202,Glucocorticoid Therapy/Local Corticosteroid Injections,February 2009
78307,19792911000001108,38989020,1,Martapan 2mg/5ml oral solution (Martindale Pharmaceuticals Ltd),Dexamethasone sodium phosphate,400microgram/1ml,Oral solution,Oral,00000000,Unknown,November 2019
77760,34172711000001104,75132021,17,Prednisolone 5mg soluble tablets (Phoenix Labs Ltd),Prednisolone sodium phosphate,5mg,Soluble tablet,Oral,01050200/03020000/05011000/05040800/06030200/08020200/10010201,Corticosteroids In Chronic Bowel Problems/Corticosteroids (For Respiratory Conditions)/Antileprotic Drugs/Drugs For Pneumocystis Pneumonia/Glucocorticoid Therapy/Corticosteroids And Other Immunosuppressants/Systemic Corticosteroids (In Musculoskeletal And Joint Conditions),August 2019
84738,90475001000027100,59484020,4,Prednisolone 2.5mg Gastro-resistant tablet (Lagap),Prednisolone,2.5mg,Gastro-resistant tablet,Oral,06030200,Glucocorticoid Therapy,October 2021
31327,137775001000027100,66166020,14,Prednisolone steaglate 6.65mg tablet,Prednisolone Steaglate,6.65mg,Tablets,Oral,01050200/06030200,Corticosteroids In Chronic Bowel Problems/Glucocorticoid Therapy,February 2009
74156,8452111000001106,19683020,3,Dexamethasone 2.5mg/5ml oral solution,Dexamethasone,500microgram/1ml,Oral solution,Oral,03020000/04065300/06030200,Corticosteroids (For Respiratory Conditions)/Products Used Against Nausea And Vertigo - Cytotoxic Chemotherapy/Glucocorticoid Therapy,December 2018
28215,9154711000001100,71642020,23,Dexamethasone 100mg/5ml solution for injection vials,Dexamethasone sodium phosphate,20mg/1ml,Solution for injection,Intravenous,06030200,Glucocorticoid Therapy,February 2009
3345,28475001000027104,51562020,305,Sintisone Tablet (Pharmacia Ltd),Prednisolone Steaglate,,Tablet,Oral,01050200/06030200,Corticosteroids In Chronic Bowel Problems/Glucocorticoid Therapy,February 2009
77729,36903811000001104,86779021,68,Fludrocortisone 50microgram tablets,Fludrocortisone acetate,50microgram,Tablet,Oral,06030100,Replacement Corticosteroids For Endocrine Conditions,August 2019
